Copyright 1986-2019 Xilinx, Inc. All Rights Reserved.
-----------------------------------------------------------------------------------------------------------------------------------------------------------------------------------------------------
| Tool Version : Vivado v.2019.1 (win64) Build 2552052 Fri May 24 14:49:42 MDT 2019
| Date         : Tue Jul  7 12:46:02 2026
| Host         : EL-NB-T219-JVO2 running 64-bit major release  (build 9200)
| Command      : report_timing_summary -max_paths 10 -file EEBenchCA7_timing_summary_routed.rpt -pb EEBenchCA7_timing_summary_routed.pb -rpx EEBenchCA7_timing_summary_routed.rpx -warn_on_violation
| Design       : EEBenchCA7
| Device       : 7a35t-cpg236
| Speed File   : -1  PRODUCTION 1.23 2018-06-13
-----------------------------------------------------------------------------------------------------------------------------------------------------------------------------------------------------

Timing Summary Report

------------------------------------------------------------------------------------------------
| Timer Settings
| --------------
------------------------------------------------------------------------------------------------

  Enable Multi Corner Analysis               :  Yes
  Enable Pessimism Removal                   :  Yes
  Pessimism Removal Resolution               :  Nearest Common Node
  Enable Input Delay Default Clock           :  No
  Enable Preset / Clear Arcs                 :  No
  Disable Flight Delays                      :  No
  Ignore I/O Paths                           :  No
  Timing Early Launch at Borrowing Latches   :  No
  Borrow Time for Max Delay Exceptions       :  Yes

  Corner  Analyze    Analyze    
  Name    Max Paths  Min Paths  
  ------  ---------  ---------  
  Slow    Yes        Yes        
  Fast    Yes        Yes        



check_timing report

Table of Contents
-----------------
1. checking no_clock
2. checking constant_clock
3. checking pulse_width_clock
4. checking unconstrained_internal_endpoints
5. checking no_input_delay
6. checking no_output_delay
7. checking multiple_clock
8. checking generated_clocks
9. checking loops
10. checking partial_input_delay
11. checking partial_output_delay
12. checking latch_loops

1. checking no_clock
--------------------
 There are 42 register/latch pins with no clock driven by root clock pin: BTN[0] (HIGH)

 There are 42 register/latch pins with no clock driven by root clock pin: my_dut/uart_unit/rx_mem_reg[14]/Q (HIGH)

 There are 2 register/latch pins with no clock driven by root clock pin: my_dut/uart_unit/rx_mem_reg[176]/Q (HIGH)

 There are 2 register/latch pins with no clock driven by root clock pin: my_dut/uart_unit/rx_mem_reg[177]/Q (HIGH)

 There are 2 register/latch pins with no clock driven by root clock pin: my_dut/uart_unit/rx_mem_reg[178]/Q (HIGH)

 There are 2 register/latch pins with no clock driven by root clock pin: my_dut/uart_unit/rx_mem_reg[179]/Q (HIGH)

 There are 2 register/latch pins with no clock driven by root clock pin: my_dut/uart_unit/rx_mem_reg[180]/Q (HIGH)

 There are 2 register/latch pins with no clock driven by root clock pin: my_dut/uart_unit/rx_mem_reg[181]/Q (HIGH)

 There are 2 register/latch pins with no clock driven by root clock pin: my_dut/uart_unit/rx_mem_reg[182]/Q (HIGH)

 There are 2 register/latch pins with no clock driven by root clock pin: my_dut/uart_unit/rx_mem_reg[183]/Q (HIGH)

 There are 2 register/latch pins with no clock driven by root clock pin: my_dut/uart_unit/rx_mem_reg[184]/Q (HIGH)

 There are 2 register/latch pins with no clock driven by root clock pin: my_dut/uart_unit/rx_mem_reg[185]/Q (HIGH)

 There are 2 register/latch pins with no clock driven by root clock pin: my_dut/uart_unit/rx_mem_reg[186]/Q (HIGH)

 There are 2 register/latch pins with no clock driven by root clock pin: my_dut/uart_unit/rx_mem_reg[187]/Q (HIGH)

 There are 2 register/latch pins with no clock driven by root clock pin: my_dut/uart_unit/rx_mem_reg[188]/Q (HIGH)

 There are 2 register/latch pins with no clock driven by root clock pin: my_dut/uart_unit/rx_mem_reg[189]/Q (HIGH)

 There are 2 register/latch pins with no clock driven by root clock pin: my_dut/uart_unit/rx_mem_reg[190]/Q (HIGH)

 There are 2 register/latch pins with no clock driven by root clock pin: my_dut/uart_unit/rx_mem_reg[191]/Q (HIGH)

 There is 1 register/latch pin with no clock driven by root clock pin: my_dut/uart_unit/rx_mem_reg[192]/Q (HIGH)

 There is 1 register/latch pin with no clock driven by root clock pin: my_dut/uart_unit/rx_mem_reg[193]/Q (HIGH)

 There is 1 register/latch pin with no clock driven by root clock pin: my_dut/uart_unit/rx_mem_reg[194]/Q (HIGH)

 There is 1 register/latch pin with no clock driven by root clock pin: my_dut/uart_unit/rx_mem_reg[195]/Q (HIGH)

 There is 1 register/latch pin with no clock driven by root clock pin: my_dut/uart_unit/rx_mem_reg[196]/Q (HIGH)

 There is 1 register/latch pin with no clock driven by root clock pin: my_dut/uart_unit/rx_mem_reg[197]/Q (HIGH)

 There is 1 register/latch pin with no clock driven by root clock pin: my_dut/uart_unit/rx_mem_reg[198]/Q (HIGH)

 There is 1 register/latch pin with no clock driven by root clock pin: my_dut/uart_unit/rx_mem_reg[199]/Q (HIGH)

 There is 1 register/latch pin with no clock driven by root clock pin: my_dut/uart_unit/rx_mem_reg[200]/Q (HIGH)

 There is 1 register/latch pin with no clock driven by root clock pin: my_dut/uart_unit/rx_mem_reg[201]/Q (HIGH)

 There is 1 register/latch pin with no clock driven by root clock pin: my_dut/uart_unit/rx_mem_reg[202]/Q (HIGH)

 There is 1 register/latch pin with no clock driven by root clock pin: my_dut/uart_unit/rx_mem_reg[203]/Q (HIGH)

 There is 1 register/latch pin with no clock driven by root clock pin: my_dut/uart_unit/rx_mem_reg[204]/Q (HIGH)

 There is 1 register/latch pin with no clock driven by root clock pin: my_dut/uart_unit/rx_mem_reg[205]/Q (HIGH)

 There is 1 register/latch pin with no clock driven by root clock pin: my_dut/uart_unit/rx_mem_reg[206]/Q (HIGH)

 There is 1 register/latch pin with no clock driven by root clock pin: my_dut/uart_unit/rx_mem_reg[207]/Q (HIGH)

 There is 1 register/latch pin with no clock driven by root clock pin: my_dut/uart_unit/rx_mem_reg[20]/Q (HIGH)

 There is 1 register/latch pin with no clock driven by root clock pin: my_dut/uart_unit/rx_mem_reg[24]/Q (HIGH)

 There is 1 register/latch pin with no clock driven by root clock pin: my_dut/uart_unit/rx_mem_reg[25]/Q (HIGH)

 There is 1 register/latch pin with no clock driven by root clock pin: my_dut/uart_unit/rx_mem_reg[26]/Q (HIGH)

 There is 1 register/latch pin with no clock driven by root clock pin: my_dut/uart_unit/rx_mem_reg[27]/Q (HIGH)

 There is 1 register/latch pin with no clock driven by root clock pin: my_dut/uart_unit/rx_mem_reg[28]/Q (HIGH)

 There is 1 register/latch pin with no clock driven by root clock pin: my_dut/uart_unit/rx_mem_reg[29]/Q (HIGH)

 There is 1 register/latch pin with no clock driven by root clock pin: my_dut/uart_unit/rx_mem_reg[30]/Q (HIGH)

 There is 1 register/latch pin with no clock driven by root clock pin: my_dut/uart_unit/rx_mem_reg[31]/Q (HIGH)

 There is 1 register/latch pin with no clock driven by root clock pin: my_dut/uart_unit/rx_mem_reg[32]/Q (HIGH)

 There is 1 register/latch pin with no clock driven by root clock pin: my_dut/uart_unit/rx_mem_reg[33]/Q (HIGH)

 There is 1 register/latch pin with no clock driven by root clock pin: my_dut/uart_unit/rx_mem_reg[34]/Q (HIGH)

 There is 1 register/latch pin with no clock driven by root clock pin: my_dut/uart_unit/rx_mem_reg[35]/Q (HIGH)

 There is 1 register/latch pin with no clock driven by root clock pin: my_dut/uart_unit/rx_mem_reg[36]/Q (HIGH)

 There is 1 register/latch pin with no clock driven by root clock pin: my_dut/uart_unit/rx_mem_reg[37]/Q (HIGH)

 There is 1 register/latch pin with no clock driven by root clock pin: my_dut/uart_unit/rx_mem_reg[38]/Q (HIGH)

 There is 1 register/latch pin with no clock driven by root clock pin: my_dut/uart_unit/rx_mem_reg[39]/Q (HIGH)

 There is 1 register/latch pin with no clock driven by root clock pin: my_dut/uart_unit/rx_mem_reg[40]/Q (HIGH)

 There is 1 register/latch pin with no clock driven by root clock pin: my_dut/uart_unit/rx_mem_reg[41]/Q (HIGH)

 There is 1 register/latch pin with no clock driven by root clock pin: my_dut/uart_unit/rx_mem_reg[42]/Q (HIGH)

 There is 1 register/latch pin with no clock driven by root clock pin: my_dut/uart_unit/rx_mem_reg[43]/Q (HIGH)

 There is 1 register/latch pin with no clock driven by root clock pin: my_dut/uart_unit/rx_mem_reg[44]/Q (HIGH)

 There is 1 register/latch pin with no clock driven by root clock pin: my_dut/uart_unit/rx_mem_reg[45]/Q (HIGH)

 There is 1 register/latch pin with no clock driven by root clock pin: my_dut/uart_unit/rx_mem_reg[46]/Q (HIGH)

 There is 1 register/latch pin with no clock driven by root clock pin: my_dut/uart_unit/rx_mem_reg[47]/Q (HIGH)


2. checking constant_clock
--------------------------
 There are 0 register/latch pins with constant_clock.


3. checking pulse_width_clock
-----------------------------
 There are 0 register/latch pins which need pulse_width check


4. checking unconstrained_internal_endpoints
--------------------------------------------
 There are 42 pins that are not constrained for maximum delay. (HIGH)

 There are 0 pins that are not constrained for maximum delay due to constant clock.


5. checking no_input_delay
--------------------------
 There are 6 input ports with no input delay specified. (HIGH)

 There are 0 input ports with no input delay but user has a false path constraint.


6. checking no_output_delay
---------------------------
 There are 21 ports with no output delay specified. (HIGH)

 There are 0 ports with no output delay but user has a false path constraint

 There are 0 ports with no output delay but with a timing clock defined on it or propagating through it


7. checking multiple_clock
--------------------------
 There are 0 register/latch pins with multiple clocks.


8. checking generated_clocks
----------------------------
 There are 0 generated clocks that are not connected to a clock source.


9. checking loops
-----------------
 There are 0 combinational loops in the design.


10. checking partial_input_delay
--------------------------------
 There are 0 input ports with partial input delay specified.


11. checking partial_output_delay
---------------------------------
 There are 0 ports with partial output delay specified.


12. checking latch_loops
------------------------
 There are 0 combinational latch loops in the design through latch input



------------------------------------------------------------------------------------------------
| Design Timing Summary
| ---------------------
------------------------------------------------------------------------------------------------

    WNS(ns)      TNS(ns)  TNS Failing Endpoints  TNS Total Endpoints      WHS(ns)      THS(ns)  THS Failing Endpoints  THS Total Endpoints     WPWS(ns)     TPWS(ns)  TPWS Failing Endpoints  TPWS Total Endpoints  
    -------      -------  ---------------------  -------------------      -------      -------  ---------------------  -------------------     --------     --------  ----------------------  --------------------  
     -0.379       -6.263                     47                 5283        0.056        0.000                      0                 5283        4.500        0.000                       0                  2183  


Timing constraints are not met.


------------------------------------------------------------------------------------------------
| Clock Summary
| -------------
------------------------------------------------------------------------------------------------

Clock                     Waveform(ns)       Period(ns)      Frequency(MHz)
-----                     ------------       ----------      --------------
clk_wiz_0_0/inst/clk_in1  {0.000 40.000}     80.000          12.500          
  clk_out1_clk_wiz_0      {0.000 5.000}      10.000          100.000         
  clkfbout_clk_wiz_0      {0.000 40.000}     80.000          12.500          
sys_clk_pin               {0.000 41.660}     83.330          12.000          


------------------------------------------------------------------------------------------------
| Intra Clock Table
| -----------------
------------------------------------------------------------------------------------------------

Clock                         WNS(ns)      TNS(ns)  TNS Failing Endpoints  TNS Total Endpoints      WHS(ns)      THS(ns)  THS Failing Endpoints  THS Total Endpoints     WPWS(ns)     TPWS(ns)  TPWS Failing Endpoints  TPWS Total Endpoints  
-----                         -------      -------  ---------------------  -------------------      -------      -------  ---------------------  -------------------     --------     --------  ----------------------  --------------------  
clk_wiz_0_0/inst/clk_in1                                                                                                                                                   20.000        0.000                       0                     1  
  clk_out1_clk_wiz_0           -0.379       -6.263                     47                 4707        0.056        0.000                      0                 4707        4.500        0.000                       0                  2179  
  clkfbout_clk_wiz_0                                                                                                                                                       20.000        0.000                       0                     3  


------------------------------------------------------------------------------------------------
| Inter Clock Table
| -----------------
------------------------------------------------------------------------------------------------

From Clock    To Clock          WNS(ns)      TNS(ns)  TNS Failing Endpoints  TNS Total Endpoints      WHS(ns)      THS(ns)  THS Failing Endpoints  THS Total Endpoints  
----------    --------          -------      -------  ---------------------  -------------------      -------      -------  ---------------------  -------------------  


------------------------------------------------------------------------------------------------
| Other Path Groups Table
| -----------------------
------------------------------------------------------------------------------------------------

Path Group          From Clock          To Clock                WNS(ns)      TNS(ns)  TNS Failing Endpoints  TNS Total Endpoints      WHS(ns)      THS(ns)  THS Failing Endpoints  THS Total Endpoints  
----------          ----------          --------                -------      -------  ---------------------  -------------------      -------      -------  ---------------------  -------------------  
**async_default**   clk_out1_clk_wiz_0  clk_out1_clk_wiz_0        1.967        0.000                      0                  576        0.429        0.000                      0                  576  


------------------------------------------------------------------------------------------------
| Timing Details
| --------------
------------------------------------------------------------------------------------------------


---------------------------------------------------------------------------------------------------
From Clock:  clk_wiz_0_0/inst/clk_in1
  To Clock:  clk_wiz_0_0/inst/clk_in1

Setup :           NA  Failing Endpoints,  Worst Slack           NA  ,  Total Violation           NA
Hold  :           NA  Failing Endpoints,  Worst Slack           NA  ,  Total Violation           NA
PW    :            0  Failing Endpoints,  Worst Slack       20.000ns,  Total Violation        0.000ns
---------------------------------------------------------------------------------------------------


Pulse Width Checks
--------------------------------------------------------------------------------------
Clock Name:         clk_wiz_0_0/inst/clk_in1
Waveform(ns):       { 0.000 40.000 }
Period(ns):         80.000
Sources:            { clk_wiz_0_0/inst/clk_in1 }

Check Type        Corner  Lib Pin            Reference Pin  Required(ns)  Actual(ns)  Slack(ns)  Location         Pin
Min Period        n/a     MMCME2_ADV/CLKIN1  n/a            1.249         80.000      78.751     MMCME2_ADV_X0Y0  clk_wiz_0_0/inst/mmcm_adv_inst/CLKIN1
Max Period        n/a     MMCME2_ADV/CLKIN1  n/a            100.000       80.000      20.000     MMCME2_ADV_X0Y0  clk_wiz_0_0/inst/mmcm_adv_inst/CLKIN1
Low Pulse Width   Slow    MMCME2_ADV/CLKIN1  n/a            10.000        40.000      30.000     MMCME2_ADV_X0Y0  clk_wiz_0_0/inst/mmcm_adv_inst/CLKIN1
Low Pulse Width   Fast    MMCME2_ADV/CLKIN1  n/a            10.000        40.000      30.000     MMCME2_ADV_X0Y0  clk_wiz_0_0/inst/mmcm_adv_inst/CLKIN1
High Pulse Width  Slow    MMCME2_ADV/CLKIN1  n/a            10.000        40.000      30.000     MMCME2_ADV_X0Y0  clk_wiz_0_0/inst/mmcm_adv_inst/CLKIN1
High Pulse Width  Fast    MMCME2_ADV/CLKIN1  n/a            10.000        40.000      30.000     MMCME2_ADV_X0Y0  clk_wiz_0_0/inst/mmcm_adv_inst/CLKIN1



---------------------------------------------------------------------------------------------------
From Clock:  clk_out1_clk_wiz_0
  To Clock:  clk_out1_clk_wiz_0

Setup :           47  Failing Endpoints,  Worst Slack       -0.379ns,  Total Violation       -6.263ns
Hold  :            0  Failing Endpoints,  Worst Slack        0.056ns,  Total Violation        0.000ns
PW    :            0  Failing Endpoints,  Worst Slack        4.500ns,  Total Violation        0.000ns
---------------------------------------------------------------------------------------------------


Max Delay Paths
--------------------------------------------------------------------------------------
Slack (VIOLATED) :        -0.379ns  (required time - arrival time)
  Source:                 my_dut/sine_unit/currB_Re_reg[31]/C
                            (rising edge-triggered cell FDCE clocked by clk_out1_clk_wiz_0  {rise@0.000ns fall@5.000ns period=10.000ns})
  Destination:            my_dut/sine_unit/mul3/pipe_mul1/sum_1_reg[59]/D
                            (rising edge-triggered cell FDRE clocked by clk_out1_clk_wiz_0  {rise@0.000ns fall@5.000ns period=10.000ns})
  Path Group:             clk_out1_clk_wiz_0
  Path Type:              Setup (Max at Slow Process Corner)
  Requirement:            10.000ns  (clk_out1_clk_wiz_0 rise@10.000ns - clk_out1_clk_wiz_0 rise@0.000ns)
  Data Path Delay:        10.101ns  (logic 5.956ns (58.963%)  route 4.145ns (41.037%))
  Logic Levels:           10  (CARRY4=7 DSP48E1=1 LUT6=2)
  Clock Path Skew:        -0.114ns (DCD - SCD + CPR)
    Destination Clock Delay (DCD):    -2.949ns = ( 7.051 - 10.000 ) 
    Source Clock Delay      (SCD):    -2.415ns
    Clock Pessimism Removal (CPR):    0.419ns
  Clock Uncertainty:      0.225ns  ((TSJ^2 + DJ^2)^1/2) / 2 + PE
    Total System Jitter     (TSJ):    0.071ns
    Discrete Jitter          (DJ):    0.445ns
    Phase Error              (PE):    0.000ns

    Location             Delay type                Incr(ns)  Path(ns)    Netlist Resource(s)
  -------------------------------------------------------------------    -------------------
                         (clock clk_out1_clk_wiz_0 rise edge)
                                                      0.000     0.000 r  
    L17                  IBUF                         0.000     0.000 r  CLK_IBUF_inst/O
                         net (fo=2, routed)           1.233     1.233    clk_wiz_0_0/inst/clk_in1
    MMCME2_ADV_X0Y0      MMCME2_ADV (Prop_mmcme2_adv_CLKIN1_CLKOUT0)
                                                     -6.965    -5.732 r  clk_wiz_0_0/inst/mmcm_adv_inst/CLKOUT0
                         net (fo=1, routed)           1.666    -4.065    clk_wiz_0_0/inst/clk_out1_clk_wiz_0
    BUFGCTRL_X0Y0        BUFG (Prop_bufg_I_O)         0.096    -3.969 r  clk_wiz_0_0/inst/clkout1_buf/O
                         net (fo=2201, routed)        1.554    -2.415    my_dut/sine_unit/clk_out1
    SLICE_X43Y53         FDCE                                         r  my_dut/sine_unit/currB_Re_reg[31]/C
  -------------------------------------------------------------------    -------------------
    SLICE_X43Y53         FDCE (Prop_fdce_C_Q)         0.456    -1.959 r  my_dut/sine_unit/currB_Re_reg[31]/Q
                         net (fo=37, routed)          1.291    -0.668    my_dut/sine_unit/mul3/pipe_mul1/multOp__2_0[31]
    DSP48_X1Y18          DSP48E1 (Prop_dsp48e1_A[22]_P[2])
                                                      3.841     3.173 r  my_dut/sine_unit/mul3/pipe_mul1/multOp__2/P[2]
                         net (fo=3, routed)           1.857     5.030    my_dut/sine_unit/mul3/pipe_mul1/L[34]
    SLICE_X39Y52         LUT6 (Prop_lut6_I3_O)        0.124     5.154 r  my_dut/sine_unit/mul3/pipe_mul1/sum_1[37]_i_11__7/O
                         net (fo=2, routed)           0.301     5.455    my_dut/sine_unit/mul3/pipe_mul1/sum_1[37]_i_11__7_n_0
    SLICE_X36Y52         LUT6 (Prop_lut6_I0_O)        0.124     5.579 r  my_dut/sine_unit/mul3/pipe_mul1/sum_1[37]_i_4/O
                         net (fo=2, routed)           0.696     6.275    my_dut/sine_unit/mul3/pipe_mul1/sum_1[37]_i_4_n_0
    SLICE_X35Y52         CARRY4 (Prop_carry4_DI[1]_CO[3])
                                                      0.507     6.782 r  my_dut/sine_unit/mul3/pipe_mul1/sum_1_reg[37]_i_1/CO[3]
                         net (fo=1, routed)           0.000     6.782    my_dut/sine_unit/mul3/pipe_mul1/sum_1_reg[37]_i_1_n_0
    SLICE_X35Y53         CARRY4 (Prop_carry4_CI_CO[3])
                                                      0.114     6.896 r  my_dut/sine_unit/mul3/pipe_mul1/sum_1_reg[41]_i_1/CO[3]
                         net (fo=1, routed)           0.000     6.896    my_dut/sine_unit/mul3/pipe_mul1/sum_1_reg[41]_i_1_n_0
    SLICE_X35Y54         CARRY4 (Prop_carry4_CI_CO[3])
                                                      0.114     7.010 r  my_dut/sine_unit/mul3/pipe_mul1/sum_1_reg[45]_i_1/CO[3]
                         net (fo=1, routed)           0.000     7.010    my_dut/sine_unit/mul3/pipe_mul1/sum_1_reg[45]_i_1_n_0
    SLICE_X35Y55         CARRY4 (Prop_carry4_CI_CO[3])
                                                      0.114     7.124 r  my_dut/sine_unit/mul3/pipe_mul1/sum_1_reg[49]_i_1/CO[3]
                         net (fo=1, routed)           0.000     7.124    my_dut/sine_unit/mul3/pipe_mul1/sum_1_reg[49]_i_1_n_0
    SLICE_X35Y56         CARRY4 (Prop_carry4_CI_CO[3])
                                                      0.114     7.238 r  my_dut/sine_unit/mul3/pipe_mul1/sum_1_reg[53]_i_1/CO[3]
                         net (fo=1, routed)           0.000     7.238    my_dut/sine_unit/mul3/pipe_mul1/sum_1_reg[53]_i_1_n_0
    SLICE_X35Y57         CARRY4 (Prop_carry4_CI_CO[3])
                                                      0.114     7.352 r  my_dut/sine_unit/mul3/pipe_mul1/sum_1_reg[57]_i_1/CO[3]
                         net (fo=1, routed)           0.000     7.352    my_dut/sine_unit/mul3/pipe_mul1/sum_1_reg[57]_i_1_n_0
    SLICE_X35Y58         CARRY4 (Prop_carry4_CI_O[1])
                                                      0.334     7.686 r  my_dut/sine_unit/mul3/pipe_mul1/sum_1_reg[61]_i_1/O[1]
                         net (fo=1, routed)           0.000     7.686    my_dut/sine_unit/mul3/pipe_mul1/plusOp[59]
    SLICE_X35Y58         FDRE                                         r  my_dut/sine_unit/mul3/pipe_mul1/sum_1_reg[59]/D
  -------------------------------------------------------------------    -------------------

                         (clock clk_out1_clk_wiz_0 rise edge)
                                                     10.000    10.000 r  
    L17                  IBUF                         0.000    10.000 r  CLK_IBUF_inst/O
                         net (fo=2, routed)           1.162    11.162    clk_wiz_0_0/inst/clk_in1
    MMCME2_ADV_X0Y0      MMCME2_ADV (Prop_mmcme2_adv_CLKIN1_CLKOUT0)
                                                     -7.221     3.940 r  clk_wiz_0_0/inst/mmcm_adv_inst/CLKOUT0
                         net (fo=1, routed)           1.587     5.527    clk_wiz_0_0/inst/clk_out1_clk_wiz_0
    BUFGCTRL_X0Y0        BUFG (Prop_bufg_I_O)         0.091     5.618 r  clk_wiz_0_0/inst/clkout1_buf/O
                         net (fo=2201, routed)        1.433     7.051    my_dut/sine_unit/mul3/pipe_mul1/clk_out1
    SLICE_X35Y58         FDRE                                         r  my_dut/sine_unit/mul3/pipe_mul1/sum_1_reg[59]/C
                         clock pessimism              0.419     7.470    
                         clock uncertainty           -0.225     7.245    
    SLICE_X35Y58         FDRE (Setup_fdre_C_D)        0.062     7.307    my_dut/sine_unit/mul3/pipe_mul1/sum_1_reg[59]
  -------------------------------------------------------------------
                         required time                          7.307    
                         arrival time                          -7.686    
  -------------------------------------------------------------------
                         slack                                 -0.379    

Slack (VIOLATED) :        -0.358ns  (required time - arrival time)
  Source:                 my_dut/sine_unit/currB_Re_reg[31]/C
                            (rising edge-triggered cell FDCE clocked by clk_out1_clk_wiz_0  {rise@0.000ns fall@5.000ns period=10.000ns})
  Destination:            my_dut/sine_unit/mul3/pipe_mul1/sum_1_reg[61]/D
                            (rising edge-triggered cell FDRE clocked by clk_out1_clk_wiz_0  {rise@0.000ns fall@5.000ns period=10.000ns})
  Path Group:             clk_out1_clk_wiz_0
  Path Type:              Setup (Max at Slow Process Corner)
  Requirement:            10.000ns  (clk_out1_clk_wiz_0 rise@10.000ns - clk_out1_clk_wiz_0 rise@0.000ns)
  Data Path Delay:        10.080ns  (logic 5.935ns (58.878%)  route 4.145ns (41.122%))
  Logic Levels:           10  (CARRY4=7 DSP48E1=1 LUT6=2)
  Clock Path Skew:        -0.114ns (DCD - SCD + CPR)
    Destination Clock Delay (DCD):    -2.949ns = ( 7.051 - 10.000 ) 
    Source Clock Delay      (SCD):    -2.415ns
    Clock Pessimism Removal (CPR):    0.419ns
  Clock Uncertainty:      0.225ns  ((TSJ^2 + DJ^2)^1/2) / 2 + PE
    Total System Jitter     (TSJ):    0.071ns
    Discrete Jitter          (DJ):    0.445ns
    Phase Error              (PE):    0.000ns

    Location             Delay type                Incr(ns)  Path(ns)    Netlist Resource(s)
  -------------------------------------------------------------------    -------------------
                         (clock clk_out1_clk_wiz_0 rise edge)
                                                      0.000     0.000 r  
    L17                  IBUF                         0.000     0.000 r  CLK_IBUF_inst/O
                         net (fo=2, routed)           1.233     1.233    clk_wiz_0_0/inst/clk_in1
    MMCME2_ADV_X0Y0      MMCME2_ADV (Prop_mmcme2_adv_CLKIN1_CLKOUT0)
                                                     -6.965    -5.732 r  clk_wiz_0_0/inst/mmcm_adv_inst/CLKOUT0
                         net (fo=1, routed)           1.666    -4.065    clk_wiz_0_0/inst/clk_out1_clk_wiz_0
    BUFGCTRL_X0Y0        BUFG (Prop_bufg_I_O)         0.096    -3.969 r  clk_wiz_0_0/inst/clkout1_buf/O
                         net (fo=2201, routed)        1.554    -2.415    my_dut/sine_unit/clk_out1
    SLICE_X43Y53         FDCE                                         r  my_dut/sine_unit/currB_Re_reg[31]/C
  -------------------------------------------------------------------    -------------------
    SLICE_X43Y53         FDCE (Prop_fdce_C_Q)         0.456    -1.959 r  my_dut/sine_unit/currB_Re_reg[31]/Q
                         net (fo=37, routed)          1.291    -0.668    my_dut/sine_unit/mul3/pipe_mul1/multOp__2_0[31]
    DSP48_X1Y18          DSP48E1 (Prop_dsp48e1_A[22]_P[2])
                                                      3.841     3.173 r  my_dut/sine_unit/mul3/pipe_mul1/multOp__2/P[2]
                         net (fo=3, routed)           1.857     5.030    my_dut/sine_unit/mul3/pipe_mul1/L[34]
    SLICE_X39Y52         LUT6 (Prop_lut6_I3_O)        0.124     5.154 r  my_dut/sine_unit/mul3/pipe_mul1/sum_1[37]_i_11__7/O
                         net (fo=2, routed)           0.301     5.455    my_dut/sine_unit/mul3/pipe_mul1/sum_1[37]_i_11__7_n_0
    SLICE_X36Y52         LUT6 (Prop_lut6_I0_O)        0.124     5.579 r  my_dut/sine_unit/mul3/pipe_mul1/sum_1[37]_i_4/O
                         net (fo=2, routed)           0.696     6.275    my_dut/sine_unit/mul3/pipe_mul1/sum_1[37]_i_4_n_0
    SLICE_X35Y52         CARRY4 (Prop_carry4_DI[1]_CO[3])
                                                      0.507     6.782 r  my_dut/sine_unit/mul3/pipe_mul1/sum_1_reg[37]_i_1/CO[3]
                         net (fo=1, routed)           0.000     6.782    my_dut/sine_unit/mul3/pipe_mul1/sum_1_reg[37]_i_1_n_0
    SLICE_X35Y53         CARRY4 (Prop_carry4_CI_CO[3])
                                                      0.114     6.896 r  my_dut/sine_unit/mul3/pipe_mul1/sum_1_reg[41]_i_1/CO[3]
                         net (fo=1, routed)           0.000     6.896    my_dut/sine_unit/mul3/pipe_mul1/sum_1_reg[41]_i_1_n_0
    SLICE_X35Y54         CARRY4 (Prop_carry4_CI_CO[3])
                                                      0.114     7.010 r  my_dut/sine_unit/mul3/pipe_mul1/sum_1_reg[45]_i_1/CO[3]
                         net (fo=1, routed)           0.000     7.010    my_dut/sine_unit/mul3/pipe_mul1/sum_1_reg[45]_i_1_n_0
    SLICE_X35Y55         CARRY4 (Prop_carry4_CI_CO[3])
                                                      0.114     7.124 r  my_dut/sine_unit/mul3/pipe_mul1/sum_1_reg[49]_i_1/CO[3]
                         net (fo=1, routed)           0.000     7.124    my_dut/sine_unit/mul3/pipe_mul1/sum_1_reg[49]_i_1_n_0
    SLICE_X35Y56         CARRY4 (Prop_carry4_CI_CO[3])
                                                      0.114     7.238 r  my_dut/sine_unit/mul3/pipe_mul1/sum_1_reg[53]_i_1/CO[3]
                         net (fo=1, routed)           0.000     7.238    my_dut/sine_unit/mul3/pipe_mul1/sum_1_reg[53]_i_1_n_0
    SLICE_X35Y57         CARRY4 (Prop_carry4_CI_CO[3])
                                                      0.114     7.352 r  my_dut/sine_unit/mul3/pipe_mul1/sum_1_reg[57]_i_1/CO[3]
                         net (fo=1, routed)           0.000     7.352    my_dut/sine_unit/mul3/pipe_mul1/sum_1_reg[57]_i_1_n_0
    SLICE_X35Y58         CARRY4 (Prop_carry4_CI_O[3])
                                                      0.313     7.665 r  my_dut/sine_unit/mul3/pipe_mul1/sum_1_reg[61]_i_1/O[3]
                         net (fo=1, routed)           0.000     7.665    my_dut/sine_unit/mul3/pipe_mul1/plusOp[61]
    SLICE_X35Y58         FDRE                                         r  my_dut/sine_unit/mul3/pipe_mul1/sum_1_reg[61]/D
  -------------------------------------------------------------------    -------------------

                         (clock clk_out1_clk_wiz_0 rise edge)
                                                     10.000    10.000 r  
    L17                  IBUF                         0.000    10.000 r  CLK_IBUF_inst/O
                         net (fo=2, routed)           1.162    11.162    clk_wiz_0_0/inst/clk_in1
    MMCME2_ADV_X0Y0      MMCME2_ADV (Prop_mmcme2_adv_CLKIN1_CLKOUT0)
                                                     -7.221     3.940 r  clk_wiz_0_0/inst/mmcm_adv_inst/CLKOUT0
                         net (fo=1, routed)           1.587     5.527    clk_wiz_0_0/inst/clk_out1_clk_wiz_0
    BUFGCTRL_X0Y0        BUFG (Prop_bufg_I_O)         0.091     5.618 r  clk_wiz_0_0/inst/clkout1_buf/O
                         net (fo=2201, routed)        1.433     7.051    my_dut/sine_unit/mul3/pipe_mul1/clk_out1
    SLICE_X35Y58         FDRE                                         r  my_dut/sine_unit/mul3/pipe_mul1/sum_1_reg[61]/C
                         clock pessimism              0.419     7.470    
                         clock uncertainty           -0.225     7.245    
    SLICE_X35Y58         FDRE (Setup_fdre_C_D)        0.062     7.307    my_dut/sine_unit/mul3/pipe_mul1/sum_1_reg[61]
  -------------------------------------------------------------------
                         required time                          7.307    
                         arrival time                          -7.665    
  -------------------------------------------------------------------
                         slack                                 -0.358    

Slack (VIOLATED) :        -0.346ns  (required time - arrival time)
  Source:                 my_dut/sine_unit/currB_Re_reg[31]/C
                            (rising edge-triggered cell FDCE clocked by clk_out1_clk_wiz_0  {rise@0.000ns fall@5.000ns period=10.000ns})
  Destination:            my_dut/sine_unit/mul3/pipe_mul3/sum_1_reg[59]/D
                            (rising edge-triggered cell FDRE clocked by clk_out1_clk_wiz_0  {rise@0.000ns fall@5.000ns period=10.000ns})
  Path Group:             clk_out1_clk_wiz_0
  Path Type:              Setup (Max at Slow Process Corner)
  Requirement:            10.000ns  (clk_out1_clk_wiz_0 rise@10.000ns - clk_out1_clk_wiz_0 rise@0.000ns)
  Data Path Delay:        10.117ns  (logic 5.723ns (56.570%)  route 4.394ns (43.430%))
  Logic Levels:           9  (CARRY4=5 DSP48E1=1 LUT5=1 LUT6=2)
  Clock Path Skew:        -0.113ns (DCD - SCD + CPR)
    Destination Clock Delay (DCD):    -2.948ns = ( 7.052 - 10.000 ) 
    Source Clock Delay      (SCD):    -2.415ns
    Clock Pessimism Removal (CPR):    0.419ns
  Clock Uncertainty:      0.225ns  ((TSJ^2 + DJ^2)^1/2) / 2 + PE
    Total System Jitter     (TSJ):    0.071ns
    Discrete Jitter          (DJ):    0.445ns
    Phase Error              (PE):    0.000ns

    Location             Delay type                Incr(ns)  Path(ns)    Netlist Resource(s)
  -------------------------------------------------------------------    -------------------
                         (clock clk_out1_clk_wiz_0 rise edge)
                                                      0.000     0.000 r  
    L17                  IBUF                         0.000     0.000 r  CLK_IBUF_inst/O
                         net (fo=2, routed)           1.233     1.233    clk_wiz_0_0/inst/clk_in1
    MMCME2_ADV_X0Y0      MMCME2_ADV (Prop_mmcme2_adv_CLKIN1_CLKOUT0)
                                                     -6.965    -5.732 r  clk_wiz_0_0/inst/mmcm_adv_inst/CLKOUT0
                         net (fo=1, routed)           1.666    -4.065    clk_wiz_0_0/inst/clk_out1_clk_wiz_0
    BUFGCTRL_X0Y0        BUFG (Prop_bufg_I_O)         0.096    -3.969 r  clk_wiz_0_0/inst/clkout1_buf/O
                         net (fo=2201, routed)        1.554    -2.415    my_dut/sine_unit/clk_out1
    SLICE_X43Y53         FDCE                                         r  my_dut/sine_unit/currB_Re_reg[31]/C
  -------------------------------------------------------------------    -------------------
    SLICE_X43Y53         FDCE (Prop_fdce_C_Q)         0.456    -1.959 r  my_dut/sine_unit/currB_Re_reg[31]/Q
                         net (fo=37, routed)          1.341    -0.618    my_dut/sine_unit/mul3/pipe_mul3/multOp__2_0[31]
    DSP48_X1Y17          DSP48E1 (Prop_dsp48e1_A[29]_P[10])
                                                      3.841     3.223 r  my_dut/sine_unit/mul3/pipe_mul3/multOp__2/P[10]
                         net (fo=4, routed)           1.670     4.893    my_dut/sine_unit/mul3/pipe_mul3/L[42]
    SLICE_X36Y50         LUT5 (Prop_lut5_I2_O)        0.124     5.017 r  my_dut/sine_unit/mul3/pipe_mul3/sum_1[45]_i_11__9/O
                         net (fo=1, routed)           0.488     5.504    my_dut/sine_unit/mul3/pipe_mul3/sum_1[45]_i_11__9_n_0
    SLICE_X36Y50         LUT6 (Prop_lut6_I5_O)        0.124     5.628 r  my_dut/sine_unit/mul3/pipe_mul3/sum_1[45]_i_3__9/O
                         net (fo=2, routed)           0.895     6.523    my_dut/sine_unit/mul3/pipe_mul3/sum_1[45]_i_3__9_n_0
    SLICE_X34Y52         LUT6 (Prop_lut6_I0_O)        0.124     6.647 r  my_dut/sine_unit/mul3/pipe_mul3/sum_1[45]_i_7/O
                         net (fo=1, routed)           0.000     6.647    my_dut/sine_unit/mul3/pipe_mul3/sum_1[45]_i_7_n_0
    SLICE_X34Y52         CARRY4 (Prop_carry4_S[2]_CO[3])
                                                      0.380     7.027 r  my_dut/sine_unit/mul3/pipe_mul3/sum_1_reg[45]_i_1/CO[3]
                         net (fo=1, routed)           0.000     7.027    my_dut/sine_unit/mul3/pipe_mul3/sum_1_reg[45]_i_1_n_0
    SLICE_X34Y53         CARRY4 (Prop_carry4_CI_CO[3])
                                                      0.117     7.144 r  my_dut/sine_unit/mul3/pipe_mul3/sum_1_reg[49]_i_1/CO[3]
                         net (fo=1, routed)           0.000     7.144    my_dut/sine_unit/mul3/pipe_mul3/sum_1_reg[49]_i_1_n_0
    SLICE_X34Y54         CARRY4 (Prop_carry4_CI_CO[3])
                                                      0.117     7.261 r  my_dut/sine_unit/mul3/pipe_mul3/sum_1_reg[53]_i_1/CO[3]
                         net (fo=1, routed)           0.000     7.261    my_dut/sine_unit/mul3/pipe_mul3/sum_1_reg[53]_i_1_n_0
    SLICE_X34Y55         CARRY4 (Prop_carry4_CI_CO[3])
                                                      0.117     7.378 r  my_dut/sine_unit/mul3/pipe_mul3/sum_1_reg[57]_i_1/CO[3]
                         net (fo=1, routed)           0.000     7.378    my_dut/sine_unit/mul3/pipe_mul3/sum_1_reg[57]_i_1_n_0
    SLICE_X34Y56         CARRY4 (Prop_carry4_CI_O[1])
                                                      0.323     7.701 r  my_dut/sine_unit/mul3/pipe_mul3/sum_1_reg[61]_i_1/O[1]
                         net (fo=1, routed)           0.000     7.701    my_dut/sine_unit/mul3/pipe_mul3/plusOp[59]
    SLICE_X34Y56         FDRE                                         r  my_dut/sine_unit/mul3/pipe_mul3/sum_1_reg[59]/D
  -------------------------------------------------------------------    -------------------

                         (clock clk_out1_clk_wiz_0 rise edge)
                                                     10.000    10.000 r  
    L17                  IBUF                         0.000    10.000 r  CLK_IBUF_inst/O
                         net (fo=2, routed)           1.162    11.162    clk_wiz_0_0/inst/clk_in1
    MMCME2_ADV_X0Y0      MMCME2_ADV (Prop_mmcme2_adv_CLKIN1_CLKOUT0)
                                                     -7.221     3.940 r  clk_wiz_0_0/inst/mmcm_adv_inst/CLKOUT0
                         net (fo=1, routed)           1.587     5.527    clk_wiz_0_0/inst/clk_out1_clk_wiz_0
    BUFGCTRL_X0Y0        BUFG (Prop_bufg_I_O)         0.091     5.618 r  clk_wiz_0_0/inst/clkout1_buf/O
                         net (fo=2201, routed)        1.434     7.052    my_dut/sine_unit/mul3/pipe_mul3/clk_out1
    SLICE_X34Y56         FDRE                                         r  my_dut/sine_unit/mul3/pipe_mul3/sum_1_reg[59]/C
                         clock pessimism              0.419     7.471    
                         clock uncertainty           -0.225     7.246    
    SLICE_X34Y56         FDRE (Setup_fdre_C_D)        0.109     7.355    my_dut/sine_unit/mul3/pipe_mul3/sum_1_reg[59]
  -------------------------------------------------------------------
                         required time                          7.355    
                         arrival time                          -7.701    
  -------------------------------------------------------------------
                         slack                                 -0.346    

Slack (VIOLATED) :        -0.338ns  (required time - arrival time)
  Source:                 my_dut/sine_unit/currB_Re_reg[31]/C
                            (rising edge-triggered cell FDCE clocked by clk_out1_clk_wiz_0  {rise@0.000ns fall@5.000ns period=10.000ns})
  Destination:            my_dut/sine_unit/mul3/pipe_mul3/sum_1_reg[61]/D
                            (rising edge-triggered cell FDRE clocked by clk_out1_clk_wiz_0  {rise@0.000ns fall@5.000ns period=10.000ns})
  Path Group:             clk_out1_clk_wiz_0
  Path Type:              Setup (Max at Slow Process Corner)
  Requirement:            10.000ns  (clk_out1_clk_wiz_0 rise@10.000ns - clk_out1_clk_wiz_0 rise@0.000ns)
  Data Path Delay:        10.109ns  (logic 5.715ns (56.535%)  route 4.394ns (43.465%))
  Logic Levels:           9  (CARRY4=5 DSP48E1=1 LUT5=1 LUT6=2)
  Clock Path Skew:        -0.113ns (DCD - SCD + CPR)
    Destination Clock Delay (DCD):    -2.948ns = ( 7.052 - 10.000 ) 
    Source Clock Delay      (SCD):    -2.415ns
    Clock Pessimism Removal (CPR):    0.419ns
  Clock Uncertainty:      0.225ns  ((TSJ^2 + DJ^2)^1/2) / 2 + PE
    Total System Jitter     (TSJ):    0.071ns
    Discrete Jitter          (DJ):    0.445ns
    Phase Error              (PE):    0.000ns

    Location             Delay type                Incr(ns)  Path(ns)    Netlist Resource(s)
  -------------------------------------------------------------------    -------------------
                         (clock clk_out1_clk_wiz_0 rise edge)
                                                      0.000     0.000 r  
    L17                  IBUF                         0.000     0.000 r  CLK_IBUF_inst/O
                         net (fo=2, routed)           1.233     1.233    clk_wiz_0_0/inst/clk_in1
    MMCME2_ADV_X0Y0      MMCME2_ADV (Prop_mmcme2_adv_CLKIN1_CLKOUT0)
                                                     -6.965    -5.732 r  clk_wiz_0_0/inst/mmcm_adv_inst/CLKOUT0
                         net (fo=1, routed)           1.666    -4.065    clk_wiz_0_0/inst/clk_out1_clk_wiz_0
    BUFGCTRL_X0Y0        BUFG (Prop_bufg_I_O)         0.096    -3.969 r  clk_wiz_0_0/inst/clkout1_buf/O
                         net (fo=2201, routed)        1.554    -2.415    my_dut/sine_unit/clk_out1
    SLICE_X43Y53         FDCE                                         r  my_dut/sine_unit/currB_Re_reg[31]/C
  -------------------------------------------------------------------    -------------------
    SLICE_X43Y53         FDCE (Prop_fdce_C_Q)         0.456    -1.959 r  my_dut/sine_unit/currB_Re_reg[31]/Q
                         net (fo=37, routed)          1.341    -0.618    my_dut/sine_unit/mul3/pipe_mul3/multOp__2_0[31]
    DSP48_X1Y17          DSP48E1 (Prop_dsp48e1_A[29]_P[10])
                                                      3.841     3.223 r  my_dut/sine_unit/mul3/pipe_mul3/multOp__2/P[10]
                         net (fo=4, routed)           1.670     4.893    my_dut/sine_unit/mul3/pipe_mul3/L[42]
    SLICE_X36Y50         LUT5 (Prop_lut5_I2_O)        0.124     5.017 r  my_dut/sine_unit/mul3/pipe_mul3/sum_1[45]_i_11__9/O
                         net (fo=1, routed)           0.488     5.504    my_dut/sine_unit/mul3/pipe_mul3/sum_1[45]_i_11__9_n_0
    SLICE_X36Y50         LUT6 (Prop_lut6_I5_O)        0.124     5.628 r  my_dut/sine_unit/mul3/pipe_mul3/sum_1[45]_i_3__9/O
                         net (fo=2, routed)           0.895     6.523    my_dut/sine_unit/mul3/pipe_mul3/sum_1[45]_i_3__9_n_0
    SLICE_X34Y52         LUT6 (Prop_lut6_I0_O)        0.124     6.647 r  my_dut/sine_unit/mul3/pipe_mul3/sum_1[45]_i_7/O
                         net (fo=1, routed)           0.000     6.647    my_dut/sine_unit/mul3/pipe_mul3/sum_1[45]_i_7_n_0
    SLICE_X34Y52         CARRY4 (Prop_carry4_S[2]_CO[3])
                                                      0.380     7.027 r  my_dut/sine_unit/mul3/pipe_mul3/sum_1_reg[45]_i_1/CO[3]
                         net (fo=1, routed)           0.000     7.027    my_dut/sine_unit/mul3/pipe_mul3/sum_1_reg[45]_i_1_n_0
    SLICE_X34Y53         CARRY4 (Prop_carry4_CI_CO[3])
                                                      0.117     7.144 r  my_dut/sine_unit/mul3/pipe_mul3/sum_1_reg[49]_i_1/CO[3]
                         net (fo=1, routed)           0.000     7.144    my_dut/sine_unit/mul3/pipe_mul3/sum_1_reg[49]_i_1_n_0
    SLICE_X34Y54         CARRY4 (Prop_carry4_CI_CO[3])
                                                      0.117     7.261 r  my_dut/sine_unit/mul3/pipe_mul3/sum_1_reg[53]_i_1/CO[3]
                         net (fo=1, routed)           0.000     7.261    my_dut/sine_unit/mul3/pipe_mul3/sum_1_reg[53]_i_1_n_0
    SLICE_X34Y55         CARRY4 (Prop_carry4_CI_CO[3])
                                                      0.117     7.378 r  my_dut/sine_unit/mul3/pipe_mul3/sum_1_reg[57]_i_1/CO[3]
                         net (fo=1, routed)           0.000     7.378    my_dut/sine_unit/mul3/pipe_mul3/sum_1_reg[57]_i_1_n_0
    SLICE_X34Y56         CARRY4 (Prop_carry4_CI_O[3])
                                                      0.315     7.693 r  my_dut/sine_unit/mul3/pipe_mul3/sum_1_reg[61]_i_1/O[3]
                         net (fo=1, routed)           0.000     7.693    my_dut/sine_unit/mul3/pipe_mul3/plusOp[61]
    SLICE_X34Y56         FDRE                                         r  my_dut/sine_unit/mul3/pipe_mul3/sum_1_reg[61]/D
  -------------------------------------------------------------------    -------------------

                         (clock clk_out1_clk_wiz_0 rise edge)
                                                     10.000    10.000 r  
    L17                  IBUF                         0.000    10.000 r  CLK_IBUF_inst/O
                         net (fo=2, routed)           1.162    11.162    clk_wiz_0_0/inst/clk_in1
    MMCME2_ADV_X0Y0      MMCME2_ADV (Prop_mmcme2_adv_CLKIN1_CLKOUT0)
                                                     -7.221     3.940 r  clk_wiz_0_0/inst/mmcm_adv_inst/CLKOUT0
                         net (fo=1, routed)           1.587     5.527    clk_wiz_0_0/inst/clk_out1_clk_wiz_0
    BUFGCTRL_X0Y0        BUFG (Prop_bufg_I_O)         0.091     5.618 r  clk_wiz_0_0/inst/clkout1_buf/O
                         net (fo=2201, routed)        1.434     7.052    my_dut/sine_unit/mul3/pipe_mul3/clk_out1
    SLICE_X34Y56         FDRE                                         r  my_dut/sine_unit/mul3/pipe_mul3/sum_1_reg[61]/C
                         clock pessimism              0.419     7.471    
                         clock uncertainty           -0.225     7.246    
    SLICE_X34Y56         FDRE (Setup_fdre_C_D)        0.109     7.355    my_dut/sine_unit/mul3/pipe_mul3/sum_1_reg[61]
  -------------------------------------------------------------------
                         required time                          7.355    
                         arrival time                          -7.693    
  -------------------------------------------------------------------
                         slack                                 -0.338    

Slack (VIOLATED) :        -0.284ns  (required time - arrival time)
  Source:                 my_dut/sine_unit/currB_Re_reg[31]/C
                            (rising edge-triggered cell FDCE clocked by clk_out1_clk_wiz_0  {rise@0.000ns fall@5.000ns period=10.000ns})
  Destination:            my_dut/sine_unit/mul3/pipe_mul1/sum_1_reg[60]/D
                            (rising edge-triggered cell FDRE clocked by clk_out1_clk_wiz_0  {rise@0.000ns fall@5.000ns period=10.000ns})
  Path Group:             clk_out1_clk_wiz_0
  Path Type:              Setup (Max at Slow Process Corner)
  Requirement:            10.000ns  (clk_out1_clk_wiz_0 rise@10.000ns - clk_out1_clk_wiz_0 rise@0.000ns)
  Data Path Delay:        10.006ns  (logic 5.861ns (58.573%)  route 4.145ns (41.427%))
  Logic Levels:           10  (CARRY4=7 DSP48E1=1 LUT6=2)
  Clock Path Skew:        -0.114ns (DCD - SCD + CPR)
    Destination Clock Delay (DCD):    -2.949ns = ( 7.051 - 10.000 ) 
    Source Clock Delay      (SCD):    -2.415ns
    Clock Pessimism Removal (CPR):    0.419ns
  Clock Uncertainty:      0.225ns  ((TSJ^2 + DJ^2)^1/2) / 2 + PE
    Total System Jitter     (TSJ):    0.071ns
    Discrete Jitter          (DJ):    0.445ns
    Phase Error              (PE):    0.000ns

    Location             Delay type                Incr(ns)  Path(ns)    Netlist Resource(s)
  -------------------------------------------------------------------    -------------------
                         (clock clk_out1_clk_wiz_0 rise edge)
                                                      0.000     0.000 r  
    L17                  IBUF                         0.000     0.000 r  CLK_IBUF_inst/O
                         net (fo=2, routed)           1.233     1.233    clk_wiz_0_0/inst/clk_in1
    MMCME2_ADV_X0Y0      MMCME2_ADV (Prop_mmcme2_adv_CLKIN1_CLKOUT0)
                                                     -6.965    -5.732 r  clk_wiz_0_0/inst/mmcm_adv_inst/CLKOUT0
                         net (fo=1, routed)           1.666    -4.065    clk_wiz_0_0/inst/clk_out1_clk_wiz_0
    BUFGCTRL_X0Y0        BUFG (Prop_bufg_I_O)         0.096    -3.969 r  clk_wiz_0_0/inst/clkout1_buf/O
                         net (fo=2201, routed)        1.554    -2.415    my_dut/sine_unit/clk_out1
    SLICE_X43Y53         FDCE                                         r  my_dut/sine_unit/currB_Re_reg[31]/C
  -------------------------------------------------------------------    -------------------
    SLICE_X43Y53         FDCE (Prop_fdce_C_Q)         0.456    -1.959 r  my_dut/sine_unit/currB_Re_reg[31]/Q
                         net (fo=37, routed)          1.291    -0.668    my_dut/sine_unit/mul3/pipe_mul1/multOp__2_0[31]
    DSP48_X1Y18          DSP48E1 (Prop_dsp48e1_A[22]_P[2])
                                                      3.841     3.173 r  my_dut/sine_unit/mul3/pipe_mul1/multOp__2/P[2]
                         net (fo=3, routed)           1.857     5.030    my_dut/sine_unit/mul3/pipe_mul1/L[34]
    SLICE_X39Y52         LUT6 (Prop_lut6_I3_O)        0.124     5.154 r  my_dut/sine_unit/mul3/pipe_mul1/sum_1[37]_i_11__7/O
                         net (fo=2, routed)           0.301     5.455    my_dut/sine_unit/mul3/pipe_mul1/sum_1[37]_i_11__7_n_0
    SLICE_X36Y52         LUT6 (Prop_lut6_I0_O)        0.124     5.579 r  my_dut/sine_unit/mul3/pipe_mul1/sum_1[37]_i_4/O
                         net (fo=2, routed)           0.696     6.275    my_dut/sine_unit/mul3/pipe_mul1/sum_1[37]_i_4_n_0
    SLICE_X35Y52         CARRY4 (Prop_carry4_DI[1]_CO[3])
                                                      0.507     6.782 r  my_dut/sine_unit/mul3/pipe_mul1/sum_1_reg[37]_i_1/CO[3]
                         net (fo=1, routed)           0.000     6.782    my_dut/sine_unit/mul3/pipe_mul1/sum_1_reg[37]_i_1_n_0
    SLICE_X35Y53         CARRY4 (Prop_carry4_CI_CO[3])
                                                      0.114     6.896 r  my_dut/sine_unit/mul3/pipe_mul1/sum_1_reg[41]_i_1/CO[3]
                         net (fo=1, routed)           0.000     6.896    my_dut/sine_unit/mul3/pipe_mul1/sum_1_reg[41]_i_1_n_0
    SLICE_X35Y54         CARRY4 (Prop_carry4_CI_CO[3])
                                                      0.114     7.010 r  my_dut/sine_unit/mul3/pipe_mul1/sum_1_reg[45]_i_1/CO[3]
                         net (fo=1, routed)           0.000     7.010    my_dut/sine_unit/mul3/pipe_mul1/sum_1_reg[45]_i_1_n_0
    SLICE_X35Y55         CARRY4 (Prop_carry4_CI_CO[3])
                                                      0.114     7.124 r  my_dut/sine_unit/mul3/pipe_mul1/sum_1_reg[49]_i_1/CO[3]
                         net (fo=1, routed)           0.000     7.124    my_dut/sine_unit/mul3/pipe_mul1/sum_1_reg[49]_i_1_n_0
    SLICE_X35Y56         CARRY4 (Prop_carry4_CI_CO[3])
                                                      0.114     7.238 r  my_dut/sine_unit/mul3/pipe_mul1/sum_1_reg[53]_i_1/CO[3]
                         net (fo=1, routed)           0.000     7.238    my_dut/sine_unit/mul3/pipe_mul1/sum_1_reg[53]_i_1_n_0
    SLICE_X35Y57         CARRY4 (Prop_carry4_CI_CO[3])
                                                      0.114     7.352 r  my_dut/sine_unit/mul3/pipe_mul1/sum_1_reg[57]_i_1/CO[3]
                         net (fo=1, routed)           0.000     7.352    my_dut/sine_unit/mul3/pipe_mul1/sum_1_reg[57]_i_1_n_0
    SLICE_X35Y58         CARRY4 (Prop_carry4_CI_O[2])
                                                      0.239     7.591 r  my_dut/sine_unit/mul3/pipe_mul1/sum_1_reg[61]_i_1/O[2]
                         net (fo=1, routed)           0.000     7.591    my_dut/sine_unit/mul3/pipe_mul1/plusOp[60]
    SLICE_X35Y58         FDRE                                         r  my_dut/sine_unit/mul3/pipe_mul1/sum_1_reg[60]/D
  -------------------------------------------------------------------    -------------------

                         (clock clk_out1_clk_wiz_0 rise edge)
                                                     10.000    10.000 r  
    L17                  IBUF                         0.000    10.000 r  CLK_IBUF_inst/O
                         net (fo=2, routed)           1.162    11.162    clk_wiz_0_0/inst/clk_in1
    MMCME2_ADV_X0Y0      MMCME2_ADV (Prop_mmcme2_adv_CLKIN1_CLKOUT0)
                                                     -7.221     3.940 r  clk_wiz_0_0/inst/mmcm_adv_inst/CLKOUT0
                         net (fo=1, routed)           1.587     5.527    clk_wiz_0_0/inst/clk_out1_clk_wiz_0
    BUFGCTRL_X0Y0        BUFG (Prop_bufg_I_O)         0.091     5.618 r  clk_wiz_0_0/inst/clkout1_buf/O
                         net (fo=2201, routed)        1.433     7.051    my_dut/sine_unit/mul3/pipe_mul1/clk_out1
    SLICE_X35Y58         FDRE                                         r  my_dut/sine_unit/mul3/pipe_mul1/sum_1_reg[60]/C
                         clock pessimism              0.419     7.470    
                         clock uncertainty           -0.225     7.245    
    SLICE_X35Y58         FDRE (Setup_fdre_C_D)        0.062     7.307    my_dut/sine_unit/mul3/pipe_mul1/sum_1_reg[60]
  -------------------------------------------------------------------
                         required time                          7.307    
                         arrival time                          -7.591    
  -------------------------------------------------------------------
                         slack                                 -0.284    

Slack (VIOLATED) :        -0.268ns  (required time - arrival time)
  Source:                 my_dut/sine_unit/currB_Re_reg[31]/C
                            (rising edge-triggered cell FDCE clocked by clk_out1_clk_wiz_0  {rise@0.000ns fall@5.000ns period=10.000ns})
  Destination:            my_dut/sine_unit/mul3/pipe_mul1/sum_1_reg[58]/D
                            (rising edge-triggered cell FDRE clocked by clk_out1_clk_wiz_0  {rise@0.000ns fall@5.000ns period=10.000ns})
  Path Group:             clk_out1_clk_wiz_0
  Path Type:              Setup (Max at Slow Process Corner)
  Requirement:            10.000ns  (clk_out1_clk_wiz_0 rise@10.000ns - clk_out1_clk_wiz_0 rise@0.000ns)
  Data Path Delay:        9.990ns  (logic 5.845ns (58.507%)  route 4.145ns (41.493%))
  Logic Levels:           10  (CARRY4=7 DSP48E1=1 LUT6=2)
  Clock Path Skew:        -0.114ns (DCD - SCD + CPR)
    Destination Clock Delay (DCD):    -2.949ns = ( 7.051 - 10.000 ) 
    Source Clock Delay      (SCD):    -2.415ns
    Clock Pessimism Removal (CPR):    0.419ns
  Clock Uncertainty:      0.225ns  ((TSJ^2 + DJ^2)^1/2) / 2 + PE
    Total System Jitter     (TSJ):    0.071ns
    Discrete Jitter          (DJ):    0.445ns
    Phase Error              (PE):    0.000ns

    Location             Delay type                Incr(ns)  Path(ns)    Netlist Resource(s)
  -------------------------------------------------------------------    -------------------
                         (clock clk_out1_clk_wiz_0 rise edge)
                                                      0.000     0.000 r  
    L17                  IBUF                         0.000     0.000 r  CLK_IBUF_inst/O
                         net (fo=2, routed)           1.233     1.233    clk_wiz_0_0/inst/clk_in1
    MMCME2_ADV_X0Y0      MMCME2_ADV (Prop_mmcme2_adv_CLKIN1_CLKOUT0)
                                                     -6.965    -5.732 r  clk_wiz_0_0/inst/mmcm_adv_inst/CLKOUT0
                         net (fo=1, routed)           1.666    -4.065    clk_wiz_0_0/inst/clk_out1_clk_wiz_0
    BUFGCTRL_X0Y0        BUFG (Prop_bufg_I_O)         0.096    -3.969 r  clk_wiz_0_0/inst/clkout1_buf/O
                         net (fo=2201, routed)        1.554    -2.415    my_dut/sine_unit/clk_out1
    SLICE_X43Y53         FDCE                                         r  my_dut/sine_unit/currB_Re_reg[31]/C
  -------------------------------------------------------------------    -------------------
    SLICE_X43Y53         FDCE (Prop_fdce_C_Q)         0.456    -1.959 r  my_dut/sine_unit/currB_Re_reg[31]/Q
                         net (fo=37, routed)          1.291    -0.668    my_dut/sine_unit/mul3/pipe_mul1/multOp__2_0[31]
    DSP48_X1Y18          DSP48E1 (Prop_dsp48e1_A[22]_P[2])
                                                      3.841     3.173 r  my_dut/sine_unit/mul3/pipe_mul1/multOp__2/P[2]
                         net (fo=3, routed)           1.857     5.030    my_dut/sine_unit/mul3/pipe_mul1/L[34]
    SLICE_X39Y52         LUT6 (Prop_lut6_I3_O)        0.124     5.154 r  my_dut/sine_unit/mul3/pipe_mul1/sum_1[37]_i_11__7/O
                         net (fo=2, routed)           0.301     5.455    my_dut/sine_unit/mul3/pipe_mul1/sum_1[37]_i_11__7_n_0
    SLICE_X36Y52         LUT6 (Prop_lut6_I0_O)        0.124     5.579 r  my_dut/sine_unit/mul3/pipe_mul1/sum_1[37]_i_4/O
                         net (fo=2, routed)           0.696     6.275    my_dut/sine_unit/mul3/pipe_mul1/sum_1[37]_i_4_n_0
    SLICE_X35Y52         CARRY4 (Prop_carry4_DI[1]_CO[3])
                                                      0.507     6.782 r  my_dut/sine_unit/mul3/pipe_mul1/sum_1_reg[37]_i_1/CO[3]
                         net (fo=1, routed)           0.000     6.782    my_dut/sine_unit/mul3/pipe_mul1/sum_1_reg[37]_i_1_n_0
    SLICE_X35Y53         CARRY4 (Prop_carry4_CI_CO[3])
                                                      0.114     6.896 r  my_dut/sine_unit/mul3/pipe_mul1/sum_1_reg[41]_i_1/CO[3]
                         net (fo=1, routed)           0.000     6.896    my_dut/sine_unit/mul3/pipe_mul1/sum_1_reg[41]_i_1_n_0
    SLICE_X35Y54         CARRY4 (Prop_carry4_CI_CO[3])
                                                      0.114     7.010 r  my_dut/sine_unit/mul3/pipe_mul1/sum_1_reg[45]_i_1/CO[3]
                         net (fo=1, routed)           0.000     7.010    my_dut/sine_unit/mul3/pipe_mul1/sum_1_reg[45]_i_1_n_0
    SLICE_X35Y55         CARRY4 (Prop_carry4_CI_CO[3])
                                                      0.114     7.124 r  my_dut/sine_unit/mul3/pipe_mul1/sum_1_reg[49]_i_1/CO[3]
                         net (fo=1, routed)           0.000     7.124    my_dut/sine_unit/mul3/pipe_mul1/sum_1_reg[49]_i_1_n_0
    SLICE_X35Y56         CARRY4 (Prop_carry4_CI_CO[3])
                                                      0.114     7.238 r  my_dut/sine_unit/mul3/pipe_mul1/sum_1_reg[53]_i_1/CO[3]
                         net (fo=1, routed)           0.000     7.238    my_dut/sine_unit/mul3/pipe_mul1/sum_1_reg[53]_i_1_n_0
    SLICE_X35Y57         CARRY4 (Prop_carry4_CI_CO[3])
                                                      0.114     7.352 r  my_dut/sine_unit/mul3/pipe_mul1/sum_1_reg[57]_i_1/CO[3]
                         net (fo=1, routed)           0.000     7.352    my_dut/sine_unit/mul3/pipe_mul1/sum_1_reg[57]_i_1_n_0
    SLICE_X35Y58         CARRY4 (Prop_carry4_CI_O[0])
                                                      0.223     7.575 r  my_dut/sine_unit/mul3/pipe_mul1/sum_1_reg[61]_i_1/O[0]
                         net (fo=1, routed)           0.000     7.575    my_dut/sine_unit/mul3/pipe_mul1/plusOp[58]
    SLICE_X35Y58         FDRE                                         r  my_dut/sine_unit/mul3/pipe_mul1/sum_1_reg[58]/D
  -------------------------------------------------------------------    -------------------

                         (clock clk_out1_clk_wiz_0 rise edge)
                                                     10.000    10.000 r  
    L17                  IBUF                         0.000    10.000 r  CLK_IBUF_inst/O
                         net (fo=2, routed)           1.162    11.162    clk_wiz_0_0/inst/clk_in1
    MMCME2_ADV_X0Y0      MMCME2_ADV (Prop_mmcme2_adv_CLKIN1_CLKOUT0)
                                                     -7.221     3.940 r  clk_wiz_0_0/inst/mmcm_adv_inst/CLKOUT0
                         net (fo=1, routed)           1.587     5.527    clk_wiz_0_0/inst/clk_out1_clk_wiz_0
    BUFGCTRL_X0Y0        BUFG (Prop_bufg_I_O)         0.091     5.618 r  clk_wiz_0_0/inst/clkout1_buf/O
                         net (fo=2201, routed)        1.433     7.051    my_dut/sine_unit/mul3/pipe_mul1/clk_out1
    SLICE_X35Y58         FDRE                                         r  my_dut/sine_unit/mul3/pipe_mul1/sum_1_reg[58]/C
                         clock pessimism              0.419     7.470    
                         clock uncertainty           -0.225     7.245    
    SLICE_X35Y58         FDRE (Setup_fdre_C_D)        0.062     7.307    my_dut/sine_unit/mul3/pipe_mul1/sum_1_reg[58]
  -------------------------------------------------------------------
                         required time                          7.307    
                         arrival time                          -7.575    
  -------------------------------------------------------------------
                         slack                                 -0.268    

Slack (VIOLATED) :        -0.265ns  (required time - arrival time)
  Source:                 my_dut/sine_unit/currB_Re_reg[31]/C
                            (rising edge-triggered cell FDCE clocked by clk_out1_clk_wiz_0  {rise@0.000ns fall@5.000ns period=10.000ns})
  Destination:            my_dut/sine_unit/mul3/pipe_mul1/sum_1_reg[55]/D
                            (rising edge-triggered cell FDRE clocked by clk_out1_clk_wiz_0  {rise@0.000ns fall@5.000ns period=10.000ns})
  Path Group:             clk_out1_clk_wiz_0
  Path Type:              Setup (Max at Slow Process Corner)
  Requirement:            10.000ns  (clk_out1_clk_wiz_0 rise@10.000ns - clk_out1_clk_wiz_0 rise@0.000ns)
  Data Path Delay:        9.987ns  (logic 5.842ns (58.495%)  route 4.145ns (41.505%))
  Logic Levels:           9  (CARRY4=6 DSP48E1=1 LUT6=2)
  Clock Path Skew:        -0.114ns (DCD - SCD + CPR)
    Destination Clock Delay (DCD):    -2.949ns = ( 7.051 - 10.000 ) 
    Source Clock Delay      (SCD):    -2.415ns
    Clock Pessimism Removal (CPR):    0.419ns
  Clock Uncertainty:      0.225ns  ((TSJ^2 + DJ^2)^1/2) / 2 + PE
    Total System Jitter     (TSJ):    0.071ns
    Discrete Jitter          (DJ):    0.445ns
    Phase Error              (PE):    0.000ns

    Location             Delay type                Incr(ns)  Path(ns)    Netlist Resource(s)
  -------------------------------------------------------------------    -------------------
                         (clock clk_out1_clk_wiz_0 rise edge)
                                                      0.000     0.000 r  
    L17                  IBUF                         0.000     0.000 r  CLK_IBUF_inst/O
                         net (fo=2, routed)           1.233     1.233    clk_wiz_0_0/inst/clk_in1
    MMCME2_ADV_X0Y0      MMCME2_ADV (Prop_mmcme2_adv_CLKIN1_CLKOUT0)
                                                     -6.965    -5.732 r  clk_wiz_0_0/inst/mmcm_adv_inst/CLKOUT0
                         net (fo=1, routed)           1.666    -4.065    clk_wiz_0_0/inst/clk_out1_clk_wiz_0
    BUFGCTRL_X0Y0        BUFG (Prop_bufg_I_O)         0.096    -3.969 r  clk_wiz_0_0/inst/clkout1_buf/O
                         net (fo=2201, routed)        1.554    -2.415    my_dut/sine_unit/clk_out1
    SLICE_X43Y53         FDCE                                         r  my_dut/sine_unit/currB_Re_reg[31]/C
  -------------------------------------------------------------------    -------------------
    SLICE_X43Y53         FDCE (Prop_fdce_C_Q)         0.456    -1.959 r  my_dut/sine_unit/currB_Re_reg[31]/Q
                         net (fo=37, routed)          1.291    -0.668    my_dut/sine_unit/mul3/pipe_mul1/multOp__2_0[31]
    DSP48_X1Y18          DSP48E1 (Prop_dsp48e1_A[22]_P[2])
                                                      3.841     3.173 r  my_dut/sine_unit/mul3/pipe_mul1/multOp__2/P[2]
                         net (fo=3, routed)           1.857     5.030    my_dut/sine_unit/mul3/pipe_mul1/L[34]
    SLICE_X39Y52         LUT6 (Prop_lut6_I3_O)        0.124     5.154 r  my_dut/sine_unit/mul3/pipe_mul1/sum_1[37]_i_11__7/O
                         net (fo=2, routed)           0.301     5.455    my_dut/sine_unit/mul3/pipe_mul1/sum_1[37]_i_11__7_n_0
    SLICE_X36Y52         LUT6 (Prop_lut6_I0_O)        0.124     5.579 r  my_dut/sine_unit/mul3/pipe_mul1/sum_1[37]_i_4/O
                         net (fo=2, routed)           0.696     6.275    my_dut/sine_unit/mul3/pipe_mul1/sum_1[37]_i_4_n_0
    SLICE_X35Y52         CARRY4 (Prop_carry4_DI[1]_CO[3])
                                                      0.507     6.782 r  my_dut/sine_unit/mul3/pipe_mul1/sum_1_reg[37]_i_1/CO[3]
                         net (fo=1, routed)           0.000     6.782    my_dut/sine_unit/mul3/pipe_mul1/sum_1_reg[37]_i_1_n_0
    SLICE_X35Y53         CARRY4 (Prop_carry4_CI_CO[3])
                                                      0.114     6.896 r  my_dut/sine_unit/mul3/pipe_mul1/sum_1_reg[41]_i_1/CO[3]
                         net (fo=1, routed)           0.000     6.896    my_dut/sine_unit/mul3/pipe_mul1/sum_1_reg[41]_i_1_n_0
    SLICE_X35Y54         CARRY4 (Prop_carry4_CI_CO[3])
                                                      0.114     7.010 r  my_dut/sine_unit/mul3/pipe_mul1/sum_1_reg[45]_i_1/CO[3]
                         net (fo=1, routed)           0.000     7.010    my_dut/sine_unit/mul3/pipe_mul1/sum_1_reg[45]_i_1_n_0
    SLICE_X35Y55         CARRY4 (Prop_carry4_CI_CO[3])
                                                      0.114     7.124 r  my_dut/sine_unit/mul3/pipe_mul1/sum_1_reg[49]_i_1/CO[3]
                         net (fo=1, routed)           0.000     7.124    my_dut/sine_unit/mul3/pipe_mul1/sum_1_reg[49]_i_1_n_0
    SLICE_X35Y56         CARRY4 (Prop_carry4_CI_CO[3])
                                                      0.114     7.238 r  my_dut/sine_unit/mul3/pipe_mul1/sum_1_reg[53]_i_1/CO[3]
                         net (fo=1, routed)           0.000     7.238    my_dut/sine_unit/mul3/pipe_mul1/sum_1_reg[53]_i_1_n_0
    SLICE_X35Y57         CARRY4 (Prop_carry4_CI_O[1])
                                                      0.334     7.572 r  my_dut/sine_unit/mul3/pipe_mul1/sum_1_reg[57]_i_1/O[1]
                         net (fo=1, routed)           0.000     7.572    my_dut/sine_unit/mul3/pipe_mul1/plusOp[55]
    SLICE_X35Y57         FDRE                                         r  my_dut/sine_unit/mul3/pipe_mul1/sum_1_reg[55]/D
  -------------------------------------------------------------------    -------------------

                         (clock clk_out1_clk_wiz_0 rise edge)
                                                     10.000    10.000 r  
    L17                  IBUF                         0.000    10.000 r  CLK_IBUF_inst/O
                         net (fo=2, routed)           1.162    11.162    clk_wiz_0_0/inst/clk_in1
    MMCME2_ADV_X0Y0      MMCME2_ADV (Prop_mmcme2_adv_CLKIN1_CLKOUT0)
                                                     -7.221     3.940 r  clk_wiz_0_0/inst/mmcm_adv_inst/CLKOUT0
                         net (fo=1, routed)           1.587     5.527    clk_wiz_0_0/inst/clk_out1_clk_wiz_0
    BUFGCTRL_X0Y0        BUFG (Prop_bufg_I_O)         0.091     5.618 r  clk_wiz_0_0/inst/clkout1_buf/O
                         net (fo=2201, routed)        1.433     7.051    my_dut/sine_unit/mul3/pipe_mul1/clk_out1
    SLICE_X35Y57         FDRE                                         r  my_dut/sine_unit/mul3/pipe_mul1/sum_1_reg[55]/C
                         clock pessimism              0.419     7.470    
                         clock uncertainty           -0.225     7.245    
    SLICE_X35Y57         FDRE (Setup_fdre_C_D)        0.062     7.307    my_dut/sine_unit/mul3/pipe_mul1/sum_1_reg[55]
  -------------------------------------------------------------------
                         required time                          7.307    
                         arrival time                          -7.572    
  -------------------------------------------------------------------
                         slack                                 -0.265    

Slack (VIOLATED) :        -0.262ns  (required time - arrival time)
  Source:                 my_dut/sine_unit/currB_Re_reg[31]/C
                            (rising edge-triggered cell FDCE clocked by clk_out1_clk_wiz_0  {rise@0.000ns fall@5.000ns period=10.000ns})
  Destination:            my_dut/sine_unit/mul3/pipe_mul3/sum_1_reg[60]/D
                            (rising edge-triggered cell FDRE clocked by clk_out1_clk_wiz_0  {rise@0.000ns fall@5.000ns period=10.000ns})
  Path Group:             clk_out1_clk_wiz_0
  Path Type:              Setup (Max at Slow Process Corner)
  Requirement:            10.000ns  (clk_out1_clk_wiz_0 rise@10.000ns - clk_out1_clk_wiz_0 rise@0.000ns)
  Data Path Delay:        10.033ns  (logic 5.639ns (56.206%)  route 4.394ns (43.794%))
  Logic Levels:           9  (CARRY4=5 DSP48E1=1 LUT5=1 LUT6=2)
  Clock Path Skew:        -0.113ns (DCD - SCD + CPR)
    Destination Clock Delay (DCD):    -2.948ns = ( 7.052 - 10.000 ) 
    Source Clock Delay      (SCD):    -2.415ns
    Clock Pessimism Removal (CPR):    0.419ns
  Clock Uncertainty:      0.225ns  ((TSJ^2 + DJ^2)^1/2) / 2 + PE
    Total System Jitter     (TSJ):    0.071ns
    Discrete Jitter          (DJ):    0.445ns
    Phase Error              (PE):    0.000ns

    Location             Delay type                Incr(ns)  Path(ns)    Netlist Resource(s)
  -------------------------------------------------------------------    -------------------
                         (clock clk_out1_clk_wiz_0 rise edge)
                                                      0.000     0.000 r  
    L17                  IBUF                         0.000     0.000 r  CLK_IBUF_inst/O
                         net (fo=2, routed)           1.233     1.233    clk_wiz_0_0/inst/clk_in1
    MMCME2_ADV_X0Y0      MMCME2_ADV (Prop_mmcme2_adv_CLKIN1_CLKOUT0)
                                                     -6.965    -5.732 r  clk_wiz_0_0/inst/mmcm_adv_inst/CLKOUT0
                         net (fo=1, routed)           1.666    -4.065    clk_wiz_0_0/inst/clk_out1_clk_wiz_0
    BUFGCTRL_X0Y0        BUFG (Prop_bufg_I_O)         0.096    -3.969 r  clk_wiz_0_0/inst/clkout1_buf/O
                         net (fo=2201, routed)        1.554    -2.415    my_dut/sine_unit/clk_out1
    SLICE_X43Y53         FDCE                                         r  my_dut/sine_unit/currB_Re_reg[31]/C
  -------------------------------------------------------------------    -------------------
    SLICE_X43Y53         FDCE (Prop_fdce_C_Q)         0.456    -1.959 r  my_dut/sine_unit/currB_Re_reg[31]/Q
                         net (fo=37, routed)          1.341    -0.618    my_dut/sine_unit/mul3/pipe_mul3/multOp__2_0[31]
    DSP48_X1Y17          DSP48E1 (Prop_dsp48e1_A[29]_P[10])
                                                      3.841     3.223 r  my_dut/sine_unit/mul3/pipe_mul3/multOp__2/P[10]
                         net (fo=4, routed)           1.670     4.893    my_dut/sine_unit/mul3/pipe_mul3/L[42]
    SLICE_X36Y50         LUT5 (Prop_lut5_I2_O)        0.124     5.017 r  my_dut/sine_unit/mul3/pipe_mul3/sum_1[45]_i_11__9/O
                         net (fo=1, routed)           0.488     5.504    my_dut/sine_unit/mul3/pipe_mul3/sum_1[45]_i_11__9_n_0
    SLICE_X36Y50         LUT6 (Prop_lut6_I5_O)        0.124     5.628 r  my_dut/sine_unit/mul3/pipe_mul3/sum_1[45]_i_3__9/O
                         net (fo=2, routed)           0.895     6.523    my_dut/sine_unit/mul3/pipe_mul3/sum_1[45]_i_3__9_n_0
    SLICE_X34Y52         LUT6 (Prop_lut6_I0_O)        0.124     6.647 r  my_dut/sine_unit/mul3/pipe_mul3/sum_1[45]_i_7/O
                         net (fo=1, routed)           0.000     6.647    my_dut/sine_unit/mul3/pipe_mul3/sum_1[45]_i_7_n_0
    SLICE_X34Y52         CARRY4 (Prop_carry4_S[2]_CO[3])
                                                      0.380     7.027 r  my_dut/sine_unit/mul3/pipe_mul3/sum_1_reg[45]_i_1/CO[3]
                         net (fo=1, routed)           0.000     7.027    my_dut/sine_unit/mul3/pipe_mul3/sum_1_reg[45]_i_1_n_0
    SLICE_X34Y53         CARRY4 (Prop_carry4_CI_CO[3])
                                                      0.117     7.144 r  my_dut/sine_unit/mul3/pipe_mul3/sum_1_reg[49]_i_1/CO[3]
                         net (fo=1, routed)           0.000     7.144    my_dut/sine_unit/mul3/pipe_mul3/sum_1_reg[49]_i_1_n_0
    SLICE_X34Y54         CARRY4 (Prop_carry4_CI_CO[3])
                                                      0.117     7.261 r  my_dut/sine_unit/mul3/pipe_mul3/sum_1_reg[53]_i_1/CO[3]
                         net (fo=1, routed)           0.000     7.261    my_dut/sine_unit/mul3/pipe_mul3/sum_1_reg[53]_i_1_n_0
    SLICE_X34Y55         CARRY4 (Prop_carry4_CI_CO[3])
                                                      0.117     7.378 r  my_dut/sine_unit/mul3/pipe_mul3/sum_1_reg[57]_i_1/CO[3]
                         net (fo=1, routed)           0.000     7.378    my_dut/sine_unit/mul3/pipe_mul3/sum_1_reg[57]_i_1_n_0
    SLICE_X34Y56         CARRY4 (Prop_carry4_CI_O[2])
                                                      0.239     7.617 r  my_dut/sine_unit/mul3/pipe_mul3/sum_1_reg[61]_i_1/O[2]
                         net (fo=1, routed)           0.000     7.617    my_dut/sine_unit/mul3/pipe_mul3/plusOp[60]
    SLICE_X34Y56         FDRE                                         r  my_dut/sine_unit/mul3/pipe_mul3/sum_1_reg[60]/D
  -------------------------------------------------------------------    -------------------

                         (clock clk_out1_clk_wiz_0 rise edge)
                                                     10.000    10.000 r  
    L17                  IBUF                         0.000    10.000 r  CLK_IBUF_inst/O
                         net (fo=2, routed)           1.162    11.162    clk_wiz_0_0/inst/clk_in1
    MMCME2_ADV_X0Y0      MMCME2_ADV (Prop_mmcme2_adv_CLKIN1_CLKOUT0)
                                                     -7.221     3.940 r  clk_wiz_0_0/inst/mmcm_adv_inst/CLKOUT0
                         net (fo=1, routed)           1.587     5.527    clk_wiz_0_0/inst/clk_out1_clk_wiz_0
    BUFGCTRL_X0Y0        BUFG (Prop_bufg_I_O)         0.091     5.618 r  clk_wiz_0_0/inst/clkout1_buf/O
                         net (fo=2201, routed)        1.434     7.052    my_dut/sine_unit/mul3/pipe_mul3/clk_out1
    SLICE_X34Y56         FDRE                                         r  my_dut/sine_unit/mul3/pipe_mul3/sum_1_reg[60]/C
                         clock pessimism              0.419     7.471    
                         clock uncertainty           -0.225     7.246    
    SLICE_X34Y56         FDRE (Setup_fdre_C_D)        0.109     7.355    my_dut/sine_unit/mul3/pipe_mul3/sum_1_reg[60]
  -------------------------------------------------------------------
                         required time                          7.355    
                         arrival time                          -7.617    
  -------------------------------------------------------------------
                         slack                                 -0.262    

Slack (VIOLATED) :        -0.244ns  (required time - arrival time)
  Source:                 my_dut/sine_unit/currB_Re_reg[31]/C
                            (rising edge-triggered cell FDCE clocked by clk_out1_clk_wiz_0  {rise@0.000ns fall@5.000ns period=10.000ns})
  Destination:            my_dut/sine_unit/mul3/pipe_mul1/sum_1_reg[57]/D
                            (rising edge-triggered cell FDRE clocked by clk_out1_clk_wiz_0  {rise@0.000ns fall@5.000ns period=10.000ns})
  Path Group:             clk_out1_clk_wiz_0
  Path Type:              Setup (Max at Slow Process Corner)
  Requirement:            10.000ns  (clk_out1_clk_wiz_0 rise@10.000ns - clk_out1_clk_wiz_0 rise@0.000ns)
  Data Path Delay:        9.966ns  (logic 5.821ns (58.407%)  route 4.145ns (41.593%))
  Logic Levels:           9  (CARRY4=6 DSP48E1=1 LUT6=2)
  Clock Path Skew:        -0.114ns (DCD - SCD + CPR)
    Destination Clock Delay (DCD):    -2.949ns = ( 7.051 - 10.000 ) 
    Source Clock Delay      (SCD):    -2.415ns
    Clock Pessimism Removal (CPR):    0.419ns
  Clock Uncertainty:      0.225ns  ((TSJ^2 + DJ^2)^1/2) / 2 + PE
    Total System Jitter     (TSJ):    0.071ns
    Discrete Jitter          (DJ):    0.445ns
    Phase Error              (PE):    0.000ns

    Location             Delay type                Incr(ns)  Path(ns)    Netlist Resource(s)
  -------------------------------------------------------------------    -------------------
                         (clock clk_out1_clk_wiz_0 rise edge)
                                                      0.000     0.000 r  
    L17                  IBUF                         0.000     0.000 r  CLK_IBUF_inst/O
                         net (fo=2, routed)           1.233     1.233    clk_wiz_0_0/inst/clk_in1
    MMCME2_ADV_X0Y0      MMCME2_ADV (Prop_mmcme2_adv_CLKIN1_CLKOUT0)
                                                     -6.965    -5.732 r  clk_wiz_0_0/inst/mmcm_adv_inst/CLKOUT0
                         net (fo=1, routed)           1.666    -4.065    clk_wiz_0_0/inst/clk_out1_clk_wiz_0
    BUFGCTRL_X0Y0        BUFG (Prop_bufg_I_O)         0.096    -3.969 r  clk_wiz_0_0/inst/clkout1_buf/O
                         net (fo=2201, routed)        1.554    -2.415    my_dut/sine_unit/clk_out1
    SLICE_X43Y53         FDCE                                         r  my_dut/sine_unit/currB_Re_reg[31]/C
  -------------------------------------------------------------------    -------------------
    SLICE_X43Y53         FDCE (Prop_fdce_C_Q)         0.456    -1.959 r  my_dut/sine_unit/currB_Re_reg[31]/Q
                         net (fo=37, routed)          1.291    -0.668    my_dut/sine_unit/mul3/pipe_mul1/multOp__2_0[31]
    DSP48_X1Y18          DSP48E1 (Prop_dsp48e1_A[22]_P[2])
                                                      3.841     3.173 r  my_dut/sine_unit/mul3/pipe_mul1/multOp__2/P[2]
                         net (fo=3, routed)           1.857     5.030    my_dut/sine_unit/mul3/pipe_mul1/L[34]
    SLICE_X39Y52         LUT6 (Prop_lut6_I3_O)        0.124     5.154 r  my_dut/sine_unit/mul3/pipe_mul1/sum_1[37]_i_11__7/O
                         net (fo=2, routed)           0.301     5.455    my_dut/sine_unit/mul3/pipe_mul1/sum_1[37]_i_11__7_n_0
    SLICE_X36Y52         LUT6 (Prop_lut6_I0_O)        0.124     5.579 r  my_dut/sine_unit/mul3/pipe_mul1/sum_1[37]_i_4/O
                         net (fo=2, routed)           0.696     6.275    my_dut/sine_unit/mul3/pipe_mul1/sum_1[37]_i_4_n_0
    SLICE_X35Y52         CARRY4 (Prop_carry4_DI[1]_CO[3])
                                                      0.507     6.782 r  my_dut/sine_unit/mul3/pipe_mul1/sum_1_reg[37]_i_1/CO[3]
                         net (fo=1, routed)           0.000     6.782    my_dut/sine_unit/mul3/pipe_mul1/sum_1_reg[37]_i_1_n_0
    SLICE_X35Y53         CARRY4 (Prop_carry4_CI_CO[3])
                                                      0.114     6.896 r  my_dut/sine_unit/mul3/pipe_mul1/sum_1_reg[41]_i_1/CO[3]
                         net (fo=1, routed)           0.000     6.896    my_dut/sine_unit/mul3/pipe_mul1/sum_1_reg[41]_i_1_n_0
    SLICE_X35Y54         CARRY4 (Prop_carry4_CI_CO[3])
                                                      0.114     7.010 r  my_dut/sine_unit/mul3/pipe_mul1/sum_1_reg[45]_i_1/CO[3]
                         net (fo=1, routed)           0.000     7.010    my_dut/sine_unit/mul3/pipe_mul1/sum_1_reg[45]_i_1_n_0
    SLICE_X35Y55         CARRY4 (Prop_carry4_CI_CO[3])
                                                      0.114     7.124 r  my_dut/sine_unit/mul3/pipe_mul1/sum_1_reg[49]_i_1/CO[3]
                         net (fo=1, routed)           0.000     7.124    my_dut/sine_unit/mul3/pipe_mul1/sum_1_reg[49]_i_1_n_0
    SLICE_X35Y56         CARRY4 (Prop_carry4_CI_CO[3])
                                                      0.114     7.238 r  my_dut/sine_unit/mul3/pipe_mul1/sum_1_reg[53]_i_1/CO[3]
                         net (fo=1, routed)           0.000     7.238    my_dut/sine_unit/mul3/pipe_mul1/sum_1_reg[53]_i_1_n_0
    SLICE_X35Y57         CARRY4 (Prop_carry4_CI_O[3])
                                                      0.313     7.551 r  my_dut/sine_unit/mul3/pipe_mul1/sum_1_reg[57]_i_1/O[3]
                         net (fo=1, routed)           0.000     7.551    my_dut/sine_unit/mul3/pipe_mul1/plusOp[57]
    SLICE_X35Y57         FDRE                                         r  my_dut/sine_unit/mul3/pipe_mul1/sum_1_reg[57]/D
  -------------------------------------------------------------------    -------------------

                         (clock clk_out1_clk_wiz_0 rise edge)
                                                     10.000    10.000 r  
    L17                  IBUF                         0.000    10.000 r  CLK_IBUF_inst/O
                         net (fo=2, routed)           1.162    11.162    clk_wiz_0_0/inst/clk_in1
    MMCME2_ADV_X0Y0      MMCME2_ADV (Prop_mmcme2_adv_CLKIN1_CLKOUT0)
                                                     -7.221     3.940 r  clk_wiz_0_0/inst/mmcm_adv_inst/CLKOUT0
                         net (fo=1, routed)           1.587     5.527    clk_wiz_0_0/inst/clk_out1_clk_wiz_0
    BUFGCTRL_X0Y0        BUFG (Prop_bufg_I_O)         0.091     5.618 r  clk_wiz_0_0/inst/clkout1_buf/O
                         net (fo=2201, routed)        1.433     7.051    my_dut/sine_unit/mul3/pipe_mul1/clk_out1
    SLICE_X35Y57         FDRE                                         r  my_dut/sine_unit/mul3/pipe_mul1/sum_1_reg[57]/C
                         clock pessimism              0.419     7.470    
                         clock uncertainty           -0.225     7.245    
    SLICE_X35Y57         FDRE (Setup_fdre_C_D)        0.062     7.307    my_dut/sine_unit/mul3/pipe_mul1/sum_1_reg[57]
  -------------------------------------------------------------------
                         required time                          7.307    
                         arrival time                          -7.551    
  -------------------------------------------------------------------
                         slack                                 -0.244    

Slack (VIOLATED) :        -0.242ns  (required time - arrival time)
  Source:                 my_dut/sine_unit/currB_Re_reg[31]/C
                            (rising edge-triggered cell FDCE clocked by clk_out1_clk_wiz_0  {rise@0.000ns fall@5.000ns period=10.000ns})
  Destination:            my_dut/sine_unit/mul3/pipe_mul3/sum_1_reg[58]/D
                            (rising edge-triggered cell FDRE clocked by clk_out1_clk_wiz_0  {rise@0.000ns fall@5.000ns period=10.000ns})
  Path Group:             clk_out1_clk_wiz_0
  Path Type:              Setup (Max at Slow Process Corner)
  Requirement:            10.000ns  (clk_out1_clk_wiz_0 rise@10.000ns - clk_out1_clk_wiz_0 rise@0.000ns)
  Data Path Delay:        10.013ns  (logic 5.619ns (56.118%)  route 4.394ns (43.882%))
  Logic Levels:           9  (CARRY4=5 DSP48E1=1 LUT5=1 LUT6=2)
  Clock Path Skew:        -0.113ns (DCD - SCD + CPR)
    Destination Clock Delay (DCD):    -2.948ns = ( 7.052 - 10.000 ) 
    Source Clock Delay      (SCD):    -2.415ns
    Clock Pessimism Removal (CPR):    0.419ns
  Clock Uncertainty:      0.225ns  ((TSJ^2 + DJ^2)^1/2) / 2 + PE
    Total System Jitter     (TSJ):    0.071ns
    Discrete Jitter          (DJ):    0.445ns
    Phase Error              (PE):    0.000ns

    Location             Delay type                Incr(ns)  Path(ns)    Netlist Resource(s)
  -------------------------------------------------------------------    -------------------
                         (clock clk_out1_clk_wiz_0 rise edge)
                                                      0.000     0.000 r  
    L17                  IBUF                         0.000     0.000 r  CLK_IBUF_inst/O
                         net (fo=2, routed)           1.233     1.233    clk_wiz_0_0/inst/clk_in1
    MMCME2_ADV_X0Y0      MMCME2_ADV (Prop_mmcme2_adv_CLKIN1_CLKOUT0)
                                                     -6.965    -5.732 r  clk_wiz_0_0/inst/mmcm_adv_inst/CLKOUT0
                         net (fo=1, routed)           1.666    -4.065    clk_wiz_0_0/inst/clk_out1_clk_wiz_0
    BUFGCTRL_X0Y0        BUFG (Prop_bufg_I_O)         0.096    -3.969 r  clk_wiz_0_0/inst/clkout1_buf/O
                         net (fo=2201, routed)        1.554    -2.415    my_dut/sine_unit/clk_out1
    SLICE_X43Y53         FDCE                                         r  my_dut/sine_unit/currB_Re_reg[31]/C
  -------------------------------------------------------------------    -------------------
    SLICE_X43Y53         FDCE (Prop_fdce_C_Q)         0.456    -1.959 r  my_dut/sine_unit/currB_Re_reg[31]/Q
                         net (fo=37, routed)          1.341    -0.618    my_dut/sine_unit/mul3/pipe_mul3/multOp__2_0[31]
    DSP48_X1Y17          DSP48E1 (Prop_dsp48e1_A[29]_P[10])
                                                      3.841     3.223 r  my_dut/sine_unit/mul3/pipe_mul3/multOp__2/P[10]
                         net (fo=4, routed)           1.670     4.893    my_dut/sine_unit/mul3/pipe_mul3/L[42]
    SLICE_X36Y50         LUT5 (Prop_lut5_I2_O)        0.124     5.017 r  my_dut/sine_unit/mul3/pipe_mul3/sum_1[45]_i_11__9/O
                         net (fo=1, routed)           0.488     5.504    my_dut/sine_unit/mul3/pipe_mul3/sum_1[45]_i_11__9_n_0
    SLICE_X36Y50         LUT6 (Prop_lut6_I5_O)        0.124     5.628 r  my_dut/sine_unit/mul3/pipe_mul3/sum_1[45]_i_3__9/O
                         net (fo=2, routed)           0.895     6.523    my_dut/sine_unit/mul3/pipe_mul3/sum_1[45]_i_3__9_n_0
    SLICE_X34Y52         LUT6 (Prop_lut6_I0_O)        0.124     6.647 r  my_dut/sine_unit/mul3/pipe_mul3/sum_1[45]_i_7/O
                         net (fo=1, routed)           0.000     6.647    my_dut/sine_unit/mul3/pipe_mul3/sum_1[45]_i_7_n_0
    SLICE_X34Y52         CARRY4 (Prop_carry4_S[2]_CO[3])
                                                      0.380     7.027 r  my_dut/sine_unit/mul3/pipe_mul3/sum_1_reg[45]_i_1/CO[3]
                         net (fo=1, routed)           0.000     7.027    my_dut/sine_unit/mul3/pipe_mul3/sum_1_reg[45]_i_1_n_0
    SLICE_X34Y53         CARRY4 (Prop_carry4_CI_CO[3])
                                                      0.117     7.144 r  my_dut/sine_unit/mul3/pipe_mul3/sum_1_reg[49]_i_1/CO[3]
                         net (fo=1, routed)           0.000     7.144    my_dut/sine_unit/mul3/pipe_mul3/sum_1_reg[49]_i_1_n_0
    SLICE_X34Y54         CARRY4 (Prop_carry4_CI_CO[3])
                                                      0.117     7.261 r  my_dut/sine_unit/mul3/pipe_mul3/sum_1_reg[53]_i_1/CO[3]
                         net (fo=1, routed)           0.000     7.261    my_dut/sine_unit/mul3/pipe_mul3/sum_1_reg[53]_i_1_n_0
    SLICE_X34Y55         CARRY4 (Prop_carry4_CI_CO[3])
                                                      0.117     7.378 r  my_dut/sine_unit/mul3/pipe_mul3/sum_1_reg[57]_i_1/CO[3]
                         net (fo=1, routed)           0.000     7.378    my_dut/sine_unit/mul3/pipe_mul3/sum_1_reg[57]_i_1_n_0
    SLICE_X34Y56         CARRY4 (Prop_carry4_CI_O[0])
                                                      0.219     7.597 r  my_dut/sine_unit/mul3/pipe_mul3/sum_1_reg[61]_i_1/O[0]
                         net (fo=1, routed)           0.000     7.597    my_dut/sine_unit/mul3/pipe_mul3/plusOp[58]
    SLICE_X34Y56         FDRE                                         r  my_dut/sine_unit/mul3/pipe_mul3/sum_1_reg[58]/D
  -------------------------------------------------------------------    -------------------

                         (clock clk_out1_clk_wiz_0 rise edge)
                                                     10.000    10.000 r  
    L17                  IBUF                         0.000    10.000 r  CLK_IBUF_inst/O
                         net (fo=2, routed)           1.162    11.162    clk_wiz_0_0/inst/clk_in1
    MMCME2_ADV_X0Y0      MMCME2_ADV (Prop_mmcme2_adv_CLKIN1_CLKOUT0)
                                                     -7.221     3.940 r  clk_wiz_0_0/inst/mmcm_adv_inst/CLKOUT0
                         net (fo=1, routed)           1.587     5.527    clk_wiz_0_0/inst/clk_out1_clk_wiz_0
    BUFGCTRL_X0Y0        BUFG (Prop_bufg_I_O)         0.091     5.618 r  clk_wiz_0_0/inst/clkout1_buf/O
                         net (fo=2201, routed)        1.434     7.052    my_dut/sine_unit/mul3/pipe_mul3/clk_out1
    SLICE_X34Y56         FDRE                                         r  my_dut/sine_unit/mul3/pipe_mul3/sum_1_reg[58]/C
                         clock pessimism              0.419     7.471    
                         clock uncertainty           -0.225     7.246    
    SLICE_X34Y56         FDRE (Setup_fdre_C_D)        0.109     7.355    my_dut/sine_unit/mul3/pipe_mul3/sum_1_reg[58]
  -------------------------------------------------------------------
                         required time                          7.355    
                         arrival time                          -7.597    
  -------------------------------------------------------------------
                         slack                                 -0.242    





Min Delay Paths
--------------------------------------------------------------------------------------
Slack (MET) :             0.056ns  (arrival time - required time)
  Source:                 my_dut/uart_unit/din01_reg[14]/C
                            (rising edge-triggered cell FDRE clocked by clk_out1_clk_wiz_0  {rise@0.000ns fall@5.000ns period=10.000ns})
  Destination:            my_dut/myLut1/ram_reg_1/DIADI[5]
                            (rising edge-triggered cell RAMB36E1 clocked by clk_out1_clk_wiz_0  {rise@0.000ns fall@5.000ns period=10.000ns})
  Path Group:             clk_out1_clk_wiz_0
  Path Type:              Hold (Min at Fast Process Corner)
  Requirement:            0.000ns  (clk_out1_clk_wiz_0 rise@0.000ns - clk_out1_clk_wiz_0 rise@0.000ns)
  Data Path Delay:        0.289ns  (logic 0.164ns (56.737%)  route 0.125ns (43.263%))
  Logic Levels:           0  
  Clock Path Skew:        0.078ns (DCD - SCD - CPR)
    Destination Clock Delay (DCD):    -1.227ns
    Source Clock Delay      (SCD):    -0.844ns
    Clock Pessimism Removal (CPR):    -0.461ns

    Location             Delay type                Incr(ns)  Path(ns)    Netlist Resource(s)
  -------------------------------------------------------------------    -------------------
                         (clock clk_out1_clk_wiz_0 rise edge)
                                                      0.000     0.000 r  
    L17                  IBUF                         0.000     0.000 r  CLK_IBUF_inst/O
                         net (fo=2, routed)           0.440     0.440    clk_wiz_0_0/inst/clk_in1
    MMCME2_ADV_X0Y0      MMCME2_ADV (Prop_mmcme2_adv_CLKIN1_CLKOUT0)
                                                     -2.362    -1.922 r  clk_wiz_0_0/inst/mmcm_adv_inst/CLKOUT0
                         net (fo=1, routed)           0.489    -1.433    clk_wiz_0_0/inst/clk_out1_clk_wiz_0
    BUFGCTRL_X0Y0        BUFG (Prop_bufg_I_O)         0.026    -1.407 r  clk_wiz_0_0/inst/clkout1_buf/O
                         net (fo=2201, routed)        0.564    -0.844    my_dut/uart_unit/clk_out1
    SLICE_X10Y53         FDRE                                         r  my_dut/uart_unit/din01_reg[14]/C
  -------------------------------------------------------------------    -------------------
    SLICE_X10Y53         FDRE (Prop_fdre_C_Q)         0.164    -0.680 r  my_dut/uart_unit/din01_reg[14]/Q
                         net (fo=1, routed)           0.125    -0.555    my_dut/myLut1/Q[14]
    RAMB36_X0Y10         RAMB36E1                                     r  my_dut/myLut1/ram_reg_1/DIADI[5]
  -------------------------------------------------------------------    -------------------

                         (clock clk_out1_clk_wiz_0 rise edge)
                                                      0.000     0.000 r  
    L17                  IBUF                         0.000     0.000 r  CLK_IBUF_inst/O
                         net (fo=2, routed)           0.480     0.480    clk_wiz_0_0/inst/clk_in1
    MMCME2_ADV_X0Y0      MMCME2_ADV (Prop_mmcme2_adv_CLKIN1_CLKOUT0)
                                                     -3.145    -2.665 r  clk_wiz_0_0/inst/mmcm_adv_inst/CLKOUT0
                         net (fo=1, routed)           0.534    -2.132    clk_wiz_0_0/inst/clk_out1_clk_wiz_0
    BUFGCTRL_X0Y0        BUFG (Prop_bufg_I_O)         0.029    -2.103 r  clk_wiz_0_0/inst/clkout1_buf/O
                         net (fo=2201, routed)        0.876    -1.227    my_dut/myLut1/clk_out1
    RAMB36_X0Y10         RAMB36E1                                     r  my_dut/myLut1/ram_reg_1/CLKARDCLK
                         clock pessimism              0.461    -0.765    
    RAMB36_X0Y10         RAMB36E1 (Hold_ramb36e1_CLKARDCLK_DIADI[5])
                                                      0.155    -0.610    my_dut/myLut1/ram_reg_1
  -------------------------------------------------------------------
                         required time                          0.610    
                         arrival time                          -0.555    
  -------------------------------------------------------------------
                         slack                                  0.056    

Slack (MET) :             0.057ns  (arrival time - required time)
  Source:                 my_dut/PmodAD2/adc_buffer_c_reg[11]/C
                            (rising edge-triggered cell FDRE clocked by clk_out1_clk_wiz_0  {rise@0.000ns fall@5.000ns period=10.000ns})
  Destination:            my_dut/PmodAD2/adc_ch3_data_reg[15]/D
                            (rising edge-triggered cell FDRE clocked by clk_out1_clk_wiz_0  {rise@0.000ns fall@5.000ns period=10.000ns})
  Path Group:             clk_out1_clk_wiz_0
  Path Type:              Hold (Min at Fast Process Corner)
  Requirement:            0.000ns  (clk_out1_clk_wiz_0 rise@0.000ns - clk_out1_clk_wiz_0 rise@0.000ns)
  Data Path Delay:        0.442ns  (logic 0.209ns (47.323%)  route 0.233ns (52.677%))
  Logic Levels:           1  (LUT6=1)
  Clock Path Skew:        0.264ns (DCD - SCD - CPR)
    Destination Clock Delay (DCD):    -1.276ns
    Source Clock Delay      (SCD):    -0.850ns
    Clock Pessimism Removal (CPR):    -0.690ns

    Location             Delay type                Incr(ns)  Path(ns)    Netlist Resource(s)
  -------------------------------------------------------------------    -------------------
                         (clock clk_out1_clk_wiz_0 rise edge)
                                                      0.000     0.000 r  
    L17                  IBUF                         0.000     0.000 r  CLK_IBUF_inst/O
                         net (fo=2, routed)           0.440     0.440    clk_wiz_0_0/inst/clk_in1
    MMCME2_ADV_X0Y0      MMCME2_ADV (Prop_mmcme2_adv_CLKIN1_CLKOUT0)
                                                     -2.362    -1.922 r  clk_wiz_0_0/inst/mmcm_adv_inst/CLKOUT0
                         net (fo=1, routed)           0.489    -1.433    clk_wiz_0_0/inst/clk_out1_clk_wiz_0
    BUFGCTRL_X0Y0        BUFG (Prop_bufg_I_O)         0.026    -1.407 r  clk_wiz_0_0/inst/clkout1_buf/O
                         net (fo=2201, routed)        0.558    -0.850    my_dut/PmodAD2/clk_out1
    SLICE_X42Y62         FDRE                                         r  my_dut/PmodAD2/adc_buffer_c_reg[11]/C
  -------------------------------------------------------------------    -------------------
    SLICE_X42Y62         FDRE (Prop_fdre_C_Q)         0.164    -0.686 r  my_dut/PmodAD2/adc_buffer_c_reg[11]/Q
                         net (fo=4, routed)           0.233    -0.453    my_dut/PmodAD2/adc_buffer_c_reg_n_0_[11]
    SLICE_X34Y61         LUT6 (Prop_lut6_I0_O)        0.045    -0.408 r  my_dut/PmodAD2/adc_ch3_data[15]_i_1/O
                         net (fo=1, routed)           0.000    -0.408    my_dut/PmodAD2/adc_ch3_data[15]_i_1_n_0
    SLICE_X34Y61         FDRE                                         r  my_dut/PmodAD2/adc_ch3_data_reg[15]/D
  -------------------------------------------------------------------    -------------------

                         (clock clk_out1_clk_wiz_0 rise edge)
                                                      0.000     0.000 r  
    L17                  IBUF                         0.000     0.000 r  CLK_IBUF_inst/O
                         net (fo=2, routed)           0.480     0.480    clk_wiz_0_0/inst/clk_in1
    MMCME2_ADV_X0Y0      MMCME2_ADV (Prop_mmcme2_adv_CLKIN1_CLKOUT0)
                                                     -3.145    -2.665 r  clk_wiz_0_0/inst/mmcm_adv_inst/CLKOUT0
                         net (fo=1, routed)           0.534    -2.132    clk_wiz_0_0/inst/clk_out1_clk_wiz_0
    BUFGCTRL_X0Y0        BUFG (Prop_bufg_I_O)         0.029    -2.103 r  clk_wiz_0_0/inst/clkout1_buf/O
                         net (fo=2201, routed)        0.826    -1.276    my_dut/PmodAD2/clk_out1
    SLICE_X34Y61         FDRE                                         r  my_dut/PmodAD2/adc_ch3_data_reg[15]/C
                         clock pessimism              0.690    -0.586    
    SLICE_X34Y61         FDRE (Hold_fdre_C_D)         0.121    -0.465    my_dut/PmodAD2/adc_ch3_data_reg[15]
  -------------------------------------------------------------------
                         required time                          0.465    
                         arrival time                          -0.408    
  -------------------------------------------------------------------
                         slack                                  0.057    

Slack (MET) :             0.060ns  (arrival time - required time)
  Source:                 my_dut/PmodAD2/adc_buffer_d_reg[8]/C
                            (rising edge-triggered cell FDRE clocked by clk_out1_clk_wiz_0  {rise@0.000ns fall@5.000ns period=10.000ns})
  Destination:            my_dut/PmodAD2/adc_ch2_data_reg[12]/D
                            (rising edge-triggered cell FDRE clocked by clk_out1_clk_wiz_0  {rise@0.000ns fall@5.000ns period=10.000ns})
  Path Group:             clk_out1_clk_wiz_0
  Path Type:              Hold (Min at Fast Process Corner)
  Requirement:            0.000ns  (clk_out1_clk_wiz_0 rise@0.000ns - clk_out1_clk_wiz_0 rise@0.000ns)
  Data Path Delay:        0.414ns  (logic 0.186ns (44.932%)  route 0.228ns (55.068%))
  Logic Levels:           1  (LUT6=1)
  Clock Path Skew:        0.262ns (DCD - SCD - CPR)
    Destination Clock Delay (DCD):    -1.277ns
    Source Clock Delay      (SCD):    -0.849ns
    Clock Pessimism Removal (CPR):    -0.690ns

    Location             Delay type                Incr(ns)  Path(ns)    Netlist Resource(s)
  -------------------------------------------------------------------    -------------------
                         (clock clk_out1_clk_wiz_0 rise edge)
                                                      0.000     0.000 r  
    L17                  IBUF                         0.000     0.000 r  CLK_IBUF_inst/O
                         net (fo=2, routed)           0.440     0.440    clk_wiz_0_0/inst/clk_in1
    MMCME2_ADV_X0Y0      MMCME2_ADV (Prop_mmcme2_adv_CLKIN1_CLKOUT0)
                                                     -2.362    -1.922 r  clk_wiz_0_0/inst/mmcm_adv_inst/CLKOUT0
                         net (fo=1, routed)           0.489    -1.433    clk_wiz_0_0/inst/clk_out1_clk_wiz_0
    BUFGCTRL_X0Y0        BUFG (Prop_bufg_I_O)         0.026    -1.407 r  clk_wiz_0_0/inst/clkout1_buf/O
                         net (fo=2201, routed)        0.559    -0.849    my_dut/PmodAD2/clk_out1
    SLICE_X40Y61         FDRE                                         r  my_dut/PmodAD2/adc_buffer_d_reg[8]/C
  -------------------------------------------------------------------    -------------------
    SLICE_X40Y61         FDRE (Prop_fdre_C_Q)         0.141    -0.708 r  my_dut/PmodAD2/adc_buffer_d_reg[8]/Q
                         net (fo=4, routed)           0.228    -0.480    my_dut/PmodAD2/adc_buffer_d_reg_n_0_[8]
    SLICE_X32Y62         LUT6 (Prop_lut6_I2_O)        0.045    -0.435 r  my_dut/PmodAD2/adc_ch2_data[12]_i_1/O
                         net (fo=1, routed)           0.000    -0.435    my_dut/PmodAD2/adc_ch2_data[12]_i_1_n_0
    SLICE_X32Y62         FDRE                                         r  my_dut/PmodAD2/adc_ch2_data_reg[12]/D
  -------------------------------------------------------------------    -------------------

                         (clock clk_out1_clk_wiz_0 rise edge)
                                                      0.000     0.000 r  
    L17                  IBUF                         0.000     0.000 r  CLK_IBUF_inst/O
                         net (fo=2, routed)           0.480     0.480    clk_wiz_0_0/inst/clk_in1
    MMCME2_ADV_X0Y0      MMCME2_ADV (Prop_mmcme2_adv_CLKIN1_CLKOUT0)
                                                     -3.145    -2.665 r  clk_wiz_0_0/inst/mmcm_adv_inst/CLKOUT0
                         net (fo=1, routed)           0.534    -2.132    clk_wiz_0_0/inst/clk_out1_clk_wiz_0
    BUFGCTRL_X0Y0        BUFG (Prop_bufg_I_O)         0.029    -2.103 r  clk_wiz_0_0/inst/clkout1_buf/O
                         net (fo=2201, routed)        0.825    -1.277    my_dut/PmodAD2/clk_out1
    SLICE_X32Y62         FDRE                                         r  my_dut/PmodAD2/adc_ch2_data_reg[12]/C
                         clock pessimism              0.690    -0.587    
    SLICE_X32Y62         FDRE (Hold_fdre_C_D)         0.092    -0.495    my_dut/PmodAD2/adc_ch2_data_reg[12]
  -------------------------------------------------------------------
                         required time                          0.495    
                         arrival time                          -0.435    
  -------------------------------------------------------------------
                         slack                                  0.060    

Slack (MET) :             0.062ns  (arrival time - required time)
  Source:                 my_dut/PmodAD2/adc_buffer_d_reg[8]/C
                            (rising edge-triggered cell FDRE clocked by clk_out1_clk_wiz_0  {rise@0.000ns fall@5.000ns period=10.000ns})
  Destination:            my_dut/PmodAD2/adc_ch1_data_reg[12]/D
                            (rising edge-triggered cell FDRE clocked by clk_out1_clk_wiz_0  {rise@0.000ns fall@5.000ns period=10.000ns})
  Path Group:             clk_out1_clk_wiz_0
  Path Type:              Hold (Min at Fast Process Corner)
  Requirement:            0.000ns  (clk_out1_clk_wiz_0 rise@0.000ns - clk_out1_clk_wiz_0 rise@0.000ns)
  Data Path Delay:        0.415ns  (logic 0.186ns (44.824%)  route 0.229ns (55.176%))
  Logic Levels:           1  (LUT6=1)
  Clock Path Skew:        0.262ns (DCD - SCD - CPR)
    Destination Clock Delay (DCD):    -1.277ns
    Source Clock Delay      (SCD):    -0.849ns
    Clock Pessimism Removal (CPR):    -0.690ns

    Location             Delay type                Incr(ns)  Path(ns)    Netlist Resource(s)
  -------------------------------------------------------------------    -------------------
                         (clock clk_out1_clk_wiz_0 rise edge)
                                                      0.000     0.000 r  
    L17                  IBUF                         0.000     0.000 r  CLK_IBUF_inst/O
                         net (fo=2, routed)           0.440     0.440    clk_wiz_0_0/inst/clk_in1
    MMCME2_ADV_X0Y0      MMCME2_ADV (Prop_mmcme2_adv_CLKIN1_CLKOUT0)
                                                     -2.362    -1.922 r  clk_wiz_0_0/inst/mmcm_adv_inst/CLKOUT0
                         net (fo=1, routed)           0.489    -1.433    clk_wiz_0_0/inst/clk_out1_clk_wiz_0
    BUFGCTRL_X0Y0        BUFG (Prop_bufg_I_O)         0.026    -1.407 r  clk_wiz_0_0/inst/clkout1_buf/O
                         net (fo=2201, routed)        0.559    -0.849    my_dut/PmodAD2/clk_out1
    SLICE_X40Y61         FDRE                                         r  my_dut/PmodAD2/adc_buffer_d_reg[8]/C
  -------------------------------------------------------------------    -------------------
    SLICE_X40Y61         FDRE (Prop_fdre_C_Q)         0.141    -0.708 r  my_dut/PmodAD2/adc_buffer_d_reg[8]/Q
                         net (fo=4, routed)           0.229    -0.479    my_dut/PmodAD2/adc_buffer_d_reg_n_0_[8]
    SLICE_X32Y62         LUT6 (Prop_lut6_I5_O)        0.045    -0.434 r  my_dut/PmodAD2/adc_ch1_data[12]_i_1/O
                         net (fo=1, routed)           0.000    -0.434    my_dut/PmodAD2/adc_ch1_data[12]_i_1_n_0
    SLICE_X32Y62         FDRE                                         r  my_dut/PmodAD2/adc_ch1_data_reg[12]/D
  -------------------------------------------------------------------    -------------------

                         (clock clk_out1_clk_wiz_0 rise edge)
                                                      0.000     0.000 r  
    L17                  IBUF                         0.000     0.000 r  CLK_IBUF_inst/O
                         net (fo=2, routed)           0.480     0.480    clk_wiz_0_0/inst/clk_in1
    MMCME2_ADV_X0Y0      MMCME2_ADV (Prop_mmcme2_adv_CLKIN1_CLKOUT0)
                                                     -3.145    -2.665 r  clk_wiz_0_0/inst/mmcm_adv_inst/CLKOUT0
                         net (fo=1, routed)           0.534    -2.132    clk_wiz_0_0/inst/clk_out1_clk_wiz_0
    BUFGCTRL_X0Y0        BUFG (Prop_bufg_I_O)         0.029    -2.103 r  clk_wiz_0_0/inst/clkout1_buf/O
                         net (fo=2201, routed)        0.825    -1.277    my_dut/PmodAD2/clk_out1
    SLICE_X32Y62         FDRE                                         r  my_dut/PmodAD2/adc_ch1_data_reg[12]/C
                         clock pessimism              0.690    -0.587    
    SLICE_X32Y62         FDRE (Hold_fdre_C_D)         0.091    -0.496    my_dut/PmodAD2/adc_ch1_data_reg[12]
  -------------------------------------------------------------------
                         required time                          0.496    
                         arrival time                          -0.434    
  -------------------------------------------------------------------
                         slack                                  0.062    

Slack (MET) :             0.070ns  (arrival time - required time)
  Source:                 my_dut/sine_unit/mul3/pipe_mul1/sum_1_reg[44]/C
                            (rising edge-triggered cell FDRE clocked by clk_out1_clk_wiz_0  {rise@0.000ns fall@5.000ns period=10.000ns})
  Destination:            my_dut/sine_unit/mul3/ReC_reg[14]/D
                            (rising edge-triggered cell FDRE clocked by clk_out1_clk_wiz_0  {rise@0.000ns fall@5.000ns period=10.000ns})
  Path Group:             clk_out1_clk_wiz_0
  Path Type:              Hold (Min at Fast Process Corner)
  Requirement:            0.000ns  (clk_out1_clk_wiz_0 rise@0.000ns - clk_out1_clk_wiz_0 rise@0.000ns)
  Data Path Delay:        0.470ns  (logic 0.251ns (53.384%)  route 0.219ns (46.616%))
  Logic Levels:           2  (CARRY4=1 LUT2=1)
  Clock Path Skew:        0.266ns (DCD - SCD - CPR)
    Destination Clock Delay (DCD):    -1.272ns
    Source Clock Delay      (SCD):    -0.848ns
    Clock Pessimism Removal (CPR):    -0.690ns

    Location             Delay type                Incr(ns)  Path(ns)    Netlist Resource(s)
  -------------------------------------------------------------------    -------------------
                         (clock clk_out1_clk_wiz_0 rise edge)
                                                      0.000     0.000 r  
    L17                  IBUF                         0.000     0.000 r  CLK_IBUF_inst/O
                         net (fo=2, routed)           0.440     0.440    clk_wiz_0_0/inst/clk_in1
    MMCME2_ADV_X0Y0      MMCME2_ADV (Prop_mmcme2_adv_CLKIN1_CLKOUT0)
                                                     -2.362    -1.922 r  clk_wiz_0_0/inst/mmcm_adv_inst/CLKOUT0
                         net (fo=1, routed)           0.489    -1.433    clk_wiz_0_0/inst/clk_out1_clk_wiz_0
    BUFGCTRL_X0Y0        BUFG (Prop_bufg_I_O)         0.026    -1.407 r  clk_wiz_0_0/inst/clkout1_buf/O
                         net (fo=2201, routed)        0.560    -0.848    my_dut/sine_unit/mul3/pipe_mul1/clk_out1
    SLICE_X35Y54         FDRE                                         r  my_dut/sine_unit/mul3/pipe_mul1/sum_1_reg[44]/C
  -------------------------------------------------------------------    -------------------
    SLICE_X35Y54         FDRE (Prop_fdre_C_Q)         0.141    -0.707 r  my_dut/sine_unit/mul3/pipe_mul1/sum_1_reg[44]/Q
                         net (fo=2, routed)           0.219    -0.488    my_dut/sine_unit/mul3/pipe_mul1/multi_1[44]
    SLICE_X42Y54         LUT2 (Prop_lut2_I0_O)        0.045    -0.443 r  my_dut/sine_unit/mul3/pipe_mul1/ReC[15]_i_3__1/O
                         net (fo=1, routed)           0.000    -0.443    my_dut/sine_unit/mul3/pipe_mul1/ReC[15]_i_3__1_n_0
    SLICE_X42Y54         CARRY4 (Prop_carry4_S[2]_O[2])
                                                      0.065    -0.378 r  my_dut/sine_unit/mul3/pipe_mul1/ReC_reg[15]_i_1__1/O[2]
                         net (fo=1, routed)           0.000    -0.378    my_dut/sine_unit/mul3/minusOp[14]
    SLICE_X42Y54         FDRE                                         r  my_dut/sine_unit/mul3/ReC_reg[14]/D
  -------------------------------------------------------------------    -------------------

                         (clock clk_out1_clk_wiz_0 rise edge)
                                                      0.000     0.000 r  
    L17                  IBUF                         0.000     0.000 r  CLK_IBUF_inst/O
                         net (fo=2, routed)           0.480     0.480    clk_wiz_0_0/inst/clk_in1
    MMCME2_ADV_X0Y0      MMCME2_ADV (Prop_mmcme2_adv_CLKIN1_CLKOUT0)
                                                     -3.145    -2.665 r  clk_wiz_0_0/inst/mmcm_adv_inst/CLKOUT0
                         net (fo=1, routed)           0.534    -2.132    clk_wiz_0_0/inst/clk_out1_clk_wiz_0
    BUFGCTRL_X0Y0        BUFG (Prop_bufg_I_O)         0.029    -2.103 r  clk_wiz_0_0/inst/clkout1_buf/O
                         net (fo=2201, routed)        0.831    -1.272    my_dut/sine_unit/mul3/clk_out1
    SLICE_X42Y54         FDRE                                         r  my_dut/sine_unit/mul3/ReC_reg[14]/C
                         clock pessimism              0.690    -0.582    
    SLICE_X42Y54         FDRE (Hold_fdre_C_D)         0.134    -0.448    my_dut/sine_unit/mul3/ReC_reg[14]
  -------------------------------------------------------------------
                         required time                          0.448    
                         arrival time                          -0.378    
  -------------------------------------------------------------------
                         slack                                  0.070    

Slack (MET) :             0.070ns  (arrival time - required time)
  Source:                 my_dut/sine_unit/mul3/pipe_mul1/sum_1_reg[52]/C
                            (rising edge-triggered cell FDRE clocked by clk_out1_clk_wiz_0  {rise@0.000ns fall@5.000ns period=10.000ns})
  Destination:            my_dut/sine_unit/mul3/ReC_reg[22]/D
                            (rising edge-triggered cell FDRE clocked by clk_out1_clk_wiz_0  {rise@0.000ns fall@5.000ns period=10.000ns})
  Path Group:             clk_out1_clk_wiz_0
  Path Type:              Hold (Min at Fast Process Corner)
  Requirement:            0.000ns  (clk_out1_clk_wiz_0 rise@0.000ns - clk_out1_clk_wiz_0 rise@0.000ns)
  Data Path Delay:        0.470ns  (logic 0.251ns (53.384%)  route 0.219ns (46.616%))
  Logic Levels:           2  (CARRY4=1 LUT2=1)
  Clock Path Skew:        0.266ns (DCD - SCD - CPR)
    Destination Clock Delay (DCD):    -1.272ns
    Source Clock Delay      (SCD):    -0.848ns
    Clock Pessimism Removal (CPR):    -0.690ns

    Location             Delay type                Incr(ns)  Path(ns)    Netlist Resource(s)
  -------------------------------------------------------------------    -------------------
                         (clock clk_out1_clk_wiz_0 rise edge)
                                                      0.000     0.000 r  
    L17                  IBUF                         0.000     0.000 r  CLK_IBUF_inst/O
                         net (fo=2, routed)           0.440     0.440    clk_wiz_0_0/inst/clk_in1
    MMCME2_ADV_X0Y0      MMCME2_ADV (Prop_mmcme2_adv_CLKIN1_CLKOUT0)
                                                     -2.362    -1.922 r  clk_wiz_0_0/inst/mmcm_adv_inst/CLKOUT0
                         net (fo=1, routed)           0.489    -1.433    clk_wiz_0_0/inst/clk_out1_clk_wiz_0
    BUFGCTRL_X0Y0        BUFG (Prop_bufg_I_O)         0.026    -1.407 r  clk_wiz_0_0/inst/clkout1_buf/O
                         net (fo=2201, routed)        0.560    -0.848    my_dut/sine_unit/mul3/pipe_mul1/clk_out1
    SLICE_X35Y56         FDRE                                         r  my_dut/sine_unit/mul3/pipe_mul1/sum_1_reg[52]/C
  -------------------------------------------------------------------    -------------------
    SLICE_X35Y56         FDRE (Prop_fdre_C_Q)         0.141    -0.707 r  my_dut/sine_unit/mul3/pipe_mul1/sum_1_reg[52]/Q
                         net (fo=2, routed)           0.219    -0.488    my_dut/sine_unit/mul3/pipe_mul1/multi_1[52]
    SLICE_X42Y56         LUT2 (Prop_lut2_I0_O)        0.045    -0.443 r  my_dut/sine_unit/mul3/pipe_mul1/ReC[23]_i_3__1/O
                         net (fo=1, routed)           0.000    -0.443    my_dut/sine_unit/mul3/pipe_mul1/ReC[23]_i_3__1_n_0
    SLICE_X42Y56         CARRY4 (Prop_carry4_S[2]_O[2])
                                                      0.065    -0.378 r  my_dut/sine_unit/mul3/pipe_mul1/ReC_reg[23]_i_1__1/O[2]
                         net (fo=1, routed)           0.000    -0.378    my_dut/sine_unit/mul3/minusOp[22]
    SLICE_X42Y56         FDRE                                         r  my_dut/sine_unit/mul3/ReC_reg[22]/D
  -------------------------------------------------------------------    -------------------

                         (clock clk_out1_clk_wiz_0 rise edge)
                                                      0.000     0.000 r  
    L17                  IBUF                         0.000     0.000 r  CLK_IBUF_inst/O
                         net (fo=2, routed)           0.480     0.480    clk_wiz_0_0/inst/clk_in1
    MMCME2_ADV_X0Y0      MMCME2_ADV (Prop_mmcme2_adv_CLKIN1_CLKOUT0)
                                                     -3.145    -2.665 r  clk_wiz_0_0/inst/mmcm_adv_inst/CLKOUT0
                         net (fo=1, routed)           0.534    -2.132    clk_wiz_0_0/inst/clk_out1_clk_wiz_0
    BUFGCTRL_X0Y0        BUFG (Prop_bufg_I_O)         0.029    -2.103 r  clk_wiz_0_0/inst/clkout1_buf/O
                         net (fo=2201, routed)        0.831    -1.272    my_dut/sine_unit/mul3/clk_out1
    SLICE_X42Y56         FDRE                                         r  my_dut/sine_unit/mul3/ReC_reg[22]/C
                         clock pessimism              0.690    -0.582    
    SLICE_X42Y56         FDRE (Hold_fdre_C_D)         0.134    -0.448    my_dut/sine_unit/mul3/ReC_reg[22]
  -------------------------------------------------------------------
                         required time                          0.448    
                         arrival time                          -0.378    
  -------------------------------------------------------------------
                         slack                                  0.070    

Slack (MET) :             0.070ns  (arrival time - required time)
  Source:                 my_dut/sine_unit/mul3/pipe_mul1/sum_1_reg[56]/C
                            (rising edge-triggered cell FDRE clocked by clk_out1_clk_wiz_0  {rise@0.000ns fall@5.000ns period=10.000ns})
  Destination:            my_dut/sine_unit/mul3/ReC_reg[26]/D
                            (rising edge-triggered cell FDRE clocked by clk_out1_clk_wiz_0  {rise@0.000ns fall@5.000ns period=10.000ns})
  Path Group:             clk_out1_clk_wiz_0
  Path Type:              Hold (Min at Fast Process Corner)
  Requirement:            0.000ns  (clk_out1_clk_wiz_0 rise@0.000ns - clk_out1_clk_wiz_0 rise@0.000ns)
  Data Path Delay:        0.470ns  (logic 0.251ns (53.384%)  route 0.219ns (46.616%))
  Logic Levels:           2  (CARRY4=1 LUT2=1)
  Clock Path Skew:        0.266ns (DCD - SCD - CPR)
    Destination Clock Delay (DCD):    -1.273ns
    Source Clock Delay      (SCD):    -0.849ns
    Clock Pessimism Removal (CPR):    -0.690ns

    Location             Delay type                Incr(ns)  Path(ns)    Netlist Resource(s)
  -------------------------------------------------------------------    -------------------
                         (clock clk_out1_clk_wiz_0 rise edge)
                                                      0.000     0.000 r  
    L17                  IBUF                         0.000     0.000 r  CLK_IBUF_inst/O
                         net (fo=2, routed)           0.440     0.440    clk_wiz_0_0/inst/clk_in1
    MMCME2_ADV_X0Y0      MMCME2_ADV (Prop_mmcme2_adv_CLKIN1_CLKOUT0)
                                                     -2.362    -1.922 r  clk_wiz_0_0/inst/mmcm_adv_inst/CLKOUT0
                         net (fo=1, routed)           0.489    -1.433    clk_wiz_0_0/inst/clk_out1_clk_wiz_0
    BUFGCTRL_X0Y0        BUFG (Prop_bufg_I_O)         0.026    -1.407 r  clk_wiz_0_0/inst/clkout1_buf/O
                         net (fo=2201, routed)        0.559    -0.849    my_dut/sine_unit/mul3/pipe_mul1/clk_out1
    SLICE_X35Y57         FDRE                                         r  my_dut/sine_unit/mul3/pipe_mul1/sum_1_reg[56]/C
  -------------------------------------------------------------------    -------------------
    SLICE_X35Y57         FDRE (Prop_fdre_C_Q)         0.141    -0.708 r  my_dut/sine_unit/mul3/pipe_mul1/sum_1_reg[56]/Q
                         net (fo=2, routed)           0.219    -0.489    my_dut/sine_unit/mul3/pipe_mul1/multi_1[56]
    SLICE_X42Y57         LUT2 (Prop_lut2_I0_O)        0.045    -0.444 r  my_dut/sine_unit/mul3/pipe_mul1/ReC[27]_i_3__1/O
                         net (fo=1, routed)           0.000    -0.444    my_dut/sine_unit/mul3/pipe_mul1/ReC[27]_i_3__1_n_0
    SLICE_X42Y57         CARRY4 (Prop_carry4_S[2]_O[2])
                                                      0.065    -0.379 r  my_dut/sine_unit/mul3/pipe_mul1/ReC_reg[27]_i_1__1/O[2]
                         net (fo=1, routed)           0.000    -0.379    my_dut/sine_unit/mul3/minusOp[26]
    SLICE_X42Y57         FDRE                                         r  my_dut/sine_unit/mul3/ReC_reg[26]/D
  -------------------------------------------------------------------    -------------------

                         (clock clk_out1_clk_wiz_0 rise edge)
                                                      0.000     0.000 r  
    L17                  IBUF                         0.000     0.000 r  CLK_IBUF_inst/O
                         net (fo=2, routed)           0.480     0.480    clk_wiz_0_0/inst/clk_in1
    MMCME2_ADV_X0Y0      MMCME2_ADV (Prop_mmcme2_adv_CLKIN1_CLKOUT0)
                                                     -3.145    -2.665 r  clk_wiz_0_0/inst/mmcm_adv_inst/CLKOUT0
                         net (fo=1, routed)           0.534    -2.132    clk_wiz_0_0/inst/clk_out1_clk_wiz_0
    BUFGCTRL_X0Y0        BUFG (Prop_bufg_I_O)         0.029    -2.103 r  clk_wiz_0_0/inst/clkout1_buf/O
                         net (fo=2201, routed)        0.830    -1.273    my_dut/sine_unit/mul3/clk_out1
    SLICE_X42Y57         FDRE                                         r  my_dut/sine_unit/mul3/ReC_reg[26]/C
                         clock pessimism              0.690    -0.583    
    SLICE_X42Y57         FDRE (Hold_fdre_C_D)         0.134    -0.449    my_dut/sine_unit/mul3/ReC_reg[26]
  -------------------------------------------------------------------
                         required time                          0.449    
                         arrival time                          -0.379    
  -------------------------------------------------------------------
                         slack                                  0.070    

Slack (MET) :             0.070ns  (arrival time - required time)
  Source:                 my_dut/sine_unit/mul3/pipe_mul1/sum_1_reg[60]/C
                            (rising edge-triggered cell FDRE clocked by clk_out1_clk_wiz_0  {rise@0.000ns fall@5.000ns period=10.000ns})
  Destination:            my_dut/sine_unit/mul3/ReC_reg[30]/D
                            (rising edge-triggered cell FDRE clocked by clk_out1_clk_wiz_0  {rise@0.000ns fall@5.000ns period=10.000ns})
  Path Group:             clk_out1_clk_wiz_0
  Path Type:              Hold (Min at Fast Process Corner)
  Requirement:            0.000ns  (clk_out1_clk_wiz_0 rise@0.000ns - clk_out1_clk_wiz_0 rise@0.000ns)
  Data Path Delay:        0.470ns  (logic 0.251ns (53.384%)  route 0.219ns (46.616%))
  Logic Levels:           2  (CARRY4=1 LUT2=1)
  Clock Path Skew:        0.266ns (DCD - SCD - CPR)
    Destination Clock Delay (DCD):    -1.273ns
    Source Clock Delay      (SCD):    -0.849ns
    Clock Pessimism Removal (CPR):    -0.690ns

    Location             Delay type                Incr(ns)  Path(ns)    Netlist Resource(s)
  -------------------------------------------------------------------    -------------------
                         (clock clk_out1_clk_wiz_0 rise edge)
                                                      0.000     0.000 r  
    L17                  IBUF                         0.000     0.000 r  CLK_IBUF_inst/O
                         net (fo=2, routed)           0.440     0.440    clk_wiz_0_0/inst/clk_in1
    MMCME2_ADV_X0Y0      MMCME2_ADV (Prop_mmcme2_adv_CLKIN1_CLKOUT0)
                                                     -2.362    -1.922 r  clk_wiz_0_0/inst/mmcm_adv_inst/CLKOUT0
                         net (fo=1, routed)           0.489    -1.433    clk_wiz_0_0/inst/clk_out1_clk_wiz_0
    BUFGCTRL_X0Y0        BUFG (Prop_bufg_I_O)         0.026    -1.407 r  clk_wiz_0_0/inst/clkout1_buf/O
                         net (fo=2201, routed)        0.559    -0.849    my_dut/sine_unit/mul3/pipe_mul1/clk_out1
    SLICE_X35Y58         FDRE                                         r  my_dut/sine_unit/mul3/pipe_mul1/sum_1_reg[60]/C
  -------------------------------------------------------------------    -------------------
    SLICE_X35Y58         FDRE (Prop_fdre_C_Q)         0.141    -0.708 r  my_dut/sine_unit/mul3/pipe_mul1/sum_1_reg[60]/Q
                         net (fo=2, routed)           0.219    -0.489    my_dut/sine_unit/mul3/pipe_mul1/multi_1[60]
    SLICE_X42Y58         LUT2 (Prop_lut2_I0_O)        0.045    -0.444 r  my_dut/sine_unit/mul3/pipe_mul1/ReC[31]_i_3__1/O
                         net (fo=1, routed)           0.000    -0.444    my_dut/sine_unit/mul3/pipe_mul1/ReC[31]_i_3__1_n_0
    SLICE_X42Y58         CARRY4 (Prop_carry4_S[2]_O[2])
                                                      0.065    -0.379 r  my_dut/sine_unit/mul3/pipe_mul1/ReC_reg[31]_i_1__1/O[2]
                         net (fo=1, routed)           0.000    -0.379    my_dut/sine_unit/mul3/minusOp[30]
    SLICE_X42Y58         FDRE                                         r  my_dut/sine_unit/mul3/ReC_reg[30]/D
  -------------------------------------------------------------------    -------------------

                         (clock clk_out1_clk_wiz_0 rise edge)
                                                      0.000     0.000 r  
    L17                  IBUF                         0.000     0.000 r  CLK_IBUF_inst/O
                         net (fo=2, routed)           0.480     0.480    clk_wiz_0_0/inst/clk_in1
    MMCME2_ADV_X0Y0      MMCME2_ADV (Prop_mmcme2_adv_CLKIN1_CLKOUT0)
                                                     -3.145    -2.665 r  clk_wiz_0_0/inst/mmcm_adv_inst/CLKOUT0
                         net (fo=1, routed)           0.534    -2.132    clk_wiz_0_0/inst/clk_out1_clk_wiz_0
    BUFGCTRL_X0Y0        BUFG (Prop_bufg_I_O)         0.029    -2.103 r  clk_wiz_0_0/inst/clkout1_buf/O
                         net (fo=2201, routed)        0.830    -1.273    my_dut/sine_unit/mul3/clk_out1
    SLICE_X42Y58         FDRE                                         r  my_dut/sine_unit/mul3/ReC_reg[30]/C
                         clock pessimism              0.690    -0.583    
    SLICE_X42Y58         FDRE (Hold_fdre_C_D)         0.134    -0.449    my_dut/sine_unit/mul3/ReC_reg[30]
  -------------------------------------------------------------------
                         required time                          0.449    
                         arrival time                          -0.379    
  -------------------------------------------------------------------
                         slack                                  0.070    

Slack (MET) :             0.070ns  (arrival time - required time)
  Source:                 my_dut/sine_unit/mul3/pipe_mul1/sum_1_reg[36]/C
                            (rising edge-triggered cell FDRE clocked by clk_out1_clk_wiz_0  {rise@0.000ns fall@5.000ns period=10.000ns})
  Destination:            my_dut/sine_unit/mul3/ReC_reg[6]/D
                            (rising edge-triggered cell FDRE clocked by clk_out1_clk_wiz_0  {rise@0.000ns fall@5.000ns period=10.000ns})
  Path Group:             clk_out1_clk_wiz_0
  Path Type:              Hold (Min at Fast Process Corner)
  Requirement:            0.000ns  (clk_out1_clk_wiz_0 rise@0.000ns - clk_out1_clk_wiz_0 rise@0.000ns)
  Data Path Delay:        0.470ns  (logic 0.251ns (53.384%)  route 0.219ns (46.616%))
  Logic Levels:           2  (CARRY4=1 LUT2=1)
  Clock Path Skew:        0.266ns (DCD - SCD - CPR)
    Destination Clock Delay (DCD):    -1.271ns
    Source Clock Delay      (SCD):    -0.847ns
    Clock Pessimism Removal (CPR):    -0.690ns

    Location             Delay type                Incr(ns)  Path(ns)    Netlist Resource(s)
  -------------------------------------------------------------------    -------------------
                         (clock clk_out1_clk_wiz_0 rise edge)
                                                      0.000     0.000 r  
    L17                  IBUF                         0.000     0.000 r  CLK_IBUF_inst/O
                         net (fo=2, routed)           0.440     0.440    clk_wiz_0_0/inst/clk_in1
    MMCME2_ADV_X0Y0      MMCME2_ADV (Prop_mmcme2_adv_CLKIN1_CLKOUT0)
                                                     -2.362    -1.922 r  clk_wiz_0_0/inst/mmcm_adv_inst/CLKOUT0
                         net (fo=1, routed)           0.489    -1.433    clk_wiz_0_0/inst/clk_out1_clk_wiz_0
    BUFGCTRL_X0Y0        BUFG (Prop_bufg_I_O)         0.026    -1.407 r  clk_wiz_0_0/inst/clkout1_buf/O
                         net (fo=2201, routed)        0.561    -0.847    my_dut/sine_unit/mul3/pipe_mul1/clk_out1
    SLICE_X35Y52         FDRE                                         r  my_dut/sine_unit/mul3/pipe_mul1/sum_1_reg[36]/C
  -------------------------------------------------------------------    -------------------
    SLICE_X35Y52         FDRE (Prop_fdre_C_Q)         0.141    -0.706 r  my_dut/sine_unit/mul3/pipe_mul1/sum_1_reg[36]/Q
                         net (fo=2, routed)           0.219    -0.487    my_dut/sine_unit/mul3/pipe_mul1/multi_1[36]
    SLICE_X42Y52         LUT2 (Prop_lut2_I0_O)        0.045    -0.442 r  my_dut/sine_unit/mul3/pipe_mul1/ReC[7]_i_3__1/O
                         net (fo=1, routed)           0.000    -0.442    my_dut/sine_unit/mul3/pipe_mul1/ReC[7]_i_3__1_n_0
    SLICE_X42Y52         CARRY4 (Prop_carry4_S[2]_O[2])
                                                      0.065    -0.377 r  my_dut/sine_unit/mul3/pipe_mul1/ReC_reg[7]_i_1__1/O[2]
                         net (fo=1, routed)           0.000    -0.377    my_dut/sine_unit/mul3/minusOp[6]
    SLICE_X42Y52         FDRE                                         r  my_dut/sine_unit/mul3/ReC_reg[6]/D
  -------------------------------------------------------------------    -------------------

                         (clock clk_out1_clk_wiz_0 rise edge)
                                                      0.000     0.000 r  
    L17                  IBUF                         0.000     0.000 r  CLK_IBUF_inst/O
                         net (fo=2, routed)           0.480     0.480    clk_wiz_0_0/inst/clk_in1
    MMCME2_ADV_X0Y0      MMCME2_ADV (Prop_mmcme2_adv_CLKIN1_CLKOUT0)
                                                     -3.145    -2.665 r  clk_wiz_0_0/inst/mmcm_adv_inst/CLKOUT0
                         net (fo=1, routed)           0.534    -2.132    clk_wiz_0_0/inst/clk_out1_clk_wiz_0
    BUFGCTRL_X0Y0        BUFG (Prop_bufg_I_O)         0.029    -2.103 r  clk_wiz_0_0/inst/clkout1_buf/O
                         net (fo=2201, routed)        0.832    -1.271    my_dut/sine_unit/mul3/clk_out1
    SLICE_X42Y52         FDRE                                         r  my_dut/sine_unit/mul3/ReC_reg[6]/C
                         clock pessimism              0.690    -0.581    
    SLICE_X42Y52         FDRE (Hold_fdre_C_D)         0.134    -0.447    my_dut/sine_unit/mul3/ReC_reg[6]
  -------------------------------------------------------------------
                         required time                          0.447    
                         arrival time                          -0.377    
  -------------------------------------------------------------------
                         slack                                  0.070    

Slack (MET) :             0.077ns  (arrival time - required time)
  Source:                 my_dut/uart_unit/addr01_reg[1]/C
                            (rising edge-triggered cell FDRE clocked by clk_out1_clk_wiz_0  {rise@0.000ns fall@5.000ns period=10.000ns})
  Destination:            my_dut/myLut1/ram_reg_1/ADDRARDADDR[4]
                            (rising edge-triggered cell RAMB36E1 clocked by clk_out1_clk_wiz_0  {rise@0.000ns fall@5.000ns period=10.000ns})
  Path Group:             clk_out1_clk_wiz_0
  Path Type:              Hold (Min at Fast Process Corner)
  Requirement:            0.000ns  (clk_out1_clk_wiz_0 rise@0.000ns - clk_out1_clk_wiz_0 rise@0.000ns)
  Data Path Delay:        0.570ns  (logic 0.209ns (36.679%)  route 0.361ns (63.321%))
  Logic Levels:           1  (LUT6=1)
  Clock Path Skew:        0.309ns (DCD - SCD - CPR)
    Destination Clock Delay (DCD):    -1.227ns
    Source Clock Delay      (SCD):    -0.841ns
    Clock Pessimism Removal (CPR):    -0.695ns

    Location             Delay type                Incr(ns)  Path(ns)    Netlist Resource(s)
  -------------------------------------------------------------------    -------------------
                         (clock clk_out1_clk_wiz_0 rise edge)
                                                      0.000     0.000 r  
    L17                  IBUF                         0.000     0.000 r  CLK_IBUF_inst/O
                         net (fo=2, routed)           0.440     0.440    clk_wiz_0_0/inst/clk_in1
    MMCME2_ADV_X0Y0      MMCME2_ADV (Prop_mmcme2_adv_CLKIN1_CLKOUT0)
                                                     -2.362    -1.922 r  clk_wiz_0_0/inst/mmcm_adv_inst/CLKOUT0
                         net (fo=1, routed)           0.489    -1.433    clk_wiz_0_0/inst/clk_out1_clk_wiz_0
    BUFGCTRL_X0Y0        BUFG (Prop_bufg_I_O)         0.026    -1.407 r  clk_wiz_0_0/inst/clkout1_buf/O
                         net (fo=2201, routed)        0.567    -0.841    my_dut/uart_unit/clk_out1
    SLICE_X10Y49         FDRE                                         r  my_dut/uart_unit/addr01_reg[1]/C
  -------------------------------------------------------------------    -------------------
    SLICE_X10Y49         FDRE (Prop_fdre_C_Q)         0.164    -0.677 r  my_dut/uart_unit/addr01_reg[1]/Q
                         net (fo=1, routed)           0.082    -0.595    my_dut/uart_unit/addr01[1]
    SLICE_X11Y49         LUT6 (Prop_lut6_I5_O)        0.045    -0.550 r  my_dut/uart_unit/ram_reg_0_i_11/O
                         net (fo=2, routed)           0.279    -0.271    my_dut/myLut1/addr[1]
    RAMB36_X0Y10         RAMB36E1                                     r  my_dut/myLut1/ram_reg_1/ADDRARDADDR[4]
  -------------------------------------------------------------------    -------------------

                         (clock clk_out1_clk_wiz_0 rise edge)
                                                      0.000     0.000 r  
    L17                  IBUF                         0.000     0.000 r  CLK_IBUF_inst/O
                         net (fo=2, routed)           0.480     0.480    clk_wiz_0_0/inst/clk_in1
    MMCME2_ADV_X0Y0      MMCME2_ADV (Prop_mmcme2_adv_CLKIN1_CLKOUT0)
                                                     -3.145    -2.665 r  clk_wiz_0_0/inst/mmcm_adv_inst/CLKOUT0
                         net (fo=1, routed)           0.534    -2.132    clk_wiz_0_0/inst/clk_out1_clk_wiz_0
    BUFGCTRL_X0Y0        BUFG (Prop_bufg_I_O)         0.029    -2.103 r  clk_wiz_0_0/inst/clkout1_buf/O
                         net (fo=2201, routed)        0.876    -1.227    my_dut/myLut1/clk_out1
    RAMB36_X0Y10         RAMB36E1                                     r  my_dut/myLut1/ram_reg_1/CLKARDCLK
                         clock pessimism              0.695    -0.531    
    RAMB36_X0Y10         RAMB36E1 (Hold_ramb36e1_CLKARDCLK_ADDRARDADDR[4])
                                                      0.183    -0.348    my_dut/myLut1/ram_reg_1
  -------------------------------------------------------------------
                         required time                          0.348    
                         arrival time                          -0.271    
  -------------------------------------------------------------------
                         slack                                  0.077    





Pulse Width Checks
--------------------------------------------------------------------------------------
Clock Name:         clk_out1_clk_wiz_0
Waveform(ns):       { 0.000 5.000 }
Period(ns):         10.000
Sources:            { clk_wiz_0_0/inst/mmcm_adv_inst/CLKOUT0 }

Check Type        Corner  Lib Pin             Reference Pin  Required(ns)  Actual(ns)  Slack(ns)  Location         Pin
Min Period        n/a     XADC/DCLK           n/a            4.000         10.000      6.000      XADC_X0Y0        my_dut/my_adc/U0/DCLK
Min Period        n/a     RAMB36E1/CLKARDCLK  n/a            2.892         10.000      7.108      RAMB36_X1Y10     my_dut/myBuf/ram_reg_0_0/CLKARDCLK
Min Period        n/a     RAMB36E1/CLKARDCLK  n/a            2.892         10.000      7.108      RAMB36_X1Y12     my_dut/myBuf/ram_reg_0_1/CLKARDCLK
Min Period        n/a     RAMB36E1/CLKARDCLK  n/a            2.892         10.000      7.108      RAMB36_X1Y16     my_dut/myBuf/ram_reg_0_10/CLKARDCLK
Min Period        n/a     RAMB36E1/CLKARDCLK  n/a            2.892         10.000      7.108      RAMB36_X0Y18     my_dut/myBuf/ram_reg_0_11/CLKARDCLK
Min Period        n/a     RAMB36E1/CLKARDCLK  n/a            2.892         10.000      7.108      RAMB36_X2Y9      my_dut/myBuf/ram_reg_0_12/CLKARDCLK
Min Period        n/a     RAMB36E1/CLKARDCLK  n/a            2.892         10.000      7.108      RAMB36_X2Y13     my_dut/myBuf/ram_reg_0_13/CLKARDCLK
Min Period        n/a     RAMB36E1/CLKARDCLK  n/a            2.892         10.000      7.108      RAMB36_X1Y18     my_dut/myBuf/ram_reg_0_14/CLKARDCLK
Min Period        n/a     RAMB36E1/CLKARDCLK  n/a            2.892         10.000      7.108      RAMB36_X0Y20     my_dut/myBuf/ram_reg_0_15/CLKARDCLK
Min Period        n/a     RAMB36E1/CLKARDCLK  n/a            2.892         10.000      7.108      RAMB36_X0Y8      my_dut/myBuf/ram_reg_0_2/CLKARDCLK
Max Period        n/a     MMCME2_ADV/CLKOUT0  n/a            213.360       10.000      203.360    MMCME2_ADV_X0Y0  clk_wiz_0_0/inst/mmcm_adv_inst/CLKOUT0
Low Pulse Width   Slow    FDCE/C              n/a            0.500         5.000       4.500      SLICE_X63Y37     my_dut/CLKDIV0/EN_32_reg/C
Low Pulse Width   Slow    FDCE/C              n/a            0.500         5.000       4.500      SLICE_X63Y37     my_dut/CLKDIV0/EN_64_reg/C
Low Pulse Width   Slow    FDCE/C              n/a            0.500         5.000       4.500      SLICE_X62Y37     my_dut/CLKDIV0/count_reg[0]/C
Low Pulse Width   Slow    FDCE/C              n/a            0.500         5.000       4.500      SLICE_X62Y37     my_dut/CLKDIV0/count_reg[1]/C
Low Pulse Width   Slow    FDCE/C              n/a            0.500         5.000       4.500      SLICE_X63Y37     my_dut/CLKDIV0/count_reg[2]/C
Low Pulse Width   Slow    FDCE/C              n/a            0.500         5.000       4.500      SLICE_X63Y37     my_dut/CLKDIV0/count_reg[3]/C
Low Pulse Width   Slow    FDCE/C              n/a            0.500         5.000       4.500      SLICE_X63Y37     my_dut/CLKDIV0/count_reg[4]/C
Low Pulse Width   Slow    FDCE/C              n/a            0.500         5.000       4.500      SLICE_X63Y37     my_dut/CLKDIV0/count_reg[5]/C
Low Pulse Width   Fast    FDRE/C              n/a            0.500         5.000       4.500      SLICE_X49Y44     my_dut/FSM_onehot_i2c_state_reg[0]/C
Low Pulse Width   Fast    FDRE/C              n/a            0.500         5.000       4.500      SLICE_X48Y45     my_dut/FSM_onehot_i2c_state_reg[10]/C
High Pulse Width  Fast    FDSE/C              n/a            0.500         5.000       4.500      SLICE_X14Y56     my_dut/Int_Pmod_DA2_unit/cnt_reg[3]/C
High Pulse Width  Fast    FDRE/C              n/a            0.500         5.000       4.500      SLICE_X14Y55     my_dut/Int_Pmod_DA2_unit/cnt_reg[4]/C
High Pulse Width  Fast    FDRE/C              n/a            0.500         5.000       4.500      SLICE_X14Y55     my_dut/Int_Pmod_DA2_unit/cnt_reg[5]/C
High Pulse Width  Fast    FDRE/C              n/a            0.500         5.000       4.500      SLICE_X14Y55     my_dut/Int_Pmod_DA2_unit/cnt_reg[6]/C
High Pulse Width  Fast    FDSE/C              n/a            0.500         5.000       4.500      SLICE_X14Y56     my_dut/Int_Pmod_DA2_unit/cnt_reg[7]/C
High Pulse Width  Fast    FDRE/C              n/a            0.500         5.000       4.500      SLICE_X12Y56     my_dut/Int_Pmod_DA2_unit/reg1_reg[0]/C
High Pulse Width  Fast    FDRE/C              n/a            0.500         5.000       4.500      SLICE_X15Y56     my_dut/Int_Pmod_DA2_unit/reg1_reg[10]/C
High Pulse Width  Fast    FDRE/C              n/a            0.500         5.000       4.500      SLICE_X12Y55     my_dut/Int_Pmod_DA2_unit/reg1_reg[11]/C
High Pulse Width  Fast    FDRE/C              n/a            0.500         5.000       4.500      SLICE_X15Y56     my_dut/Int_Pmod_DA2_unit/reg1_reg[2]/C
High Pulse Width  Fast    FDRE/C              n/a            0.500         5.000       4.500      SLICE_X12Y56     my_dut/Int_Pmod_DA2_unit/reg1_reg[3]/C



---------------------------------------------------------------------------------------------------
From Clock:  clkfbout_clk_wiz_0
  To Clock:  clkfbout_clk_wiz_0

Setup :           NA  Failing Endpoints,  Worst Slack           NA  ,  Total Violation           NA
Hold  :           NA  Failing Endpoints,  Worst Slack           NA  ,  Total Violation           NA
PW    :            0  Failing Endpoints,  Worst Slack       20.000ns,  Total Violation        0.000ns
---------------------------------------------------------------------------------------------------


Pulse Width Checks
--------------------------------------------------------------------------------------
Clock Name:         clkfbout_clk_wiz_0
Waveform(ns):       { 0.000 40.000 }
Period(ns):         80.000
Sources:            { clk_wiz_0_0/inst/mmcm_adv_inst/CLKFBOUT }

Check Type  Corner  Lib Pin              Reference Pin  Required(ns)  Actual(ns)  Slack(ns)  Location         Pin
Min Period  n/a     BUFG/I               n/a            2.155         80.000      77.845     BUFGCTRL_X0Y1    clk_wiz_0_0/inst/clkf_buf/I
Min Period  n/a     MMCME2_ADV/CLKFBOUT  n/a            1.249         80.000      78.751     MMCME2_ADV_X0Y0  clk_wiz_0_0/inst/mmcm_adv_inst/CLKFBOUT
Min Period  n/a     MMCME2_ADV/CLKFBIN   n/a            1.249         80.000      78.751     MMCME2_ADV_X0Y0  clk_wiz_0_0/inst/mmcm_adv_inst/CLKFBIN
Max Period  n/a     MMCME2_ADV/CLKFBIN   n/a            100.000       80.000      20.000     MMCME2_ADV_X0Y0  clk_wiz_0_0/inst/mmcm_adv_inst/CLKFBIN
Max Period  n/a     MMCME2_ADV/CLKFBOUT  n/a            213.360       80.000      133.360    MMCME2_ADV_X0Y0  clk_wiz_0_0/inst/mmcm_adv_inst/CLKFBOUT



---------------------------------------------------------------------------------------------------
Path Group:  **async_default**
From Clock:  clk_out1_clk_wiz_0
  To Clock:  clk_out1_clk_wiz_0

Setup :            0  Failing Endpoints,  Worst Slack        1.967ns,  Total Violation        0.000ns
Hold  :            0  Failing Endpoints,  Worst Slack        0.429ns,  Total Violation        0.000ns
---------------------------------------------------------------------------------------------------


Max Delay Paths
--------------------------------------------------------------------------------------
Slack (MET) :             1.967ns  (required time - arrival time)
  Source:                 my_dut/uart_unit/rx_mem_reg[14]/C
                            (rising edge-triggered cell FDCE clocked by clk_out1_clk_wiz_0  {rise@0.000ns fall@5.000ns period=10.000ns})
  Destination:            my_dut/sine_unit/step_Re_reg[10]_replica/CLR
                            (recovery check against rising-edge clock clk_out1_clk_wiz_0  {rise@0.000ns fall@5.000ns period=10.000ns})
  Path Group:             **async_default**
  Path Type:              Recovery (Max at Slow Process Corner)
  Requirement:            10.000ns  (clk_out1_clk_wiz_0 rise@10.000ns - clk_out1_clk_wiz_0 rise@0.000ns)
  Data Path Delay:        7.352ns  (logic 0.580ns (7.888%)  route 6.772ns (92.112%))
  Logic Levels:           1  (LUT2=1)
  Clock Path Skew:        -0.050ns (DCD - SCD + CPR)
    Destination Clock Delay (DCD):    -2.945ns = ( 7.055 - 10.000 ) 
    Source Clock Delay      (SCD):    -2.403ns
    Clock Pessimism Removal (CPR):    0.492ns
  Clock Uncertainty:      0.225ns  ((TSJ^2 + DJ^2)^1/2) / 2 + PE
    Total System Jitter     (TSJ):    0.071ns
    Discrete Jitter          (DJ):    0.445ns
    Phase Error              (PE):    0.000ns

    Location             Delay type                Incr(ns)  Path(ns)    Netlist Resource(s)
  -------------------------------------------------------------------    -------------------
                         (clock clk_out1_clk_wiz_0 rise edge)
                                                      0.000     0.000 r  
    L17                  IBUF                         0.000     0.000 r  CLK_IBUF_inst/O
                         net (fo=2, routed)           1.233     1.233    clk_wiz_0_0/inst/clk_in1
    MMCME2_ADV_X0Y0      MMCME2_ADV (Prop_mmcme2_adv_CLKIN1_CLKOUT0)
                                                     -6.965    -5.732 r  clk_wiz_0_0/inst/mmcm_adv_inst/CLKOUT0
                         net (fo=1, routed)           1.666    -4.065    clk_wiz_0_0/inst/clk_out1_clk_wiz_0
    BUFGCTRL_X0Y0        BUFG (Prop_bufg_I_O)         0.096    -3.969 r  clk_wiz_0_0/inst/clkout1_buf/O
                         net (fo=2201, routed)        1.566    -2.403    my_dut/uart_unit/clk_out1
    SLICE_X31Y47         FDCE                                         r  my_dut/uart_unit/rx_mem_reg[14]/C
  -------------------------------------------------------------------    -------------------
    SLICE_X31Y47         FDCE (Prop_fdce_C_Q)         0.456    -1.947 f  my_dut/uart_unit/rx_mem_reg[14]/Q
                         net (fo=86, routed)          0.808    -1.139    my_dut/uart_unit/rx_mem[14]
    SLICE_X31Y56         LUT2 (Prop_lut2_I1_O)        0.124    -1.015 f  my_dut/uart_unit/r_reg[19]_i_3/O
                         net (fo=906, routed)         5.964     4.950    my_dut/sine_unit/reset
    SLICE_X13Y27         FDCE                                         f  my_dut/sine_unit/step_Re_reg[10]_replica/CLR
  -------------------------------------------------------------------    -------------------

                         (clock clk_out1_clk_wiz_0 rise edge)
                                                     10.000    10.000 r  
    L17                  IBUF                         0.000    10.000 r  CLK_IBUF_inst/O
                         net (fo=2, routed)           1.162    11.162    clk_wiz_0_0/inst/clk_in1
    MMCME2_ADV_X0Y0      MMCME2_ADV (Prop_mmcme2_adv_CLKIN1_CLKOUT0)
                                                     -7.221     3.940 r  clk_wiz_0_0/inst/mmcm_adv_inst/CLKOUT0
                         net (fo=1, routed)           1.587     5.527    clk_wiz_0_0/inst/clk_out1_clk_wiz_0
    BUFGCTRL_X0Y0        BUFG (Prop_bufg_I_O)         0.091     5.618 r  clk_wiz_0_0/inst/clkout1_buf/O
                         net (fo=2201, routed)        1.436     7.055    my_dut/sine_unit/clk_out1
    SLICE_X13Y27         FDCE                                         r  my_dut/sine_unit/step_Re_reg[10]_replica/C
                         clock pessimism              0.492     7.547    
                         clock uncertainty           -0.225     7.322    
    SLICE_X13Y27         FDCE (Recov_fdce_C_CLR)     -0.405     6.917    my_dut/sine_unit/step_Re_reg[10]_replica
  -------------------------------------------------------------------
                         required time                          6.917    
                         arrival time                          -4.950    
  -------------------------------------------------------------------
                         slack                                  1.967    

Slack (MET) :             1.967ns  (required time - arrival time)
  Source:                 my_dut/uart_unit/rx_mem_reg[14]/C
                            (rising edge-triggered cell FDCE clocked by clk_out1_clk_wiz_0  {rise@0.000ns fall@5.000ns period=10.000ns})
  Destination:            my_dut/sine_unit/step_Re_reg[11]_replica/CLR
                            (recovery check against rising-edge clock clk_out1_clk_wiz_0  {rise@0.000ns fall@5.000ns period=10.000ns})
  Path Group:             **async_default**
  Path Type:              Recovery (Max at Slow Process Corner)
  Requirement:            10.000ns  (clk_out1_clk_wiz_0 rise@10.000ns - clk_out1_clk_wiz_0 rise@0.000ns)
  Data Path Delay:        7.352ns  (logic 0.580ns (7.888%)  route 6.772ns (92.112%))
  Logic Levels:           1  (LUT2=1)
  Clock Path Skew:        -0.050ns (DCD - SCD + CPR)
    Destination Clock Delay (DCD):    -2.945ns = ( 7.055 - 10.000 ) 
    Source Clock Delay      (SCD):    -2.403ns
    Clock Pessimism Removal (CPR):    0.492ns
  Clock Uncertainty:      0.225ns  ((TSJ^2 + DJ^2)^1/2) / 2 + PE
    Total System Jitter     (TSJ):    0.071ns
    Discrete Jitter          (DJ):    0.445ns
    Phase Error              (PE):    0.000ns

    Location             Delay type                Incr(ns)  Path(ns)    Netlist Resource(s)
  -------------------------------------------------------------------    -------------------
                         (clock clk_out1_clk_wiz_0 rise edge)
                                                      0.000     0.000 r  
    L17                  IBUF                         0.000     0.000 r  CLK_IBUF_inst/O
                         net (fo=2, routed)           1.233     1.233    clk_wiz_0_0/inst/clk_in1
    MMCME2_ADV_X0Y0      MMCME2_ADV (Prop_mmcme2_adv_CLKIN1_CLKOUT0)
                                                     -6.965    -5.732 r  clk_wiz_0_0/inst/mmcm_adv_inst/CLKOUT0
                         net (fo=1, routed)           1.666    -4.065    clk_wiz_0_0/inst/clk_out1_clk_wiz_0
    BUFGCTRL_X0Y0        BUFG (Prop_bufg_I_O)         0.096    -3.969 r  clk_wiz_0_0/inst/clkout1_buf/O
                         net (fo=2201, routed)        1.566    -2.403    my_dut/uart_unit/clk_out1
    SLICE_X31Y47         FDCE                                         r  my_dut/uart_unit/rx_mem_reg[14]/C
  -------------------------------------------------------------------    -------------------
    SLICE_X31Y47         FDCE (Prop_fdce_C_Q)         0.456    -1.947 f  my_dut/uart_unit/rx_mem_reg[14]/Q
                         net (fo=86, routed)          0.808    -1.139    my_dut/uart_unit/rx_mem[14]
    SLICE_X31Y56         LUT2 (Prop_lut2_I1_O)        0.124    -1.015 f  my_dut/uart_unit/r_reg[19]_i_3/O
                         net (fo=906, routed)         5.964     4.950    my_dut/sine_unit/reset
    SLICE_X13Y27         FDCE                                         f  my_dut/sine_unit/step_Re_reg[11]_replica/CLR
  -------------------------------------------------------------------    -------------------

                         (clock clk_out1_clk_wiz_0 rise edge)
                                                     10.000    10.000 r  
    L17                  IBUF                         0.000    10.000 r  CLK_IBUF_inst/O
                         net (fo=2, routed)           1.162    11.162    clk_wiz_0_0/inst/clk_in1
    MMCME2_ADV_X0Y0      MMCME2_ADV (Prop_mmcme2_adv_CLKIN1_CLKOUT0)
                                                     -7.221     3.940 r  clk_wiz_0_0/inst/mmcm_adv_inst/CLKOUT0
                         net (fo=1, routed)           1.587     5.527    clk_wiz_0_0/inst/clk_out1_clk_wiz_0
    BUFGCTRL_X0Y0        BUFG (Prop_bufg_I_O)         0.091     5.618 r  clk_wiz_0_0/inst/clkout1_buf/O
                         net (fo=2201, routed)        1.436     7.055    my_dut/sine_unit/clk_out1
    SLICE_X13Y27         FDCE                                         r  my_dut/sine_unit/step_Re_reg[11]_replica/C
                         clock pessimism              0.492     7.547    
                         clock uncertainty           -0.225     7.322    
    SLICE_X13Y27         FDCE (Recov_fdce_C_CLR)     -0.405     6.917    my_dut/sine_unit/step_Re_reg[11]_replica
  -------------------------------------------------------------------
                         required time                          6.917    
                         arrival time                          -4.950    
  -------------------------------------------------------------------
                         slack                                  1.967    

Slack (MET) :             1.967ns  (required time - arrival time)
  Source:                 my_dut/uart_unit/rx_mem_reg[14]/C
                            (rising edge-triggered cell FDCE clocked by clk_out1_clk_wiz_0  {rise@0.000ns fall@5.000ns period=10.000ns})
  Destination:            my_dut/sine_unit/step_Re_reg[8]_replica/CLR
                            (recovery check against rising-edge clock clk_out1_clk_wiz_0  {rise@0.000ns fall@5.000ns period=10.000ns})
  Path Group:             **async_default**
  Path Type:              Recovery (Max at Slow Process Corner)
  Requirement:            10.000ns  (clk_out1_clk_wiz_0 rise@10.000ns - clk_out1_clk_wiz_0 rise@0.000ns)
  Data Path Delay:        7.352ns  (logic 0.580ns (7.888%)  route 6.772ns (92.112%))
  Logic Levels:           1  (LUT2=1)
  Clock Path Skew:        -0.050ns (DCD - SCD + CPR)
    Destination Clock Delay (DCD):    -2.945ns = ( 7.055 - 10.000 ) 
    Source Clock Delay      (SCD):    -2.403ns
    Clock Pessimism Removal (CPR):    0.492ns
  Clock Uncertainty:      0.225ns  ((TSJ^2 + DJ^2)^1/2) / 2 + PE
    Total System Jitter     (TSJ):    0.071ns
    Discrete Jitter          (DJ):    0.445ns
    Phase Error              (PE):    0.000ns

    Location             Delay type                Incr(ns)  Path(ns)    Netlist Resource(s)
  -------------------------------------------------------------------    -------------------
                         (clock clk_out1_clk_wiz_0 rise edge)
                                                      0.000     0.000 r  
    L17                  IBUF                         0.000     0.000 r  CLK_IBUF_inst/O
                         net (fo=2, routed)           1.233     1.233    clk_wiz_0_0/inst/clk_in1
    MMCME2_ADV_X0Y0      MMCME2_ADV (Prop_mmcme2_adv_CLKIN1_CLKOUT0)
                                                     -6.965    -5.732 r  clk_wiz_0_0/inst/mmcm_adv_inst/CLKOUT0
                         net (fo=1, routed)           1.666    -4.065    clk_wiz_0_0/inst/clk_out1_clk_wiz_0
    BUFGCTRL_X0Y0        BUFG (Prop_bufg_I_O)         0.096    -3.969 r  clk_wiz_0_0/inst/clkout1_buf/O
                         net (fo=2201, routed)        1.566    -2.403    my_dut/uart_unit/clk_out1
    SLICE_X31Y47         FDCE                                         r  my_dut/uart_unit/rx_mem_reg[14]/C
  -------------------------------------------------------------------    -------------------
    SLICE_X31Y47         FDCE (Prop_fdce_C_Q)         0.456    -1.947 f  my_dut/uart_unit/rx_mem_reg[14]/Q
                         net (fo=86, routed)          0.808    -1.139    my_dut/uart_unit/rx_mem[14]
    SLICE_X31Y56         LUT2 (Prop_lut2_I1_O)        0.124    -1.015 f  my_dut/uart_unit/r_reg[19]_i_3/O
                         net (fo=906, routed)         5.964     4.950    my_dut/sine_unit/reset
    SLICE_X13Y27         FDCE                                         f  my_dut/sine_unit/step_Re_reg[8]_replica/CLR
  -------------------------------------------------------------------    -------------------

                         (clock clk_out1_clk_wiz_0 rise edge)
                                                     10.000    10.000 r  
    L17                  IBUF                         0.000    10.000 r  CLK_IBUF_inst/O
                         net (fo=2, routed)           1.162    11.162    clk_wiz_0_0/inst/clk_in1
    MMCME2_ADV_X0Y0      MMCME2_ADV (Prop_mmcme2_adv_CLKIN1_CLKOUT0)
                                                     -7.221     3.940 r  clk_wiz_0_0/inst/mmcm_adv_inst/CLKOUT0
                         net (fo=1, routed)           1.587     5.527    clk_wiz_0_0/inst/clk_out1_clk_wiz_0
    BUFGCTRL_X0Y0        BUFG (Prop_bufg_I_O)         0.091     5.618 r  clk_wiz_0_0/inst/clkout1_buf/O
                         net (fo=2201, routed)        1.436     7.055    my_dut/sine_unit/clk_out1
    SLICE_X13Y27         FDCE                                         r  my_dut/sine_unit/step_Re_reg[8]_replica/C
                         clock pessimism              0.492     7.547    
                         clock uncertainty           -0.225     7.322    
    SLICE_X13Y27         FDCE (Recov_fdce_C_CLR)     -0.405     6.917    my_dut/sine_unit/step_Re_reg[8]_replica
  -------------------------------------------------------------------
                         required time                          6.917    
                         arrival time                          -4.950    
  -------------------------------------------------------------------
                         slack                                  1.967    

Slack (MET) :             2.112ns  (required time - arrival time)
  Source:                 my_dut/uart_unit/rx_mem_reg[14]/C
                            (rising edge-triggered cell FDCE clocked by clk_out1_clk_wiz_0  {rise@0.000ns fall@5.000ns period=10.000ns})
  Destination:            my_dut/sine_unit/step_Re_reg[7]_replica/CLR
                            (recovery check against rising-edge clock clk_out1_clk_wiz_0  {rise@0.000ns fall@5.000ns period=10.000ns})
  Path Group:             **async_default**
  Path Type:              Recovery (Max at Slow Process Corner)
  Requirement:            10.000ns  (clk_out1_clk_wiz_0 rise@10.000ns - clk_out1_clk_wiz_0 rise@0.000ns)
  Data Path Delay:        7.207ns  (logic 0.580ns (8.048%)  route 6.627ns (91.952%))
  Logic Levels:           1  (LUT2=1)
  Clock Path Skew:        -0.051ns (DCD - SCD + CPR)
    Destination Clock Delay (DCD):    -2.946ns = ( 7.054 - 10.000 ) 
    Source Clock Delay      (SCD):    -2.403ns
    Clock Pessimism Removal (CPR):    0.492ns
  Clock Uncertainty:      0.225ns  ((TSJ^2 + DJ^2)^1/2) / 2 + PE
    Total System Jitter     (TSJ):    0.071ns
    Discrete Jitter          (DJ):    0.445ns
    Phase Error              (PE):    0.000ns

    Location             Delay type                Incr(ns)  Path(ns)    Netlist Resource(s)
  -------------------------------------------------------------------    -------------------
                         (clock clk_out1_clk_wiz_0 rise edge)
                                                      0.000     0.000 r  
    L17                  IBUF                         0.000     0.000 r  CLK_IBUF_inst/O
                         net (fo=2, routed)           1.233     1.233    clk_wiz_0_0/inst/clk_in1
    MMCME2_ADV_X0Y0      MMCME2_ADV (Prop_mmcme2_adv_CLKIN1_CLKOUT0)
                                                     -6.965    -5.732 r  clk_wiz_0_0/inst/mmcm_adv_inst/CLKOUT0
                         net (fo=1, routed)           1.666    -4.065    clk_wiz_0_0/inst/clk_out1_clk_wiz_0
    BUFGCTRL_X0Y0        BUFG (Prop_bufg_I_O)         0.096    -3.969 r  clk_wiz_0_0/inst/clkout1_buf/O
                         net (fo=2201, routed)        1.566    -2.403    my_dut/uart_unit/clk_out1
    SLICE_X31Y47         FDCE                                         r  my_dut/uart_unit/rx_mem_reg[14]/C
  -------------------------------------------------------------------    -------------------
    SLICE_X31Y47         FDCE (Prop_fdce_C_Q)         0.456    -1.947 f  my_dut/uart_unit/rx_mem_reg[14]/Q
                         net (fo=86, routed)          0.808    -1.139    my_dut/uart_unit/rx_mem[14]
    SLICE_X31Y56         LUT2 (Prop_lut2_I1_O)        0.124    -1.015 f  my_dut/uart_unit/r_reg[19]_i_3/O
                         net (fo=906, routed)         5.819     4.804    my_dut/sine_unit/reset
    SLICE_X13Y26         FDCE                                         f  my_dut/sine_unit/step_Re_reg[7]_replica/CLR
  -------------------------------------------------------------------    -------------------

                         (clock clk_out1_clk_wiz_0 rise edge)
                                                     10.000    10.000 r  
    L17                  IBUF                         0.000    10.000 r  CLK_IBUF_inst/O
                         net (fo=2, routed)           1.162    11.162    clk_wiz_0_0/inst/clk_in1
    MMCME2_ADV_X0Y0      MMCME2_ADV (Prop_mmcme2_adv_CLKIN1_CLKOUT0)
                                                     -7.221     3.940 r  clk_wiz_0_0/inst/mmcm_adv_inst/CLKOUT0
                         net (fo=1, routed)           1.587     5.527    clk_wiz_0_0/inst/clk_out1_clk_wiz_0
    BUFGCTRL_X0Y0        BUFG (Prop_bufg_I_O)         0.091     5.618 r  clk_wiz_0_0/inst/clkout1_buf/O
                         net (fo=2201, routed)        1.435     7.054    my_dut/sine_unit/clk_out1
    SLICE_X13Y26         FDCE                                         r  my_dut/sine_unit/step_Re_reg[7]_replica/C
                         clock pessimism              0.492     7.546    
                         clock uncertainty           -0.225     7.321    
    SLICE_X13Y26         FDCE (Recov_fdce_C_CLR)     -0.405     6.916    my_dut/sine_unit/step_Re_reg[7]_replica
  -------------------------------------------------------------------
                         required time                          6.916    
                         arrival time                          -4.804    
  -------------------------------------------------------------------
                         slack                                  2.112    

Slack (MET) :             2.112ns  (required time - arrival time)
  Source:                 my_dut/uart_unit/rx_mem_reg[14]/C
                            (rising edge-triggered cell FDCE clocked by clk_out1_clk_wiz_0  {rise@0.000ns fall@5.000ns period=10.000ns})
  Destination:            my_dut/sine_unit/step_Re_reg[9]_replica/CLR
                            (recovery check against rising-edge clock clk_out1_clk_wiz_0  {rise@0.000ns fall@5.000ns period=10.000ns})
  Path Group:             **async_default**
  Path Type:              Recovery (Max at Slow Process Corner)
  Requirement:            10.000ns  (clk_out1_clk_wiz_0 rise@10.000ns - clk_out1_clk_wiz_0 rise@0.000ns)
  Data Path Delay:        7.207ns  (logic 0.580ns (8.048%)  route 6.627ns (91.952%))
  Logic Levels:           1  (LUT2=1)
  Clock Path Skew:        -0.051ns (DCD - SCD + CPR)
    Destination Clock Delay (DCD):    -2.946ns = ( 7.054 - 10.000 ) 
    Source Clock Delay      (SCD):    -2.403ns
    Clock Pessimism Removal (CPR):    0.492ns
  Clock Uncertainty:      0.225ns  ((TSJ^2 + DJ^2)^1/2) / 2 + PE
    Total System Jitter     (TSJ):    0.071ns
    Discrete Jitter          (DJ):    0.445ns
    Phase Error              (PE):    0.000ns

    Location             Delay type                Incr(ns)  Path(ns)    Netlist Resource(s)
  -------------------------------------------------------------------    -------------------
                         (clock clk_out1_clk_wiz_0 rise edge)
                                                      0.000     0.000 r  
    L17                  IBUF                         0.000     0.000 r  CLK_IBUF_inst/O
                         net (fo=2, routed)           1.233     1.233    clk_wiz_0_0/inst/clk_in1
    MMCME2_ADV_X0Y0      MMCME2_ADV (Prop_mmcme2_adv_CLKIN1_CLKOUT0)
                                                     -6.965    -5.732 r  clk_wiz_0_0/inst/mmcm_adv_inst/CLKOUT0
                         net (fo=1, routed)           1.666    -4.065    clk_wiz_0_0/inst/clk_out1_clk_wiz_0
    BUFGCTRL_X0Y0        BUFG (Prop_bufg_I_O)         0.096    -3.969 r  clk_wiz_0_0/inst/clkout1_buf/O
                         net (fo=2201, routed)        1.566    -2.403    my_dut/uart_unit/clk_out1
    SLICE_X31Y47         FDCE                                         r  my_dut/uart_unit/rx_mem_reg[14]/C
  -------------------------------------------------------------------    -------------------
    SLICE_X31Y47         FDCE (Prop_fdce_C_Q)         0.456    -1.947 f  my_dut/uart_unit/rx_mem_reg[14]/Q
                         net (fo=86, routed)          0.808    -1.139    my_dut/uart_unit/rx_mem[14]
    SLICE_X31Y56         LUT2 (Prop_lut2_I1_O)        0.124    -1.015 f  my_dut/uart_unit/r_reg[19]_i_3/O
                         net (fo=906, routed)         5.819     4.804    my_dut/sine_unit/reset
    SLICE_X13Y26         FDCE                                         f  my_dut/sine_unit/step_Re_reg[9]_replica/CLR
  -------------------------------------------------------------------    -------------------

                         (clock clk_out1_clk_wiz_0 rise edge)
                                                     10.000    10.000 r  
    L17                  IBUF                         0.000    10.000 r  CLK_IBUF_inst/O
                         net (fo=2, routed)           1.162    11.162    clk_wiz_0_0/inst/clk_in1
    MMCME2_ADV_X0Y0      MMCME2_ADV (Prop_mmcme2_adv_CLKIN1_CLKOUT0)
                                                     -7.221     3.940 r  clk_wiz_0_0/inst/mmcm_adv_inst/CLKOUT0
                         net (fo=1, routed)           1.587     5.527    clk_wiz_0_0/inst/clk_out1_clk_wiz_0
    BUFGCTRL_X0Y0        BUFG (Prop_bufg_I_O)         0.091     5.618 r  clk_wiz_0_0/inst/clkout1_buf/O
                         net (fo=2201, routed)        1.435     7.054    my_dut/sine_unit/clk_out1
    SLICE_X13Y26         FDCE                                         r  my_dut/sine_unit/step_Re_reg[9]_replica/C
                         clock pessimism              0.492     7.546    
                         clock uncertainty           -0.225     7.321    
    SLICE_X13Y26         FDCE (Recov_fdce_C_CLR)     -0.405     6.916    my_dut/sine_unit/step_Re_reg[9]_replica
  -------------------------------------------------------------------
                         required time                          6.916    
                         arrival time                          -4.804    
  -------------------------------------------------------------------
                         slack                                  2.112    

Slack (MET) :             2.138ns  (required time - arrival time)
  Source:                 my_dut/uart_unit/rx_mem_reg[14]/C
                            (rising edge-triggered cell FDCE clocked by clk_out1_clk_wiz_0  {rise@0.000ns fall@5.000ns period=10.000ns})
  Destination:            my_dut/sine_unit/curr_Im_reg[31]/CLR
                            (recovery check against rising-edge clock clk_out1_clk_wiz_0  {rise@0.000ns fall@5.000ns period=10.000ns})
  Path Group:             **async_default**
  Path Type:              Recovery (Max at Slow Process Corner)
  Requirement:            10.000ns  (clk_out1_clk_wiz_0 rise@10.000ns - clk_out1_clk_wiz_0 rise@0.000ns)
  Data Path Delay:        7.175ns  (logic 0.580ns (8.083%)  route 6.595ns (91.917%))
  Logic Levels:           1  (LUT2=1)
  Clock Path Skew:        -0.056ns (DCD - SCD + CPR)
    Destination Clock Delay (DCD):    -2.951ns = ( 7.049 - 10.000 ) 
    Source Clock Delay      (SCD):    -2.403ns
    Clock Pessimism Removal (CPR):    0.492ns
  Clock Uncertainty:      0.225ns  ((TSJ^2 + DJ^2)^1/2) / 2 + PE
    Total System Jitter     (TSJ):    0.071ns
    Discrete Jitter          (DJ):    0.445ns
    Phase Error              (PE):    0.000ns

    Location             Delay type                Incr(ns)  Path(ns)    Netlist Resource(s)
  -------------------------------------------------------------------    -------------------
                         (clock clk_out1_clk_wiz_0 rise edge)
                                                      0.000     0.000 r  
    L17                  IBUF                         0.000     0.000 r  CLK_IBUF_inst/O
                         net (fo=2, routed)           1.233     1.233    clk_wiz_0_0/inst/clk_in1
    MMCME2_ADV_X0Y0      MMCME2_ADV (Prop_mmcme2_adv_CLKIN1_CLKOUT0)
                                                     -6.965    -5.732 r  clk_wiz_0_0/inst/mmcm_adv_inst/CLKOUT0
                         net (fo=1, routed)           1.666    -4.065    clk_wiz_0_0/inst/clk_out1_clk_wiz_0
    BUFGCTRL_X0Y0        BUFG (Prop_bufg_I_O)         0.096    -3.969 r  clk_wiz_0_0/inst/clkout1_buf/O
                         net (fo=2201, routed)        1.566    -2.403    my_dut/uart_unit/clk_out1
    SLICE_X31Y47         FDCE                                         r  my_dut/uart_unit/rx_mem_reg[14]/C
  -------------------------------------------------------------------    -------------------
    SLICE_X31Y47         FDCE (Prop_fdce_C_Q)         0.456    -1.947 f  my_dut/uart_unit/rx_mem_reg[14]/Q
                         net (fo=86, routed)          0.808    -1.139    my_dut/uart_unit/rx_mem[14]
    SLICE_X31Y56         LUT2 (Prop_lut2_I1_O)        0.124    -1.015 f  my_dut/uart_unit/r_reg[19]_i_3/O
                         net (fo=906, routed)         5.787     4.773    my_dut/sine_unit/reset
    SLICE_X29Y25         FDCE                                         f  my_dut/sine_unit/curr_Im_reg[31]/CLR
  -------------------------------------------------------------------    -------------------

                         (clock clk_out1_clk_wiz_0 rise edge)
                                                     10.000    10.000 r  
    L17                  IBUF                         0.000    10.000 r  CLK_IBUF_inst/O
                         net (fo=2, routed)           1.162    11.162    clk_wiz_0_0/inst/clk_in1
    MMCME2_ADV_X0Y0      MMCME2_ADV (Prop_mmcme2_adv_CLKIN1_CLKOUT0)
                                                     -7.221     3.940 r  clk_wiz_0_0/inst/mmcm_adv_inst/CLKOUT0
                         net (fo=1, routed)           1.587     5.527    clk_wiz_0_0/inst/clk_out1_clk_wiz_0
    BUFGCTRL_X0Y0        BUFG (Prop_bufg_I_O)         0.091     5.618 r  clk_wiz_0_0/inst/clkout1_buf/O
                         net (fo=2201, routed)        1.430     7.049    my_dut/sine_unit/clk_out1
    SLICE_X29Y25         FDCE                                         r  my_dut/sine_unit/curr_Im_reg[31]/C
                         clock pessimism              0.492     7.541    
                         clock uncertainty           -0.225     7.316    
    SLICE_X29Y25         FDCE (Recov_fdce_C_CLR)     -0.405     6.911    my_dut/sine_unit/curr_Im_reg[31]
  -------------------------------------------------------------------
                         required time                          6.911    
                         arrival time                          -4.773    
  -------------------------------------------------------------------
                         slack                                  2.138    

Slack (MET) :             2.266ns  (required time - arrival time)
  Source:                 my_dut/uart_unit/rx_mem_reg[14]/C
                            (rising edge-triggered cell FDCE clocked by clk_out1_clk_wiz_0  {rise@0.000ns fall@5.000ns period=10.000ns})
  Destination:            my_dut/sine_unit/step_Re_reg[3]_replica/CLR
                            (recovery check against rising-edge clock clk_out1_clk_wiz_0  {rise@0.000ns fall@5.000ns period=10.000ns})
  Path Group:             **async_default**
  Path Type:              Recovery (Max at Slow Process Corner)
  Requirement:            10.000ns  (clk_out1_clk_wiz_0 rise@10.000ns - clk_out1_clk_wiz_0 rise@0.000ns)
  Data Path Delay:        7.051ns  (logic 0.580ns (8.226%)  route 6.471ns (91.774%))
  Logic Levels:           1  (LUT2=1)
  Clock Path Skew:        -0.053ns (DCD - SCD + CPR)
    Destination Clock Delay (DCD):    -2.948ns = ( 7.052 - 10.000 ) 
    Source Clock Delay      (SCD):    -2.403ns
    Clock Pessimism Removal (CPR):    0.492ns
  Clock Uncertainty:      0.225ns  ((TSJ^2 + DJ^2)^1/2) / 2 + PE
    Total System Jitter     (TSJ):    0.071ns
    Discrete Jitter          (DJ):    0.445ns
    Phase Error              (PE):    0.000ns

    Location             Delay type                Incr(ns)  Path(ns)    Netlist Resource(s)
  -------------------------------------------------------------------    -------------------
                         (clock clk_out1_clk_wiz_0 rise edge)
                                                      0.000     0.000 r  
    L17                  IBUF                         0.000     0.000 r  CLK_IBUF_inst/O
                         net (fo=2, routed)           1.233     1.233    clk_wiz_0_0/inst/clk_in1
    MMCME2_ADV_X0Y0      MMCME2_ADV (Prop_mmcme2_adv_CLKIN1_CLKOUT0)
                                                     -6.965    -5.732 r  clk_wiz_0_0/inst/mmcm_adv_inst/CLKOUT0
                         net (fo=1, routed)           1.666    -4.065    clk_wiz_0_0/inst/clk_out1_clk_wiz_0
    BUFGCTRL_X0Y0        BUFG (Prop_bufg_I_O)         0.096    -3.969 r  clk_wiz_0_0/inst/clkout1_buf/O
                         net (fo=2201, routed)        1.566    -2.403    my_dut/uart_unit/clk_out1
    SLICE_X31Y47         FDCE                                         r  my_dut/uart_unit/rx_mem_reg[14]/C
  -------------------------------------------------------------------    -------------------
    SLICE_X31Y47         FDCE (Prop_fdce_C_Q)         0.456    -1.947 f  my_dut/uart_unit/rx_mem_reg[14]/Q
                         net (fo=86, routed)          0.808    -1.139    my_dut/uart_unit/rx_mem[14]
    SLICE_X31Y56         LUT2 (Prop_lut2_I1_O)        0.124    -1.015 f  my_dut/uart_unit/r_reg[19]_i_3/O
                         net (fo=906, routed)         5.663     4.648    my_dut/sine_unit/reset
    SLICE_X13Y25         FDCE                                         f  my_dut/sine_unit/step_Re_reg[3]_replica/CLR
  -------------------------------------------------------------------    -------------------

                         (clock clk_out1_clk_wiz_0 rise edge)
                                                     10.000    10.000 r  
    L17                  IBUF                         0.000    10.000 r  CLK_IBUF_inst/O
                         net (fo=2, routed)           1.162    11.162    clk_wiz_0_0/inst/clk_in1
    MMCME2_ADV_X0Y0      MMCME2_ADV (Prop_mmcme2_adv_CLKIN1_CLKOUT0)
                                                     -7.221     3.940 r  clk_wiz_0_0/inst/mmcm_adv_inst/CLKOUT0
                         net (fo=1, routed)           1.587     5.527    clk_wiz_0_0/inst/clk_out1_clk_wiz_0
    BUFGCTRL_X0Y0        BUFG (Prop_bufg_I_O)         0.091     5.618 r  clk_wiz_0_0/inst/clkout1_buf/O
                         net (fo=2201, routed)        1.433     7.052    my_dut/sine_unit/clk_out1
    SLICE_X13Y25         FDCE                                         r  my_dut/sine_unit/step_Re_reg[3]_replica/C
                         clock pessimism              0.492     7.544    
                         clock uncertainty           -0.225     7.319    
    SLICE_X13Y25         FDCE (Recov_fdce_C_CLR)     -0.405     6.914    my_dut/sine_unit/step_Re_reg[3]_replica
  -------------------------------------------------------------------
                         required time                          6.914    
                         arrival time                          -4.648    
  -------------------------------------------------------------------
                         slack                                  2.266    

Slack (MET) :             2.605ns  (required time - arrival time)
  Source:                 my_dut/uart_unit/rx_mem_reg[14]/C
                            (rising edge-triggered cell FDCE clocked by clk_out1_clk_wiz_0  {rise@0.000ns fall@5.000ns period=10.000ns})
  Destination:            my_dut/sine_unit/curr_Im_reg[10]_replica/CLR
                            (recovery check against rising-edge clock clk_out1_clk_wiz_0  {rise@0.000ns fall@5.000ns period=10.000ns})
  Path Group:             **async_default**
  Path Type:              Recovery (Max at Slow Process Corner)
  Requirement:            10.000ns  (clk_out1_clk_wiz_0 rise@10.000ns - clk_out1_clk_wiz_0 rise@0.000ns)
  Data Path Delay:        6.714ns  (logic 0.580ns (8.638%)  route 6.134ns (91.362%))
  Logic Levels:           1  (LUT2=1)
  Clock Path Skew:        -0.050ns (DCD - SCD + CPR)
    Destination Clock Delay (DCD):    -2.945ns = ( 7.055 - 10.000 ) 
    Source Clock Delay      (SCD):    -2.403ns
    Clock Pessimism Removal (CPR):    0.492ns
  Clock Uncertainty:      0.225ns  ((TSJ^2 + DJ^2)^1/2) / 2 + PE
    Total System Jitter     (TSJ):    0.071ns
    Discrete Jitter          (DJ):    0.445ns
    Phase Error              (PE):    0.000ns

    Location             Delay type                Incr(ns)  Path(ns)    Netlist Resource(s)
  -------------------------------------------------------------------    -------------------
                         (clock clk_out1_clk_wiz_0 rise edge)
                                                      0.000     0.000 r  
    L17                  IBUF                         0.000     0.000 r  CLK_IBUF_inst/O
                         net (fo=2, routed)           1.233     1.233    clk_wiz_0_0/inst/clk_in1
    MMCME2_ADV_X0Y0      MMCME2_ADV (Prop_mmcme2_adv_CLKIN1_CLKOUT0)
                                                     -6.965    -5.732 r  clk_wiz_0_0/inst/mmcm_adv_inst/CLKOUT0
                         net (fo=1, routed)           1.666    -4.065    clk_wiz_0_0/inst/clk_out1_clk_wiz_0
    BUFGCTRL_X0Y0        BUFG (Prop_bufg_I_O)         0.096    -3.969 r  clk_wiz_0_0/inst/clkout1_buf/O
                         net (fo=2201, routed)        1.566    -2.403    my_dut/uart_unit/clk_out1
    SLICE_X31Y47         FDCE                                         r  my_dut/uart_unit/rx_mem_reg[14]/C
  -------------------------------------------------------------------    -------------------
    SLICE_X31Y47         FDCE (Prop_fdce_C_Q)         0.456    -1.947 f  my_dut/uart_unit/rx_mem_reg[14]/Q
                         net (fo=86, routed)          0.808    -1.139    my_dut/uart_unit/rx_mem[14]
    SLICE_X31Y56         LUT2 (Prop_lut2_I1_O)        0.124    -1.015 f  my_dut/uart_unit/r_reg[19]_i_3/O
                         net (fo=906, routed)         5.326     4.311    my_dut/sine_unit/reset
    SLICE_X13Y22         FDCE                                         f  my_dut/sine_unit/curr_Im_reg[10]_replica/CLR
  -------------------------------------------------------------------    -------------------

                         (clock clk_out1_clk_wiz_0 rise edge)
                                                     10.000    10.000 r  
    L17                  IBUF                         0.000    10.000 r  CLK_IBUF_inst/O
                         net (fo=2, routed)           1.162    11.162    clk_wiz_0_0/inst/clk_in1
    MMCME2_ADV_X0Y0      MMCME2_ADV (Prop_mmcme2_adv_CLKIN1_CLKOUT0)
                                                     -7.221     3.940 r  clk_wiz_0_0/inst/mmcm_adv_inst/CLKOUT0
                         net (fo=1, routed)           1.587     5.527    clk_wiz_0_0/inst/clk_out1_clk_wiz_0
    BUFGCTRL_X0Y0        BUFG (Prop_bufg_I_O)         0.091     5.618 r  clk_wiz_0_0/inst/clkout1_buf/O
                         net (fo=2201, routed)        1.436     7.055    my_dut/sine_unit/clk_out1
    SLICE_X13Y22         FDCE                                         r  my_dut/sine_unit/curr_Im_reg[10]_replica/C
                         clock pessimism              0.492     7.547    
                         clock uncertainty           -0.225     7.322    
    SLICE_X13Y22         FDCE (Recov_fdce_C_CLR)     -0.405     6.917    my_dut/sine_unit/curr_Im_reg[10]_replica
  -------------------------------------------------------------------
                         required time                          6.917    
                         arrival time                          -4.311    
  -------------------------------------------------------------------
                         slack                                  2.605    

Slack (MET) :             2.714ns  (required time - arrival time)
  Source:                 my_dut/uart_unit/rx_mem_reg[14]/C
                            (rising edge-triggered cell FDCE clocked by clk_out1_clk_wiz_0  {rise@0.000ns fall@5.000ns period=10.000ns})
  Destination:            my_dut/sine_unit/currB_Im_reg[14]_replica/CLR
                            (recovery check against rising-edge clock clk_out1_clk_wiz_0  {rise@0.000ns fall@5.000ns period=10.000ns})
  Path Group:             **async_default**
  Path Type:              Recovery (Max at Slow Process Corner)
  Requirement:            10.000ns  (clk_out1_clk_wiz_0 rise@10.000ns - clk_out1_clk_wiz_0 rise@0.000ns)
  Data Path Delay:        6.606ns  (logic 0.580ns (8.780%)  route 6.026ns (91.220%))
  Logic Levels:           1  (LUT2=1)
  Clock Path Skew:        -0.137ns (DCD - SCD + CPR)
    Destination Clock Delay (DCD):    -2.952ns = ( 7.048 - 10.000 ) 
    Source Clock Delay      (SCD):    -2.403ns
    Clock Pessimism Removal (CPR):    0.412ns
  Clock Uncertainty:      0.225ns  ((TSJ^2 + DJ^2)^1/2) / 2 + PE
    Total System Jitter     (TSJ):    0.071ns
    Discrete Jitter          (DJ):    0.445ns
    Phase Error              (PE):    0.000ns

    Location             Delay type                Incr(ns)  Path(ns)    Netlist Resource(s)
  -------------------------------------------------------------------    -------------------
                         (clock clk_out1_clk_wiz_0 rise edge)
                                                      0.000     0.000 r  
    L17                  IBUF                         0.000     0.000 r  CLK_IBUF_inst/O
                         net (fo=2, routed)           1.233     1.233    clk_wiz_0_0/inst/clk_in1
    MMCME2_ADV_X0Y0      MMCME2_ADV (Prop_mmcme2_adv_CLKIN1_CLKOUT0)
                                                     -6.965    -5.732 r  clk_wiz_0_0/inst/mmcm_adv_inst/CLKOUT0
                         net (fo=1, routed)           1.666    -4.065    clk_wiz_0_0/inst/clk_out1_clk_wiz_0
    BUFGCTRL_X0Y0        BUFG (Prop_bufg_I_O)         0.096    -3.969 r  clk_wiz_0_0/inst/clkout1_buf/O
                         net (fo=2201, routed)        1.566    -2.403    my_dut/uart_unit/clk_out1
    SLICE_X31Y47         FDCE                                         r  my_dut/uart_unit/rx_mem_reg[14]/C
  -------------------------------------------------------------------    -------------------
    SLICE_X31Y47         FDCE (Prop_fdce_C_Q)         0.456    -1.947 f  my_dut/uart_unit/rx_mem_reg[14]/Q
                         net (fo=86, routed)          0.808    -1.139    my_dut/uart_unit/rx_mem[14]
    SLICE_X31Y56         LUT2 (Prop_lut2_I1_O)        0.124    -1.015 f  my_dut/uart_unit/r_reg[19]_i_3/O
                         net (fo=906, routed)         5.217     4.203    my_dut/sine_unit/reset
    SLICE_X54Y78         FDCE                                         f  my_dut/sine_unit/currB_Im_reg[14]_replica/CLR
  -------------------------------------------------------------------    -------------------

                         (clock clk_out1_clk_wiz_0 rise edge)
                                                     10.000    10.000 r  
    L17                  IBUF                         0.000    10.000 r  CLK_IBUF_inst/O
                         net (fo=2, routed)           1.162    11.162    clk_wiz_0_0/inst/clk_in1
    MMCME2_ADV_X0Y0      MMCME2_ADV (Prop_mmcme2_adv_CLKIN1_CLKOUT0)
                                                     -7.221     3.940 r  clk_wiz_0_0/inst/mmcm_adv_inst/CLKOUT0
                         net (fo=1, routed)           1.587     5.527    clk_wiz_0_0/inst/clk_out1_clk_wiz_0
    BUFGCTRL_X0Y0        BUFG (Prop_bufg_I_O)         0.091     5.618 r  clk_wiz_0_0/inst/clkout1_buf/O
                         net (fo=2201, routed)        1.430     7.048    my_dut/sine_unit/clk_out1
    SLICE_X54Y78         FDCE                                         r  my_dut/sine_unit/currB_Im_reg[14]_replica/C
                         clock pessimism              0.412     7.460    
                         clock uncertainty           -0.225     7.235    
    SLICE_X54Y78         FDCE (Recov_fdce_C_CLR)     -0.319     6.916    my_dut/sine_unit/currB_Im_reg[14]_replica
  -------------------------------------------------------------------
                         required time                          6.916    
                         arrival time                          -4.203    
  -------------------------------------------------------------------
                         slack                                  2.714    

Slack (MET) :             2.714ns  (required time - arrival time)
  Source:                 my_dut/uart_unit/rx_mem_reg[14]/C
                            (rising edge-triggered cell FDCE clocked by clk_out1_clk_wiz_0  {rise@0.000ns fall@5.000ns period=10.000ns})
  Destination:            my_dut/sine_unit/currB_Im_reg[15]_replica/CLR
                            (recovery check against rising-edge clock clk_out1_clk_wiz_0  {rise@0.000ns fall@5.000ns period=10.000ns})
  Path Group:             **async_default**
  Path Type:              Recovery (Max at Slow Process Corner)
  Requirement:            10.000ns  (clk_out1_clk_wiz_0 rise@10.000ns - clk_out1_clk_wiz_0 rise@0.000ns)
  Data Path Delay:        6.606ns  (logic 0.580ns (8.780%)  route 6.026ns (91.220%))
  Logic Levels:           1  (LUT2=1)
  Clock Path Skew:        -0.137ns (DCD - SCD + CPR)
    Destination Clock Delay (DCD):    -2.952ns = ( 7.048 - 10.000 ) 
    Source Clock Delay      (SCD):    -2.403ns
    Clock Pessimism Removal (CPR):    0.412ns
  Clock Uncertainty:      0.225ns  ((TSJ^2 + DJ^2)^1/2) / 2 + PE
    Total System Jitter     (TSJ):    0.071ns
    Discrete Jitter          (DJ):    0.445ns
    Phase Error              (PE):    0.000ns

    Location             Delay type                Incr(ns)  Path(ns)    Netlist Resource(s)
  -------------------------------------------------------------------    -------------------
                         (clock clk_out1_clk_wiz_0 rise edge)
                                                      0.000     0.000 r  
    L17                  IBUF                         0.000     0.000 r  CLK_IBUF_inst/O
                         net (fo=2, routed)           1.233     1.233    clk_wiz_0_0/inst/clk_in1
    MMCME2_ADV_X0Y0      MMCME2_ADV (Prop_mmcme2_adv_CLKIN1_CLKOUT0)
                                                     -6.965    -5.732 r  clk_wiz_0_0/inst/mmcm_adv_inst/CLKOUT0
                         net (fo=1, routed)           1.666    -4.065    clk_wiz_0_0/inst/clk_out1_clk_wiz_0
    BUFGCTRL_X0Y0        BUFG (Prop_bufg_I_O)         0.096    -3.969 r  clk_wiz_0_0/inst/clkout1_buf/O
                         net (fo=2201, routed)        1.566    -2.403    my_dut/uart_unit/clk_out1
    SLICE_X31Y47         FDCE                                         r  my_dut/uart_unit/rx_mem_reg[14]/C
  -------------------------------------------------------------------    -------------------
    SLICE_X31Y47         FDCE (Prop_fdce_C_Q)         0.456    -1.947 f  my_dut/uart_unit/rx_mem_reg[14]/Q
                         net (fo=86, routed)          0.808    -1.139    my_dut/uart_unit/rx_mem[14]
    SLICE_X31Y56         LUT2 (Prop_lut2_I1_O)        0.124    -1.015 f  my_dut/uart_unit/r_reg[19]_i_3/O
                         net (fo=906, routed)         5.217     4.203    my_dut/sine_unit/reset
    SLICE_X54Y78         FDCE                                         f  my_dut/sine_unit/currB_Im_reg[15]_replica/CLR
  -------------------------------------------------------------------    -------------------

                         (clock clk_out1_clk_wiz_0 rise edge)
                                                     10.000    10.000 r  
    L17                  IBUF                         0.000    10.000 r  CLK_IBUF_inst/O
                         net (fo=2, routed)           1.162    11.162    clk_wiz_0_0/inst/clk_in1
    MMCME2_ADV_X0Y0      MMCME2_ADV (Prop_mmcme2_adv_CLKIN1_CLKOUT0)
                                                     -7.221     3.940 r  clk_wiz_0_0/inst/mmcm_adv_inst/CLKOUT0
                         net (fo=1, routed)           1.587     5.527    clk_wiz_0_0/inst/clk_out1_clk_wiz_0
    BUFGCTRL_X0Y0        BUFG (Prop_bufg_I_O)         0.091     5.618 r  clk_wiz_0_0/inst/clkout1_buf/O
                         net (fo=2201, routed)        1.430     7.048    my_dut/sine_unit/clk_out1
    SLICE_X54Y78         FDCE                                         r  my_dut/sine_unit/currB_Im_reg[15]_replica/C
                         clock pessimism              0.412     7.460    
                         clock uncertainty           -0.225     7.235    
    SLICE_X54Y78         FDCE (Recov_fdce_C_CLR)     -0.319     6.916    my_dut/sine_unit/currB_Im_reg[15]_replica
  -------------------------------------------------------------------
                         required time                          6.916    
                         arrival time                          -4.203    
  -------------------------------------------------------------------
                         slack                                  2.714    





Min Delay Paths
--------------------------------------------------------------------------------------
Slack (MET) :             0.429ns  (arrival time - required time)
  Source:                 my_dut/uart_unit/rx_mem_reg[181]/C
                            (rising edge-triggered cell FDCE clocked by clk_out1_clk_wiz_0  {rise@0.000ns fall@5.000ns period=10.000ns})
  Destination:            my_dut/tri_unit/r_reg_reg[9]_P/PRE
                            (removal check against rising-edge clock clk_out1_clk_wiz_0  {rise@0.000ns fall@5.000ns period=10.000ns})
  Path Group:             **async_default**
  Path Type:              Removal (Min at Fast Process Corner)
  Requirement:            0.000ns  (clk_out1_clk_wiz_0 rise@0.000ns - clk_out1_clk_wiz_0 rise@0.000ns)
  Data Path Delay:        0.597ns  (logic 0.186ns (31.176%)  route 0.411ns (68.824%))
  Logic Levels:           1  (LUT3=1)
  Clock Path Skew:        0.263ns (DCD - SCD - CPR)
    Destination Clock Delay (DCD):    -1.273ns
    Source Clock Delay      (SCD):    -0.846ns
    Clock Pessimism Removal (CPR):    -0.690ns

    Location             Delay type                Incr(ns)  Path(ns)    Netlist Resource(s)
  -------------------------------------------------------------------    -------------------
                         (clock clk_out1_clk_wiz_0 rise edge)
                                                      0.000     0.000 r  
    L17                  IBUF                         0.000     0.000 r  CLK_IBUF_inst/O
                         net (fo=2, routed)           0.440     0.440    clk_wiz_0_0/inst/clk_in1
    MMCME2_ADV_X0Y0      MMCME2_ADV (Prop_mmcme2_adv_CLKIN1_CLKOUT0)
                                                     -2.362    -1.922 r  clk_wiz_0_0/inst/mmcm_adv_inst/CLKOUT0
                         net (fo=1, routed)           0.489    -1.433    clk_wiz_0_0/inst/clk_out1_clk_wiz_0
    BUFGCTRL_X0Y0        BUFG (Prop_bufg_I_O)         0.026    -1.407 r  clk_wiz_0_0/inst/clkout1_buf/O
                         net (fo=2201, routed)        0.562    -0.846    my_dut/uart_unit/clk_out1
    SLICE_X39Y41         FDCE                                         r  my_dut/uart_unit/rx_mem_reg[181]/C
  -------------------------------------------------------------------    -------------------
    SLICE_X39Y41         FDCE (Prop_fdce_C_Q)         0.141    -0.705 f  my_dut/uart_unit/rx_mem_reg[181]/Q
                         net (fo=9, routed)           0.218    -0.487    my_dut/uart_unit/rx_mem_reg[287]_0[94]
    SLICE_X37Y43         LUT3 (Prop_lut3_I2_O)        0.045    -0.442 f  my_dut/uart_unit/r_reg_reg[9]_LDC_i_1/O
                         net (fo=2, routed)           0.192    -0.249    my_dut/tri_unit/r_reg_reg[9]_P_0
    SLICE_X35Y42         FDPE                                         f  my_dut/tri_unit/r_reg_reg[9]_P/PRE
  -------------------------------------------------------------------    -------------------

                         (clock clk_out1_clk_wiz_0 rise edge)
                                                      0.000     0.000 r  
    L17                  IBUF                         0.000     0.000 r  CLK_IBUF_inst/O
                         net (fo=2, routed)           0.480     0.480    clk_wiz_0_0/inst/clk_in1
    MMCME2_ADV_X0Y0      MMCME2_ADV (Prop_mmcme2_adv_CLKIN1_CLKOUT0)
                                                     -3.145    -2.665 r  clk_wiz_0_0/inst/mmcm_adv_inst/CLKOUT0
                         net (fo=1, routed)           0.534    -2.132    clk_wiz_0_0/inst/clk_out1_clk_wiz_0
    BUFGCTRL_X0Y0        BUFG (Prop_bufg_I_O)         0.029    -2.103 r  clk_wiz_0_0/inst/clkout1_buf/O
                         net (fo=2201, routed)        0.830    -1.273    my_dut/tri_unit/clk_out1
    SLICE_X35Y42         FDPE                                         r  my_dut/tri_unit/r_reg_reg[9]_P/C
                         clock pessimism              0.690    -0.583    
    SLICE_X35Y42         FDPE (Remov_fdpe_C_PRE)     -0.095    -0.678    my_dut/tri_unit/r_reg_reg[9]_P
  -------------------------------------------------------------------
                         required time                          0.678    
                         arrival time                          -0.249    
  -------------------------------------------------------------------
                         slack                                  0.429    

Slack (MET) :             0.439ns  (arrival time - required time)
  Source:                 my_dut/uart_unit/rx_mem_reg[179]/C
                            (rising edge-triggered cell FDCE clocked by clk_out1_clk_wiz_0  {rise@0.000ns fall@5.000ns period=10.000ns})
  Destination:            my_dut/tri_unit/r_reg_reg[15]_P/PRE
                            (removal check against rising-edge clock clk_out1_clk_wiz_0  {rise@0.000ns fall@5.000ns period=10.000ns})
  Path Group:             **async_default**
  Path Type:              Removal (Min at Fast Process Corner)
  Requirement:            0.000ns  (clk_out1_clk_wiz_0 rise@0.000ns - clk_out1_clk_wiz_0 rise@0.000ns)
  Data Path Delay:        0.631ns  (logic 0.186ns (29.457%)  route 0.445ns (70.543%))
  Logic Levels:           1  (LUT3=1)
  Clock Path Skew:        0.263ns (DCD - SCD - CPR)
    Destination Clock Delay (DCD):    -1.272ns
    Source Clock Delay      (SCD):    -0.845ns
    Clock Pessimism Removal (CPR):    -0.690ns

    Location             Delay type                Incr(ns)  Path(ns)    Netlist Resource(s)
  -------------------------------------------------------------------    -------------------
                         (clock clk_out1_clk_wiz_0 rise edge)
                                                      0.000     0.000 r  
    L17                  IBUF                         0.000     0.000 r  CLK_IBUF_inst/O
                         net (fo=2, routed)           0.440     0.440    clk_wiz_0_0/inst/clk_in1
    MMCME2_ADV_X0Y0      MMCME2_ADV (Prop_mmcme2_adv_CLKIN1_CLKOUT0)
                                                     -2.362    -1.922 r  clk_wiz_0_0/inst/mmcm_adv_inst/CLKOUT0
                         net (fo=1, routed)           0.489    -1.433    clk_wiz_0_0/inst/clk_out1_clk_wiz_0
    BUFGCTRL_X0Y0        BUFG (Prop_bufg_I_O)         0.026    -1.407 r  clk_wiz_0_0/inst/clkout1_buf/O
                         net (fo=2201, routed)        0.563    -0.845    my_dut/uart_unit/clk_out1
    SLICE_X39Y43         FDCE                                         r  my_dut/uart_unit/rx_mem_reg[179]/C
  -------------------------------------------------------------------    -------------------
    SLICE_X39Y43         FDCE (Prop_fdce_C_Q)         0.141    -0.704 f  my_dut/uart_unit/rx_mem_reg[179]/Q
                         net (fo=12, routed)          0.317    -0.387    my_dut/uart_unit/rx_mem_reg[287]_0[92]
    SLICE_X35Y44         LUT3 (Prop_lut3_I2_O)        0.045    -0.342 f  my_dut/uart_unit/r_reg_reg[15]_LDC_i_1/O
                         net (fo=2, routed)           0.128    -0.213    my_dut/tri_unit/r_reg_reg[15]_P_0
    SLICE_X34Y43         FDPE                                         f  my_dut/tri_unit/r_reg_reg[15]_P/PRE
  -------------------------------------------------------------------    -------------------

                         (clock clk_out1_clk_wiz_0 rise edge)
                                                      0.000     0.000 r  
    L17                  IBUF                         0.000     0.000 r  CLK_IBUF_inst/O
                         net (fo=2, routed)           0.480     0.480    clk_wiz_0_0/inst/clk_in1
    MMCME2_ADV_X0Y0      MMCME2_ADV (Prop_mmcme2_adv_CLKIN1_CLKOUT0)
                                                     -3.145    -2.665 r  clk_wiz_0_0/inst/mmcm_adv_inst/CLKOUT0
                         net (fo=1, routed)           0.534    -2.132    clk_wiz_0_0/inst/clk_out1_clk_wiz_0
    BUFGCTRL_X0Y0        BUFG (Prop_bufg_I_O)         0.029    -2.103 r  clk_wiz_0_0/inst/clkout1_buf/O
                         net (fo=2201, routed)        0.831    -1.272    my_dut/tri_unit/clk_out1
    SLICE_X34Y43         FDPE                                         r  my_dut/tri_unit/r_reg_reg[15]_P/C
                         clock pessimism              0.690    -0.582    
    SLICE_X34Y43         FDPE (Remov_fdpe_C_PRE)     -0.071    -0.653    my_dut/tri_unit/r_reg_reg[15]_P
  -------------------------------------------------------------------
                         required time                          0.653    
                         arrival time                          -0.213    
  -------------------------------------------------------------------
                         slack                                  0.439    

Slack (MET) :             0.448ns  (arrival time - required time)
  Source:                 my_dut/uart_unit/rx_mem_reg[178]/C
                            (rising edge-triggered cell FDCE clocked by clk_out1_clk_wiz_0  {rise@0.000ns fall@5.000ns period=10.000ns})
  Destination:            my_dut/tri_unit/r_reg_reg[14]_P/PRE
                            (removal check against rising-edge clock clk_out1_clk_wiz_0  {rise@0.000ns fall@5.000ns period=10.000ns})
  Path Group:             **async_default**
  Path Type:              Removal (Min at Fast Process Corner)
  Requirement:            0.000ns  (clk_out1_clk_wiz_0 rise@0.000ns - clk_out1_clk_wiz_0 rise@0.000ns)
  Data Path Delay:        0.617ns  (logic 0.186ns (30.169%)  route 0.431ns (69.831%))
  Logic Levels:           1  (LUT3=1)
  Clock Path Skew:        0.264ns (DCD - SCD - CPR)
    Destination Clock Delay (DCD):    -1.271ns
    Source Clock Delay      (SCD):    -0.845ns
    Clock Pessimism Removal (CPR):    -0.690ns

    Location             Delay type                Incr(ns)  Path(ns)    Netlist Resource(s)
  -------------------------------------------------------------------    -------------------
                         (clock clk_out1_clk_wiz_0 rise edge)
                                                      0.000     0.000 r  
    L17                  IBUF                         0.000     0.000 r  CLK_IBUF_inst/O
                         net (fo=2, routed)           0.440     0.440    clk_wiz_0_0/inst/clk_in1
    MMCME2_ADV_X0Y0      MMCME2_ADV (Prop_mmcme2_adv_CLKIN1_CLKOUT0)
                                                     -2.362    -1.922 r  clk_wiz_0_0/inst/mmcm_adv_inst/CLKOUT0
                         net (fo=1, routed)           0.489    -1.433    clk_wiz_0_0/inst/clk_out1_clk_wiz_0
    BUFGCTRL_X0Y0        BUFG (Prop_bufg_I_O)         0.026    -1.407 r  clk_wiz_0_0/inst/clkout1_buf/O
                         net (fo=2201, routed)        0.563    -0.845    my_dut/uart_unit/clk_out1
    SLICE_X39Y43         FDCE                                         r  my_dut/uart_unit/rx_mem_reg[178]/C
  -------------------------------------------------------------------    -------------------
    SLICE_X39Y43         FDCE (Prop_fdce_C_Q)         0.141    -0.704 f  my_dut/uart_unit/rx_mem_reg[178]/Q
                         net (fo=9, routed)           0.230    -0.474    my_dut/uart_unit/rx_mem_reg[287]_0[91]
    SLICE_X31Y44         LUT3 (Prop_lut3_I2_O)        0.045    -0.429 f  my_dut/uart_unit/r_reg_reg[14]_LDC_i_1/O
                         net (fo=2, routed)           0.201    -0.228    my_dut/tri_unit/r_reg_reg[14]_P_0
    SLICE_X31Y44         FDPE                                         f  my_dut/tri_unit/r_reg_reg[14]_P/PRE
  -------------------------------------------------------------------    -------------------

                         (clock clk_out1_clk_wiz_0 rise edge)
                                                      0.000     0.000 r  
    L17                  IBUF                         0.000     0.000 r  CLK_IBUF_inst/O
                         net (fo=2, routed)           0.480     0.480    clk_wiz_0_0/inst/clk_in1
    MMCME2_ADV_X0Y0      MMCME2_ADV (Prop_mmcme2_adv_CLKIN1_CLKOUT0)
                                                     -3.145    -2.665 r  clk_wiz_0_0/inst/mmcm_adv_inst/CLKOUT0
                         net (fo=1, routed)           0.534    -2.132    clk_wiz_0_0/inst/clk_out1_clk_wiz_0
    BUFGCTRL_X0Y0        BUFG (Prop_bufg_I_O)         0.029    -2.103 r  clk_wiz_0_0/inst/clkout1_buf/O
                         net (fo=2201, routed)        0.832    -1.271    my_dut/tri_unit/clk_out1
    SLICE_X31Y44         FDPE                                         r  my_dut/tri_unit/r_reg_reg[14]_P/C
                         clock pessimism              0.690    -0.581    
    SLICE_X31Y44         FDPE (Remov_fdpe_C_PRE)     -0.095    -0.676    my_dut/tri_unit/r_reg_reg[14]_P
  -------------------------------------------------------------------
                         required time                          0.676    
                         arrival time                          -0.228    
  -------------------------------------------------------------------
                         slack                                  0.448    

Slack (MET) :             0.517ns  (arrival time - required time)
  Source:                 my_dut/uart_unit/rx_mem_reg[190]/C
                            (rising edge-triggered cell FDCE clocked by clk_out1_clk_wiz_0  {rise@0.000ns fall@5.000ns period=10.000ns})
  Destination:            my_dut/tri_unit/r_reg_reg[2]_P/PRE
                            (removal check against rising-edge clock clk_out1_clk_wiz_0  {rise@0.000ns fall@5.000ns period=10.000ns})
  Path Group:             **async_default**
  Path Type:              Removal (Min at Fast Process Corner)
  Requirement:            0.000ns  (clk_out1_clk_wiz_0 rise@0.000ns - clk_out1_clk_wiz_0 rise@0.000ns)
  Data Path Delay:        0.685ns  (logic 0.209ns (30.496%)  route 0.476ns (69.504%))
  Logic Levels:           1  (LUT3=1)
  Clock Path Skew:        0.263ns (DCD - SCD - CPR)
    Destination Clock Delay (DCD):    -1.273ns
    Source Clock Delay      (SCD):    -0.846ns
    Clock Pessimism Removal (CPR):    -0.690ns

    Location             Delay type                Incr(ns)  Path(ns)    Netlist Resource(s)
  -------------------------------------------------------------------    -------------------
                         (clock clk_out1_clk_wiz_0 rise edge)
                                                      0.000     0.000 r  
    L17                  IBUF                         0.000     0.000 r  CLK_IBUF_inst/O
                         net (fo=2, routed)           0.440     0.440    clk_wiz_0_0/inst/clk_in1
    MMCME2_ADV_X0Y0      MMCME2_ADV (Prop_mmcme2_adv_CLKIN1_CLKOUT0)
                                                     -2.362    -1.922 r  clk_wiz_0_0/inst/mmcm_adv_inst/CLKOUT0
                         net (fo=1, routed)           0.489    -1.433    clk_wiz_0_0/inst/clk_out1_clk_wiz_0
    BUFGCTRL_X0Y0        BUFG (Prop_bufg_I_O)         0.026    -1.407 r  clk_wiz_0_0/inst/clkout1_buf/O
                         net (fo=2201, routed)        0.562    -0.846    my_dut/uart_unit/clk_out1
    SLICE_X38Y41         FDCE                                         r  my_dut/uart_unit/rx_mem_reg[190]/C
  -------------------------------------------------------------------    -------------------
    SLICE_X38Y41         FDCE (Prop_fdce_C_Q)         0.164    -0.682 f  my_dut/uart_unit/rx_mem_reg[190]/Q
                         net (fo=9, routed)           0.261    -0.421    my_dut/uart_unit/rx_mem_reg[287]_0[103]
    SLICE_X36Y38         LUT3 (Prop_lut3_I2_O)        0.045    -0.376 f  my_dut/uart_unit/r_reg_reg[2]_LDC_i_1/O
                         net (fo=2, routed)           0.215    -0.160    my_dut/tri_unit/r_reg_reg[2]_P_0
    SLICE_X31Y38         FDPE                                         f  my_dut/tri_unit/r_reg_reg[2]_P/PRE
  -------------------------------------------------------------------    -------------------

                         (clock clk_out1_clk_wiz_0 rise edge)
                                                      0.000     0.000 r  
    L17                  IBUF                         0.000     0.000 r  CLK_IBUF_inst/O
                         net (fo=2, routed)           0.480     0.480    clk_wiz_0_0/inst/clk_in1
    MMCME2_ADV_X0Y0      MMCME2_ADV (Prop_mmcme2_adv_CLKIN1_CLKOUT0)
                                                     -3.145    -2.665 r  clk_wiz_0_0/inst/mmcm_adv_inst/CLKOUT0
                         net (fo=1, routed)           0.534    -2.132    clk_wiz_0_0/inst/clk_out1_clk_wiz_0
    BUFGCTRL_X0Y0        BUFG (Prop_bufg_I_O)         0.029    -2.103 r  clk_wiz_0_0/inst/clkout1_buf/O
                         net (fo=2201, routed)        0.830    -1.273    my_dut/tri_unit/clk_out1
    SLICE_X31Y38         FDPE                                         r  my_dut/tri_unit/r_reg_reg[2]_P/C
                         clock pessimism              0.690    -0.583    
    SLICE_X31Y38         FDPE (Remov_fdpe_C_PRE)     -0.095    -0.678    my_dut/tri_unit/r_reg_reg[2]_P
  -------------------------------------------------------------------
                         required time                          0.678    
                         arrival time                          -0.160    
  -------------------------------------------------------------------
                         slack                                  0.517    

Slack (MET) :             0.538ns  (arrival time - required time)
  Source:                 my_dut/uart_unit/rx_mem_reg[179]/C
                            (rising edge-triggered cell FDCE clocked by clk_out1_clk_wiz_0  {rise@0.000ns fall@5.000ns period=10.000ns})
  Destination:            my_dut/tri_unit/r_reg_reg[15]_C/CLR
                            (removal check against rising-edge clock clk_out1_clk_wiz_0  {rise@0.000ns fall@5.000ns period=10.000ns})
  Path Group:             **async_default**
  Path Type:              Removal (Min at Fast Process Corner)
  Requirement:            0.000ns  (clk_out1_clk_wiz_0 rise@0.000ns - clk_out1_clk_wiz_0 rise@0.000ns)
  Data Path Delay:        0.642ns  (logic 0.186ns (28.981%)  route 0.456ns (71.019%))
  Logic Levels:           1  (LUT3=1)
  Clock Path Skew:        0.263ns (DCD - SCD - CPR)
    Destination Clock Delay (DCD):    -1.272ns
    Source Clock Delay      (SCD):    -0.845ns
    Clock Pessimism Removal (CPR):    -0.690ns

    Location             Delay type                Incr(ns)  Path(ns)    Netlist Resource(s)
  -------------------------------------------------------------------    -------------------
                         (clock clk_out1_clk_wiz_0 rise edge)
                                                      0.000     0.000 r  
    L17                  IBUF                         0.000     0.000 r  CLK_IBUF_inst/O
                         net (fo=2, routed)           0.440     0.440    clk_wiz_0_0/inst/clk_in1
    MMCME2_ADV_X0Y0      MMCME2_ADV (Prop_mmcme2_adv_CLKIN1_CLKOUT0)
                                                     -2.362    -1.922 r  clk_wiz_0_0/inst/mmcm_adv_inst/CLKOUT0
                         net (fo=1, routed)           0.489    -1.433    clk_wiz_0_0/inst/clk_out1_clk_wiz_0
    BUFGCTRL_X0Y0        BUFG (Prop_bufg_I_O)         0.026    -1.407 r  clk_wiz_0_0/inst/clkout1_buf/O
                         net (fo=2201, routed)        0.563    -0.845    my_dut/uart_unit/clk_out1
    SLICE_X39Y43         FDCE                                         r  my_dut/uart_unit/rx_mem_reg[179]/C
  -------------------------------------------------------------------    -------------------
    SLICE_X39Y43         FDCE (Prop_fdce_C_Q)         0.141    -0.704 r  my_dut/uart_unit/rx_mem_reg[179]/Q
                         net (fo=12, routed)          0.317    -0.387    my_dut/uart_unit/rx_mem_reg[287]_0[92]
    SLICE_X35Y44         LUT3 (Prop_lut3_I2_O)        0.045    -0.342 f  my_dut/uart_unit/r_reg_reg[15]_LDC_i_2/O
                         net (fo=2, routed)           0.139    -0.203    my_dut/tri_unit/r_reg_reg[15]_C_0
    SLICE_X35Y44         FDCE                                         f  my_dut/tri_unit/r_reg_reg[15]_C/CLR
  -------------------------------------------------------------------    -------------------

                         (clock clk_out1_clk_wiz_0 rise edge)
                                                      0.000     0.000 r  
    L17                  IBUF                         0.000     0.000 r  CLK_IBUF_inst/O
                         net (fo=2, routed)           0.480     0.480    clk_wiz_0_0/inst/clk_in1
    MMCME2_ADV_X0Y0      MMCME2_ADV (Prop_mmcme2_adv_CLKIN1_CLKOUT0)
                                                     -3.145    -2.665 r  clk_wiz_0_0/inst/mmcm_adv_inst/CLKOUT0
                         net (fo=1, routed)           0.534    -2.132    clk_wiz_0_0/inst/clk_out1_clk_wiz_0
    BUFGCTRL_X0Y0        BUFG (Prop_bufg_I_O)         0.029    -2.103 r  clk_wiz_0_0/inst/clkout1_buf/O
                         net (fo=2201, routed)        0.831    -1.272    my_dut/tri_unit/clk_out1
    SLICE_X35Y44         FDCE                                         r  my_dut/tri_unit/r_reg_reg[15]_C/C
                         clock pessimism              0.690    -0.582    
    SLICE_X35Y44         FDCE (Remov_fdce_C_CLR)     -0.159    -0.741    my_dut/tri_unit/r_reg_reg[15]_C
  -------------------------------------------------------------------
                         required time                          0.741    
                         arrival time                          -0.203    
  -------------------------------------------------------------------
                         slack                                  0.538    

Slack (MET) :             0.562ns  (arrival time - required time)
  Source:                 my_dut/uart_unit/rx_mem_reg[188]/C
                            (rising edge-triggered cell FDCE clocked by clk_out1_clk_wiz_0  {rise@0.000ns fall@5.000ns period=10.000ns})
  Destination:            my_dut/tri_unit/r_reg_reg[0]_P/PRE
                            (removal check against rising-edge clock clk_out1_clk_wiz_0  {rise@0.000ns fall@5.000ns period=10.000ns})
  Path Group:             **async_default**
  Path Type:              Removal (Min at Fast Process Corner)
  Requirement:            0.000ns  (clk_out1_clk_wiz_0 rise@0.000ns - clk_out1_clk_wiz_0 rise@0.000ns)
  Data Path Delay:        0.482ns  (logic 0.186ns (38.622%)  route 0.296ns (61.378%))
  Logic Levels:           1  (LUT3=1)
  Clock Path Skew:        0.015ns (DCD - SCD - CPR)
    Destination Clock Delay (DCD):    -1.273ns
    Source Clock Delay      (SCD):    -0.846ns
    Clock Pessimism Removal (CPR):    -0.442ns

    Location             Delay type                Incr(ns)  Path(ns)    Netlist Resource(s)
  -------------------------------------------------------------------    -------------------
                         (clock clk_out1_clk_wiz_0 rise edge)
                                                      0.000     0.000 r  
    L17                  IBUF                         0.000     0.000 r  CLK_IBUF_inst/O
                         net (fo=2, routed)           0.440     0.440    clk_wiz_0_0/inst/clk_in1
    MMCME2_ADV_X0Y0      MMCME2_ADV (Prop_mmcme2_adv_CLKIN1_CLKOUT0)
                                                     -2.362    -1.922 r  clk_wiz_0_0/inst/mmcm_adv_inst/CLKOUT0
                         net (fo=1, routed)           0.489    -1.433    clk_wiz_0_0/inst/clk_out1_clk_wiz_0
    BUFGCTRL_X0Y0        BUFG (Prop_bufg_I_O)         0.026    -1.407 r  clk_wiz_0_0/inst/clkout1_buf/O
                         net (fo=2201, routed)        0.562    -0.846    my_dut/uart_unit/clk_out1
    SLICE_X39Y40         FDCE                                         r  my_dut/uart_unit/rx_mem_reg[188]/C
  -------------------------------------------------------------------    -------------------
    SLICE_X39Y40         FDCE (Prop_fdce_C_Q)         0.141    -0.705 f  my_dut/uart_unit/rx_mem_reg[188]/Q
                         net (fo=9, routed)           0.160    -0.545    my_dut/uart_unit/rx_mem_reg[287]_0[101]
    SLICE_X37Y39         LUT3 (Prop_lut3_I2_O)        0.045    -0.500 f  my_dut/uart_unit/r_reg_reg[0]_LDC_i_1/O
                         net (fo=2, routed)           0.135    -0.364    my_dut/tri_unit/r_reg_reg[0]_P_0
    SLICE_X36Y39         FDPE                                         f  my_dut/tri_unit/r_reg_reg[0]_P/PRE
  -------------------------------------------------------------------    -------------------

                         (clock clk_out1_clk_wiz_0 rise edge)
                                                      0.000     0.000 r  
    L17                  IBUF                         0.000     0.000 r  CLK_IBUF_inst/O
                         net (fo=2, routed)           0.480     0.480    clk_wiz_0_0/inst/clk_in1
    MMCME2_ADV_X0Y0      MMCME2_ADV (Prop_mmcme2_adv_CLKIN1_CLKOUT0)
                                                     -3.145    -2.665 r  clk_wiz_0_0/inst/mmcm_adv_inst/CLKOUT0
                         net (fo=1, routed)           0.534    -2.132    clk_wiz_0_0/inst/clk_out1_clk_wiz_0
    BUFGCTRL_X0Y0        BUFG (Prop_bufg_I_O)         0.029    -2.103 r  clk_wiz_0_0/inst/clkout1_buf/O
                         net (fo=2201, routed)        0.830    -1.273    my_dut/tri_unit/clk_out1
    SLICE_X36Y39         FDPE                                         r  my_dut/tri_unit/r_reg_reg[0]_P/C
                         clock pessimism              0.442    -0.831    
    SLICE_X36Y39         FDPE (Remov_fdpe_C_PRE)     -0.095    -0.926    my_dut/tri_unit/r_reg_reg[0]_P
  -------------------------------------------------------------------
                         required time                          0.926    
                         arrival time                          -0.364    
  -------------------------------------------------------------------
                         slack                                  0.562    

Slack (MET) :             0.564ns  (arrival time - required time)
  Source:                 my_dut/uart_unit/rx_mem_reg[176]/C
                            (rising edge-triggered cell FDCE clocked by clk_out1_clk_wiz_0  {rise@0.000ns fall@5.000ns period=10.000ns})
  Destination:            my_dut/tri_unit/r_reg_reg[12]_C/CLR
                            (removal check against rising-edge clock clk_out1_clk_wiz_0  {rise@0.000ns fall@5.000ns period=10.000ns})
  Path Group:             **async_default**
  Path Type:              Removal (Min at Fast Process Corner)
  Requirement:            0.000ns  (clk_out1_clk_wiz_0 rise@0.000ns - clk_out1_clk_wiz_0 rise@0.000ns)
  Data Path Delay:        0.676ns  (logic 0.212ns (31.343%)  route 0.464ns (68.657%))
  Logic Levels:           1  (LUT3=1)
  Clock Path Skew:        0.266ns (DCD - SCD - CPR)
    Destination Clock Delay (DCD):    -1.271ns
    Source Clock Delay      (SCD):    -0.847ns
    Clock Pessimism Removal (CPR):    -0.690ns

    Location             Delay type                Incr(ns)  Path(ns)    Netlist Resource(s)
  -------------------------------------------------------------------    -------------------
                         (clock clk_out1_clk_wiz_0 rise edge)
                                                      0.000     0.000 r  
    L17                  IBUF                         0.000     0.000 r  CLK_IBUF_inst/O
                         net (fo=2, routed)           0.440     0.440    clk_wiz_0_0/inst/clk_in1
    MMCME2_ADV_X0Y0      MMCME2_ADV (Prop_mmcme2_adv_CLKIN1_CLKOUT0)
                                                     -2.362    -1.922 r  clk_wiz_0_0/inst/mmcm_adv_inst/CLKOUT0
                         net (fo=1, routed)           0.489    -1.433    clk_wiz_0_0/inst/clk_out1_clk_wiz_0
    BUFGCTRL_X0Y0        BUFG (Prop_bufg_I_O)         0.026    -1.407 r  clk_wiz_0_0/inst/clkout1_buf/O
                         net (fo=2201, routed)        0.561    -0.847    my_dut/uart_unit/clk_out1
    SLICE_X38Y39         FDCE                                         r  my_dut/uart_unit/rx_mem_reg[176]/C
  -------------------------------------------------------------------    -------------------
    SLICE_X38Y39         FDCE (Prop_fdce_C_Q)         0.164    -0.683 r  my_dut/uart_unit/rx_mem_reg[176]/Q
                         net (fo=9, routed)           0.270    -0.413    my_dut/uart_unit/rx_mem_reg[287]_0[89]
    SLICE_X32Y43         LUT3 (Prop_lut3_I2_O)        0.048    -0.365 f  my_dut/uart_unit/r_reg_reg[12]_LDC_i_2/O
                         net (fo=2, routed)           0.194    -0.170    my_dut/tri_unit/r_reg_reg[12]_C_0
    SLICE_X33Y44         FDCE                                         f  my_dut/tri_unit/r_reg_reg[12]_C/CLR
  -------------------------------------------------------------------    -------------------

                         (clock clk_out1_clk_wiz_0 rise edge)
                                                      0.000     0.000 r  
    L17                  IBUF                         0.000     0.000 r  CLK_IBUF_inst/O
                         net (fo=2, routed)           0.480     0.480    clk_wiz_0_0/inst/clk_in1
    MMCME2_ADV_X0Y0      MMCME2_ADV (Prop_mmcme2_adv_CLKIN1_CLKOUT0)
                                                     -3.145    -2.665 r  clk_wiz_0_0/inst/mmcm_adv_inst/CLKOUT0
                         net (fo=1, routed)           0.534    -2.132    clk_wiz_0_0/inst/clk_out1_clk_wiz_0
    BUFGCTRL_X0Y0        BUFG (Prop_bufg_I_O)         0.029    -2.103 r  clk_wiz_0_0/inst/clkout1_buf/O
                         net (fo=2201, routed)        0.832    -1.271    my_dut/tri_unit/clk_out1
    SLICE_X33Y44         FDCE                                         r  my_dut/tri_unit/r_reg_reg[12]_C/C
                         clock pessimism              0.690    -0.581    
    SLICE_X33Y44         FDCE (Remov_fdce_C_CLR)     -0.154    -0.735    my_dut/tri_unit/r_reg_reg[12]_C
  -------------------------------------------------------------------
                         required time                          0.735    
                         arrival time                          -0.170    
  -------------------------------------------------------------------
                         slack                                  0.564    

Slack (MET) :             0.608ns  (arrival time - required time)
  Source:                 my_dut/uart_unit/rx_mem_reg[185]/C
                            (rising edge-triggered cell FDCE clocked by clk_out1_clk_wiz_0  {rise@0.000ns fall@5.000ns period=10.000ns})
  Destination:            my_dut/tri_unit/r_reg_reg[5]_P/PRE
                            (removal check against rising-edge clock clk_out1_clk_wiz_0  {rise@0.000ns fall@5.000ns period=10.000ns})
  Path Group:             **async_default**
  Path Type:              Removal (Min at Fast Process Corner)
  Requirement:            0.000ns  (clk_out1_clk_wiz_0 rise@0.000ns - clk_out1_clk_wiz_0 rise@0.000ns)
  Data Path Delay:        0.778ns  (logic 0.186ns (23.915%)  route 0.592ns (76.085%))
  Logic Levels:           1  (LUT3=1)
  Clock Path Skew:        0.265ns (DCD - SCD - CPR)
    Destination Clock Delay (DCD):    -1.271ns
    Source Clock Delay      (SCD):    -0.846ns
    Clock Pessimism Removal (CPR):    -0.690ns

    Location             Delay type                Incr(ns)  Path(ns)    Netlist Resource(s)
  -------------------------------------------------------------------    -------------------
                         (clock clk_out1_clk_wiz_0 rise edge)
                                                      0.000     0.000 r  
    L17                  IBUF                         0.000     0.000 r  CLK_IBUF_inst/O
                         net (fo=2, routed)           0.440     0.440    clk_wiz_0_0/inst/clk_in1
    MMCME2_ADV_X0Y0      MMCME2_ADV (Prop_mmcme2_adv_CLKIN1_CLKOUT0)
                                                     -2.362    -1.922 r  clk_wiz_0_0/inst/mmcm_adv_inst/CLKOUT0
                         net (fo=1, routed)           0.489    -1.433    clk_wiz_0_0/inst/clk_out1_clk_wiz_0
    BUFGCTRL_X0Y0        BUFG (Prop_bufg_I_O)         0.026    -1.407 r  clk_wiz_0_0/inst/clkout1_buf/O
                         net (fo=2201, routed)        0.562    -0.846    my_dut/uart_unit/clk_out1
    SLICE_X37Y40         FDCE                                         r  my_dut/uart_unit/rx_mem_reg[185]/C
  -------------------------------------------------------------------    -------------------
    SLICE_X37Y40         FDCE (Prop_fdce_C_Q)         0.141    -0.705 f  my_dut/uart_unit/rx_mem_reg[185]/Q
                         net (fo=9, routed)           0.427    -0.278    my_dut/uart_unit/rx_mem_reg[287]_0[98]
    SLICE_X28Y41         LUT3 (Prop_lut3_I2_O)        0.045    -0.233 f  my_dut/uart_unit/r_reg_reg[5]_LDC_i_1/O
                         net (fo=2, routed)           0.165    -0.068    my_dut/tri_unit/r_reg_reg[5]_P_0
    SLICE_X28Y40         FDPE                                         f  my_dut/tri_unit/r_reg_reg[5]_P/PRE
  -------------------------------------------------------------------    -------------------

                         (clock clk_out1_clk_wiz_0 rise edge)
                                                      0.000     0.000 r  
    L17                  IBUF                         0.000     0.000 r  CLK_IBUF_inst/O
                         net (fo=2, routed)           0.480     0.480    clk_wiz_0_0/inst/clk_in1
    MMCME2_ADV_X0Y0      MMCME2_ADV (Prop_mmcme2_adv_CLKIN1_CLKOUT0)
                                                     -3.145    -2.665 r  clk_wiz_0_0/inst/mmcm_adv_inst/CLKOUT0
                         net (fo=1, routed)           0.534    -2.132    clk_wiz_0_0/inst/clk_out1_clk_wiz_0
    BUFGCTRL_X0Y0        BUFG (Prop_bufg_I_O)         0.029    -2.103 r  clk_wiz_0_0/inst/clkout1_buf/O
                         net (fo=2201, routed)        0.832    -1.271    my_dut/tri_unit/clk_out1
    SLICE_X28Y40         FDPE                                         r  my_dut/tri_unit/r_reg_reg[5]_P/C
                         clock pessimism              0.690    -0.581    
    SLICE_X28Y40         FDPE (Remov_fdpe_C_PRE)     -0.095    -0.676    my_dut/tri_unit/r_reg_reg[5]_P
  -------------------------------------------------------------------
                         required time                          0.676    
                         arrival time                          -0.068    
  -------------------------------------------------------------------
                         slack                                  0.608    

Slack (MET) :             0.624ns  (arrival time - required time)
  Source:                 my_dut/uart_unit/rx_mem_reg[178]/C
                            (rising edge-triggered cell FDCE clocked by clk_out1_clk_wiz_0  {rise@0.000ns fall@5.000ns period=10.000ns})
  Destination:            my_dut/tri_unit/r_reg_reg[14]_C/CLR
                            (removal check against rising-edge clock clk_out1_clk_wiz_0  {rise@0.000ns fall@5.000ns period=10.000ns})
  Path Group:             **async_default**
  Path Type:              Removal (Min at Fast Process Corner)
  Requirement:            0.000ns  (clk_out1_clk_wiz_0 rise@0.000ns - clk_out1_clk_wiz_0 rise@0.000ns)
  Data Path Delay:        0.759ns  (logic 0.189ns (24.900%)  route 0.570ns (75.100%))
  Logic Levels:           1  (LUT3=1)
  Clock Path Skew:        0.264ns (DCD - SCD - CPR)
    Destination Clock Delay (DCD):    -1.271ns
    Source Clock Delay      (SCD):    -0.845ns
    Clock Pessimism Removal (CPR):    -0.690ns

    Location             Delay type                Incr(ns)  Path(ns)    Netlist Resource(s)
  -------------------------------------------------------------------    -------------------
                         (clock clk_out1_clk_wiz_0 rise edge)
                                                      0.000     0.000 r  
    L17                  IBUF                         0.000     0.000 r  CLK_IBUF_inst/O
                         net (fo=2, routed)           0.440     0.440    clk_wiz_0_0/inst/clk_in1
    MMCME2_ADV_X0Y0      MMCME2_ADV (Prop_mmcme2_adv_CLKIN1_CLKOUT0)
                                                     -2.362    -1.922 r  clk_wiz_0_0/inst/mmcm_adv_inst/CLKOUT0
                         net (fo=1, routed)           0.489    -1.433    clk_wiz_0_0/inst/clk_out1_clk_wiz_0
    BUFGCTRL_X0Y0        BUFG (Prop_bufg_I_O)         0.026    -1.407 r  clk_wiz_0_0/inst/clkout1_buf/O
                         net (fo=2201, routed)        0.563    -0.845    my_dut/uart_unit/clk_out1
    SLICE_X39Y43         FDCE                                         r  my_dut/uart_unit/rx_mem_reg[178]/C
  -------------------------------------------------------------------    -------------------
    SLICE_X39Y43         FDCE (Prop_fdce_C_Q)         0.141    -0.704 r  my_dut/uart_unit/rx_mem_reg[178]/Q
                         net (fo=9, routed)           0.230    -0.474    my_dut/uart_unit/rx_mem_reg[287]_0[91]
    SLICE_X31Y44         LUT3 (Prop_lut3_I2_O)        0.048    -0.426 f  my_dut/uart_unit/r_reg_reg[14]_LDC_i_2/O
                         net (fo=2, routed)           0.341    -0.086    my_dut/tri_unit/r_reg_reg[14]_C_0
    SLICE_X30Y44         FDCE                                         f  my_dut/tri_unit/r_reg_reg[14]_C/CLR
  -------------------------------------------------------------------    -------------------

                         (clock clk_out1_clk_wiz_0 rise edge)
                                                      0.000     0.000 r  
    L17                  IBUF                         0.000     0.000 r  CLK_IBUF_inst/O
                         net (fo=2, routed)           0.480     0.480    clk_wiz_0_0/inst/clk_in1
    MMCME2_ADV_X0Y0      MMCME2_ADV (Prop_mmcme2_adv_CLKIN1_CLKOUT0)
                                                     -3.145    -2.665 r  clk_wiz_0_0/inst/mmcm_adv_inst/CLKOUT0
                         net (fo=1, routed)           0.534    -2.132    clk_wiz_0_0/inst/clk_out1_clk_wiz_0
    BUFGCTRL_X0Y0        BUFG (Prop_bufg_I_O)         0.029    -2.103 r  clk_wiz_0_0/inst/clkout1_buf/O
                         net (fo=2201, routed)        0.832    -1.271    my_dut/tri_unit/clk_out1
    SLICE_X30Y44         FDCE                                         r  my_dut/tri_unit/r_reg_reg[14]_C/C
                         clock pessimism              0.690    -0.581    
    SLICE_X30Y44         FDCE (Remov_fdce_C_CLR)     -0.129    -0.710    my_dut/tri_unit/r_reg_reg[14]_C
  -------------------------------------------------------------------
                         required time                          0.710    
                         arrival time                          -0.086    
  -------------------------------------------------------------------
                         slack                                  0.624    

Slack (MET) :             0.633ns  (arrival time - required time)
  Source:                 my_dut/uart_unit/rx_mem_reg[188]/C
                            (rising edge-triggered cell FDCE clocked by clk_out1_clk_wiz_0  {rise@0.000ns fall@5.000ns period=10.000ns})
  Destination:            my_dut/tri_unit/r_reg_reg[0]_C/CLR
                            (removal check against rising-edge clock clk_out1_clk_wiz_0  {rise@0.000ns fall@5.000ns period=10.000ns})
  Path Group:             **async_default**
  Path Type:              Removal (Min at Fast Process Corner)
  Requirement:            0.000ns  (clk_out1_clk_wiz_0 rise@0.000ns - clk_out1_clk_wiz_0 rise@0.000ns)
  Data Path Delay:        0.489ns  (logic 0.190ns (38.881%)  route 0.299ns (61.119%))
  Logic Levels:           1  (LUT3=1)
  Clock Path Skew:        0.015ns (DCD - SCD - CPR)
    Destination Clock Delay (DCD):    -1.273ns
    Source Clock Delay      (SCD):    -0.846ns
    Clock Pessimism Removal (CPR):    -0.442ns

    Location             Delay type                Incr(ns)  Path(ns)    Netlist Resource(s)
  -------------------------------------------------------------------    -------------------
                         (clock clk_out1_clk_wiz_0 rise edge)
                                                      0.000     0.000 r  
    L17                  IBUF                         0.000     0.000 r  CLK_IBUF_inst/O
                         net (fo=2, routed)           0.440     0.440    clk_wiz_0_0/inst/clk_in1
    MMCME2_ADV_X0Y0      MMCME2_ADV (Prop_mmcme2_adv_CLKIN1_CLKOUT0)
                                                     -2.362    -1.922 r  clk_wiz_0_0/inst/mmcm_adv_inst/CLKOUT0
                         net (fo=1, routed)           0.489    -1.433    clk_wiz_0_0/inst/clk_out1_clk_wiz_0
    BUFGCTRL_X0Y0        BUFG (Prop_bufg_I_O)         0.026    -1.407 r  clk_wiz_0_0/inst/clkout1_buf/O
                         net (fo=2201, routed)        0.562    -0.846    my_dut/uart_unit/clk_out1
    SLICE_X39Y40         FDCE                                         r  my_dut/uart_unit/rx_mem_reg[188]/C
  -------------------------------------------------------------------    -------------------
    SLICE_X39Y40         FDCE (Prop_fdce_C_Q)         0.141    -0.705 r  my_dut/uart_unit/rx_mem_reg[188]/Q
                         net (fo=9, routed)           0.160    -0.545    my_dut/uart_unit/rx_mem_reg[287]_0[101]
    SLICE_X37Y39         LUT3 (Prop_lut3_I2_O)        0.049    -0.496 f  my_dut/uart_unit/r_reg_reg[0]_LDC_i_2/O
                         net (fo=2, routed)           0.139    -0.357    my_dut/tri_unit/r_reg_reg[0]_C_0
    SLICE_X37Y39         FDCE                                         f  my_dut/tri_unit/r_reg_reg[0]_C/CLR
  -------------------------------------------------------------------    -------------------

                         (clock clk_out1_clk_wiz_0 rise edge)
                                                      0.000     0.000 r  
    L17                  IBUF                         0.000     0.000 r  CLK_IBUF_inst/O
                         net (fo=2, routed)           0.480     0.480    clk_wiz_0_0/inst/clk_in1
    MMCME2_ADV_X0Y0      MMCME2_ADV (Prop_mmcme2_adv_CLKIN1_CLKOUT0)
                                                     -3.145    -2.665 r  clk_wiz_0_0/inst/mmcm_adv_inst/CLKOUT0
                         net (fo=1, routed)           0.534    -2.132    clk_wiz_0_0/inst/clk_out1_clk_wiz_0
    BUFGCTRL_X0Y0        BUFG (Prop_bufg_I_O)         0.029    -2.103 r  clk_wiz_0_0/inst/clkout1_buf/O
                         net (fo=2201, routed)        0.830    -1.273    my_dut/tri_unit/clk_out1
    SLICE_X37Y39         FDCE                                         r  my_dut/tri_unit/r_reg_reg[0]_C/C
                         clock pessimism              0.442    -0.831    
    SLICE_X37Y39         FDCE (Remov_fdce_C_CLR)     -0.159    -0.990    my_dut/tri_unit/r_reg_reg[0]_C
  -------------------------------------------------------------------
                         required time                          0.990    
                         arrival time                          -0.357    
  -------------------------------------------------------------------
                         slack                                  0.633    





