Copyright 1986-2019 Xilinx, Inc. All Rights Reserved.
--------------------------------------------------------------------------------------------------------------------------------------------------------------------------------------------
| Tool Version : Vivado v.2019.1 (win64) Build 2552052 Fri May 24 14:49:42 MDT 2019
| Date         : Fri Jun 26 12:28:05 2026
| Host         : EL-NB-T219-JVO2 running 64-bit major release  (build 9200)
| Command      : report_timing_summary -max_paths 10 -file EEBench_timing_summary_routed.rpt -pb EEBench_timing_summary_routed.pb -rpx EEBench_timing_summary_routed.rpx -warn_on_violation
| Design       : EEBench
| Device       : 7a35t-cpg236
| Speed File   : -1  PRODUCTION 1.23 2018-06-13
--------------------------------------------------------------------------------------------------------------------------------------------------------------------------------------------

Timing Summary Report

------------------------------------------------------------------------------------------------
| Timer Settings
| --------------
------------------------------------------------------------------------------------------------

  Enable Multi Corner Analysis               :  Yes
  Enable Pessimism Removal                   :  Yes
  Pessimism Removal Resolution               :  Nearest Common Node
  Enable Input Delay Default Clock           :  No
  Enable Preset / Clear Arcs                 :  No
  Disable Flight Delays                      :  No
  Ignore I/O Paths                           :  No
  Timing Early Launch at Borrowing Latches   :  No
  Borrow Time for Max Delay Exceptions       :  Yes

  Corner  Analyze    Analyze    
  Name    Max Paths  Min Paths  
  ------  ---------  ---------  
  Slow    Yes        Yes        
  Fast    Yes        Yes        



check_timing report

Table of Contents
-----------------
1. checking no_clock
2. checking constant_clock
3. checking pulse_width_clock
4. checking unconstrained_internal_endpoints
5. checking no_input_delay
6. checking no_output_delay
7. checking multiple_clock
8. checking generated_clocks
9. checking loops
10. checking partial_input_delay
11. checking partial_output_delay
12. checking latch_loops

1. checking no_clock
--------------------
 There are 42 register/latch pins with no clock driven by root clock pin: BTN[4] (HIGH)

 There are 42 register/latch pins with no clock driven by root clock pin: uart_unit/rx_mem_reg[14]/Q (HIGH)

 There are 2 register/latch pins with no clock driven by root clock pin: uart_unit/rx_mem_reg[176]/Q (HIGH)

 There are 2 register/latch pins with no clock driven by root clock pin: uart_unit/rx_mem_reg[177]/Q (HIGH)

 There are 2 register/latch pins with no clock driven by root clock pin: uart_unit/rx_mem_reg[178]/Q (HIGH)

 There are 2 register/latch pins with no clock driven by root clock pin: uart_unit/rx_mem_reg[179]/Q (HIGH)

 There are 2 register/latch pins with no clock driven by root clock pin: uart_unit/rx_mem_reg[180]/Q (HIGH)

 There are 2 register/latch pins with no clock driven by root clock pin: uart_unit/rx_mem_reg[181]/Q (HIGH)

 There are 2 register/latch pins with no clock driven by root clock pin: uart_unit/rx_mem_reg[182]/Q (HIGH)

 There are 2 register/latch pins with no clock driven by root clock pin: uart_unit/rx_mem_reg[183]/Q (HIGH)

 There are 2 register/latch pins with no clock driven by root clock pin: uart_unit/rx_mem_reg[184]/Q (HIGH)

 There are 2 register/latch pins with no clock driven by root clock pin: uart_unit/rx_mem_reg[185]/Q (HIGH)

 There are 2 register/latch pins with no clock driven by root clock pin: uart_unit/rx_mem_reg[186]/Q (HIGH)

 There are 2 register/latch pins with no clock driven by root clock pin: uart_unit/rx_mem_reg[187]/Q (HIGH)

 There are 2 register/latch pins with no clock driven by root clock pin: uart_unit/rx_mem_reg[188]/Q (HIGH)

 There are 2 register/latch pins with no clock driven by root clock pin: uart_unit/rx_mem_reg[189]/Q (HIGH)

 There are 2 register/latch pins with no clock driven by root clock pin: uart_unit/rx_mem_reg[190]/Q (HIGH)

 There are 2 register/latch pins with no clock driven by root clock pin: uart_unit/rx_mem_reg[191]/Q (HIGH)

 There is 1 register/latch pin with no clock driven by root clock pin: uart_unit/rx_mem_reg[192]/Q (HIGH)

 There is 1 register/latch pin with no clock driven by root clock pin: uart_unit/rx_mem_reg[193]/Q (HIGH)

 There is 1 register/latch pin with no clock driven by root clock pin: uart_unit/rx_mem_reg[194]/Q (HIGH)

 There is 1 register/latch pin with no clock driven by root clock pin: uart_unit/rx_mem_reg[195]/Q (HIGH)

 There is 1 register/latch pin with no clock driven by root clock pin: uart_unit/rx_mem_reg[196]/Q (HIGH)

 There is 1 register/latch pin with no clock driven by root clock pin: uart_unit/rx_mem_reg[197]/Q (HIGH)

 There is 1 register/latch pin with no clock driven by root clock pin: uart_unit/rx_mem_reg[198]/Q (HIGH)

 There is 1 register/latch pin with no clock driven by root clock pin: uart_unit/rx_mem_reg[199]/Q (HIGH)

 There is 1 register/latch pin with no clock driven by root clock pin: uart_unit/rx_mem_reg[200]/Q (HIGH)

 There is 1 register/latch pin with no clock driven by root clock pin: uart_unit/rx_mem_reg[201]/Q (HIGH)

 There is 1 register/latch pin with no clock driven by root clock pin: uart_unit/rx_mem_reg[202]/Q (HIGH)

 There is 1 register/latch pin with no clock driven by root clock pin: uart_unit/rx_mem_reg[203]/Q (HIGH)

 There is 1 register/latch pin with no clock driven by root clock pin: uart_unit/rx_mem_reg[204]/Q (HIGH)

 There is 1 register/latch pin with no clock driven by root clock pin: uart_unit/rx_mem_reg[205]/Q (HIGH)

 There is 1 register/latch pin with no clock driven by root clock pin: uart_unit/rx_mem_reg[206]/Q (HIGH)

 There is 1 register/latch pin with no clock driven by root clock pin: uart_unit/rx_mem_reg[207]/Q (HIGH)

 There is 1 register/latch pin with no clock driven by root clock pin: uart_unit/rx_mem_reg[20]/Q (HIGH)

 There is 1 register/latch pin with no clock driven by root clock pin: uart_unit/rx_mem_reg[24]/Q (HIGH)

 There is 1 register/latch pin with no clock driven by root clock pin: uart_unit/rx_mem_reg[25]/Q (HIGH)

 There is 1 register/latch pin with no clock driven by root clock pin: uart_unit/rx_mem_reg[26]/Q (HIGH)

 There is 1 register/latch pin with no clock driven by root clock pin: uart_unit/rx_mem_reg[27]/Q (HIGH)

 There is 1 register/latch pin with no clock driven by root clock pin: uart_unit/rx_mem_reg[28]/Q (HIGH)

 There is 1 register/latch pin with no clock driven by root clock pin: uart_unit/rx_mem_reg[29]/Q (HIGH)

 There is 1 register/latch pin with no clock driven by root clock pin: uart_unit/rx_mem_reg[30]/Q (HIGH)

 There is 1 register/latch pin with no clock driven by root clock pin: uart_unit/rx_mem_reg[31]/Q (HIGH)

 There is 1 register/latch pin with no clock driven by root clock pin: uart_unit/rx_mem_reg[32]/Q (HIGH)

 There is 1 register/latch pin with no clock driven by root clock pin: uart_unit/rx_mem_reg[33]/Q (HIGH)

 There is 1 register/latch pin with no clock driven by root clock pin: uart_unit/rx_mem_reg[34]/Q (HIGH)

 There is 1 register/latch pin with no clock driven by root clock pin: uart_unit/rx_mem_reg[35]/Q (HIGH)

 There is 1 register/latch pin with no clock driven by root clock pin: uart_unit/rx_mem_reg[36]/Q (HIGH)

 There is 1 register/latch pin with no clock driven by root clock pin: uart_unit/rx_mem_reg[37]/Q (HIGH)

 There is 1 register/latch pin with no clock driven by root clock pin: uart_unit/rx_mem_reg[38]/Q (HIGH)

 There is 1 register/latch pin with no clock driven by root clock pin: uart_unit/rx_mem_reg[39]/Q (HIGH)

 There is 1 register/latch pin with no clock driven by root clock pin: uart_unit/rx_mem_reg[40]/Q (HIGH)

 There is 1 register/latch pin with no clock driven by root clock pin: uart_unit/rx_mem_reg[41]/Q (HIGH)

 There is 1 register/latch pin with no clock driven by root clock pin: uart_unit/rx_mem_reg[42]/Q (HIGH)

 There is 1 register/latch pin with no clock driven by root clock pin: uart_unit/rx_mem_reg[43]/Q (HIGH)

 There is 1 register/latch pin with no clock driven by root clock pin: uart_unit/rx_mem_reg[44]/Q (HIGH)

 There is 1 register/latch pin with no clock driven by root clock pin: uart_unit/rx_mem_reg[45]/Q (HIGH)

 There is 1 register/latch pin with no clock driven by root clock pin: uart_unit/rx_mem_reg[46]/Q (HIGH)

 There is 1 register/latch pin with no clock driven by root clock pin: uart_unit/rx_mem_reg[47]/Q (HIGH)


2. checking constant_clock
--------------------------
 There are 0 register/latch pins with constant_clock.


3. checking pulse_width_clock
-----------------------------
 There are 0 register/latch pins which need pulse_width check


4. checking unconstrained_internal_endpoints
--------------------------------------------
 There are 42 pins that are not constrained for maximum delay. (HIGH)

 There are 0 pins that are not constrained for maximum delay due to constant clock.


5. checking no_input_delay
--------------------------
 There are 21 input ports with no input delay specified. (HIGH)

 There are 0 input ports with no input delay but user has a false path constraint.


6. checking no_output_delay
---------------------------
 There are 51 ports with no output delay specified. (HIGH)

 There are 0 ports with no output delay but user has a false path constraint

 There are 0 ports with no output delay but with a timing clock defined on it or propagating through it


7. checking multiple_clock
--------------------------
 There are 0 register/latch pins with multiple clocks.


8. checking generated_clocks
----------------------------
 There are 0 generated clocks that are not connected to a clock source.


9. checking loops
-----------------
 There are 0 combinational loops in the design.


10. checking partial_input_delay
--------------------------------
 There are 0 input ports with partial input delay specified.


11. checking partial_output_delay
---------------------------------
 There are 0 ports with partial output delay specified.


12. checking latch_loops
------------------------
 There are 0 combinational latch loops in the design through latch input



------------------------------------------------------------------------------------------------
| Design Timing Summary
| ---------------------
------------------------------------------------------------------------------------------------

    WNS(ns)      TNS(ns)  TNS Failing Endpoints  TNS Total Endpoints      WHS(ns)      THS(ns)  THS Failing Endpoints  THS Total Endpoints     WPWS(ns)     TPWS(ns)  TPWS Failing Endpoints  TPWS Total Endpoints  
    -------      -------  ---------------------  -------------------      -------      -------  ---------------------  -------------------     --------     --------  ----------------------  --------------------  
      0.157        0.000                      0                 5271        0.035        0.000                      0                 5271        4.500        0.000                       0                  2141  


All user specified timing constraints are met.


------------------------------------------------------------------------------------------------
| Clock Summary
| -------------
------------------------------------------------------------------------------------------------

Clock        Waveform(ns)       Period(ns)      Frequency(MHz)
-----        ------------       ----------      --------------
sys_clk_pin  {0.000 5.000}      10.000          100.000         


------------------------------------------------------------------------------------------------
| Intra Clock Table
| -----------------
------------------------------------------------------------------------------------------------

Clock             WNS(ns)      TNS(ns)  TNS Failing Endpoints  TNS Total Endpoints      WHS(ns)      THS(ns)  THS Failing Endpoints  THS Total Endpoints     WPWS(ns)     TPWS(ns)  TPWS Failing Endpoints  TPWS Total Endpoints  
-----             -------      -------  ---------------------  -------------------      -------      -------  ---------------------  -------------------     --------     --------  ----------------------  --------------------  
sys_clk_pin         0.157        0.000                      0                 4688        0.035        0.000                      0                 4688        4.500        0.000                       0                  2141  


------------------------------------------------------------------------------------------------
| Inter Clock Table
| -----------------
------------------------------------------------------------------------------------------------

From Clock    To Clock          WNS(ns)      TNS(ns)  TNS Failing Endpoints  TNS Total Endpoints      WHS(ns)      THS(ns)  THS Failing Endpoints  THS Total Endpoints  
----------    --------          -------      -------  ---------------------  -------------------      -------      -------  ---------------------  -------------------  


------------------------------------------------------------------------------------------------
| Other Path Groups Table
| -----------------------
------------------------------------------------------------------------------------------------

Path Group         From Clock         To Clock               WNS(ns)      TNS(ns)  TNS Failing Endpoints  TNS Total Endpoints      WHS(ns)      THS(ns)  THS Failing Endpoints  THS Total Endpoints  
----------         ----------         --------               -------      -------  ---------------------  -------------------      -------      -------  ---------------------  -------------------  
**async_default**  sys_clk_pin        sys_clk_pin              2.483        0.000                      0                  583        0.422        0.000                      0                  583  


------------------------------------------------------------------------------------------------
| Timing Details
| --------------
------------------------------------------------------------------------------------------------


---------------------------------------------------------------------------------------------------
From Clock:  sys_clk_pin
  To Clock:  sys_clk_pin

Setup :            0  Failing Endpoints,  Worst Slack        0.157ns,  Total Violation        0.000ns
Hold  :            0  Failing Endpoints,  Worst Slack        0.035ns,  Total Violation        0.000ns
PW    :            0  Failing Endpoints,  Worst Slack        4.500ns,  Total Violation        0.000ns
---------------------------------------------------------------------------------------------------


Max Delay Paths
--------------------------------------------------------------------------------------
Slack (MET) :             0.157ns  (required time - arrival time)
  Source:                 sine_unit/phi1/StepIm_reg[24]_replica/C
                            (rising edge-triggered cell FDRE clocked by sys_clk_pin  {rise@0.000ns fall@5.000ns period=10.000ns})
  Destination:            sine_unit/mul3/pipe_mul2/sum_1_reg[59]/D
                            (rising edge-triggered cell FDRE clocked by sys_clk_pin  {rise@0.000ns fall@5.000ns period=10.000ns})
  Path Group:             sys_clk_pin
  Path Type:              Setup (Max at Slow Process Corner)
  Requirement:            10.000ns  (sys_clk_pin rise@10.000ns - sys_clk_pin rise@0.000ns)
  Data Path Delay:        9.824ns  (logic 5.848ns (59.529%)  route 3.976ns (40.471%))
  Logic Levels:           8  (CARRY4=4 DSP48E1=1 LUT5=1 LUT6=2)
  Clock Path Skew:        -0.046ns (DCD - SCD + CPR)
    Destination Clock Delay (DCD):    4.781ns = ( 14.781 - 10.000 ) 
    Source Clock Delay      (SCD):    5.087ns
    Clock Pessimism Removal (CPR):    0.260ns
  Clock Uncertainty:      0.035ns  ((TSJ^2 + TIJ^2)^1/2 + DJ) / 2 + PE
    Total System Jitter     (TSJ):    0.071ns
    Total Input Jitter      (TIJ):    0.000ns
    Discrete Jitter          (DJ):    0.000ns
    Phase Error              (PE):    0.000ns

    Location             Delay type                Incr(ns)  Path(ns)    Netlist Resource(s)
  -------------------------------------------------------------------    -------------------
                         (clock sys_clk_pin rise edge)
                                                      0.000     0.000 r  
    W5                                                0.000     0.000 r  CLK (IN)
                         net (fo=0)                   0.000     0.000    CLK
    W5                   IBUF (Prop_ibuf_I_O)         1.458     1.458 r  CLK_IBUF_inst/O
                         net (fo=1, routed)           1.967     3.425    CLK_IBUF
    BUFGCTRL_X0Y0        BUFG (Prop_bufg_I_O)         0.096     3.521 r  CLK_IBUF_BUFG_inst/O
                         net (fo=2164, routed)        1.566     5.087    sine_unit/phi1/CLK_IBUF_BUFG
    SLICE_X55Y36         FDRE                                         r  sine_unit/phi1/StepIm_reg[24]_replica/C
  -------------------------------------------------------------------    -------------------
    SLICE_X55Y36         FDRE (Prop_fdre_C_Q)         0.456     5.543 r  sine_unit/phi1/StepIm_reg[24]_replica/Q
                         net (fo=6, routed)           1.349     6.892    sine_unit/mul3/pipe_mul2/B[24]_repN_alias
    DSP48_X1Y5           DSP48E1 (Prop_dsp48e1_B[8]_P[28])
                                                      3.656    10.548 r  sine_unit/mul3/pipe_mul2/multOp__0/P[28]
                         net (fo=8, routed)           1.764    12.312    sine_unit/mul3/pipe_mul2/R0_in[44]
    SLICE_X54Y24         LUT5 (Prop_lut5_I4_O)        0.152    12.464 r  sine_unit/mul3/pipe_mul2/sum_1[49]_i_12__8/O
                         net (fo=1, routed)           0.344    12.807    sine_unit/mul3/pipe_mul2/sum_1[49]_i_12__8_n_0
    SLICE_X54Y25         LUT6 (Prop_lut6_I5_O)        0.348    13.155 r  sine_unit/mul3/pipe_mul2/sum_1[49]_i_4__8/O
                         net (fo=2, routed)           0.520    13.675    sine_unit/mul3/pipe_mul2/sum_1[49]_i_4__8_n_0
    SLICE_X53Y25         LUT6 (Prop_lut6_I0_O)        0.124    13.799 r  sine_unit/mul3/pipe_mul2/sum_1[49]_i_8/O
                         net (fo=1, routed)           0.000    13.799    sine_unit/mul3/pipe_mul2/sum_1[49]_i_8_n_0
    SLICE_X53Y25         CARRY4 (Prop_carry4_S[1]_CO[3])
                                                      0.550    14.349 r  sine_unit/mul3/pipe_mul2/sum_1_reg[49]_i_1/CO[3]
                         net (fo=1, routed)           0.000    14.349    sine_unit/mul3/pipe_mul2/sum_1_reg[49]_i_1_n_0
    SLICE_X53Y26         CARRY4 (Prop_carry4_CI_CO[3])
                                                      0.114    14.463 r  sine_unit/mul3/pipe_mul2/sum_1_reg[53]_i_1/CO[3]
                         net (fo=1, routed)           0.000    14.463    sine_unit/mul3/pipe_mul2/sum_1_reg[53]_i_1_n_0
    SLICE_X53Y27         CARRY4 (Prop_carry4_CI_CO[3])
                                                      0.114    14.577 r  sine_unit/mul3/pipe_mul2/sum_1_reg[57]_i_1/CO[3]
                         net (fo=1, routed)           0.000    14.577    sine_unit/mul3/pipe_mul2/sum_1_reg[57]_i_1_n_0
    SLICE_X53Y28         CARRY4 (Prop_carry4_CI_O[1])
                                                      0.334    14.911 r  sine_unit/mul3/pipe_mul2/sum_1_reg[61]_i_1/O[1]
                         net (fo=1, routed)           0.000    14.911    sine_unit/mul3/pipe_mul2/plusOp[59]
    SLICE_X53Y28         FDRE                                         r  sine_unit/mul3/pipe_mul2/sum_1_reg[59]/D
  -------------------------------------------------------------------    -------------------

                         (clock sys_clk_pin rise edge)
                                                     10.000    10.000 r  
    W5                                                0.000    10.000 r  CLK (IN)
                         net (fo=0)                   0.000    10.000    CLK
    W5                   IBUF (Prop_ibuf_I_O)         1.388    11.388 r  CLK_IBUF_inst/O
                         net (fo=1, routed)           1.862    13.250    CLK_IBUF
    BUFGCTRL_X0Y0        BUFG (Prop_bufg_I_O)         0.091    13.341 r  CLK_IBUF_BUFG_inst/O
                         net (fo=2164, routed)        1.440    14.781    sine_unit/mul3/pipe_mul2/CLK_IBUF_BUFG
    SLICE_X53Y28         FDRE                                         r  sine_unit/mul3/pipe_mul2/sum_1_reg[59]/C
                         clock pessimism              0.260    15.041    
                         clock uncertainty           -0.035    15.006    
    SLICE_X53Y28         FDRE (Setup_fdre_C_D)        0.062    15.068    sine_unit/mul3/pipe_mul2/sum_1_reg[59]
  -------------------------------------------------------------------
                         required time                         15.068    
                         arrival time                         -14.911    
  -------------------------------------------------------------------
                         slack                                  0.157    

Slack (MET) :             0.175ns  (required time - arrival time)
  Source:                 sine_unit/curr_Im_reg[14]_replica/C
                            (rising edge-triggered cell FDCE clocked by sys_clk_pin  {rise@0.000ns fall@5.000ns period=10.000ns})
  Destination:            sine_unit/mul2/pipe_mul4/sum_1_reg[59]/D
                            (rising edge-triggered cell FDRE clocked by sys_clk_pin  {rise@0.000ns fall@5.000ns period=10.000ns})
  Path Group:             sys_clk_pin
  Path Type:              Setup (Max at Slow Process Corner)
  Requirement:            10.000ns  (sys_clk_pin rise@10.000ns - sys_clk_pin rise@0.000ns)
  Data Path Delay:        9.742ns  (logic 6.199ns (63.633%)  route 3.543ns (36.367%))
  Logic Levels:           11  (CARRY4=7 DSP48E1=1 LUT2=1 LUT6=2)
  Clock Path Skew:        -0.110ns (DCD - SCD + CPR)
    Destination Clock Delay (DCD):    4.784ns = ( 14.784 - 10.000 ) 
    Source Clock Delay      (SCD):    5.082ns
    Clock Pessimism Removal (CPR):    0.188ns
  Clock Uncertainty:      0.035ns  ((TSJ^2 + TIJ^2)^1/2 + DJ) / 2 + PE
    Total System Jitter     (TSJ):    0.071ns
    Total Input Jitter      (TIJ):    0.000ns
    Discrete Jitter          (DJ):    0.000ns
    Phase Error              (PE):    0.000ns

    Location             Delay type                Incr(ns)  Path(ns)    Netlist Resource(s)
  -------------------------------------------------------------------    -------------------
                         (clock sys_clk_pin rise edge)
                                                      0.000     0.000 r  
    W5                                                0.000     0.000 r  CLK (IN)
                         net (fo=0)                   0.000     0.000    CLK
    W5                   IBUF (Prop_ibuf_I_O)         1.458     1.458 r  CLK_IBUF_inst/O
                         net (fo=1, routed)           1.967     3.425    CLK_IBUF
    BUFGCTRL_X0Y0        BUFG (Prop_bufg_I_O)         0.096     3.521 r  CLK_IBUF_BUFG_inst/O
                         net (fo=2164, routed)        1.561     5.082    sine_unit/CLK_IBUF_BUFG
    SLICE_X11Y16         FDCE                                         r  sine_unit/curr_Im_reg[14]_replica/C
  -------------------------------------------------------------------    -------------------
    SLICE_X11Y16         FDCE (Prop_fdce_C_Q)         0.456     5.538 r  sine_unit/curr_Im_reg[14]_replica/Q
                         net (fo=3, routed)           0.787     6.325    sine_unit/mul2/pipe_mul4/curr_Im[14]_repN_alias
    DSP48_X0Y9           DSP48E1 (Prop_dsp48e1_A[14]_P[33])
                                                      3.841    10.166 f  sine_unit/mul2/pipe_mul4/multOp__1/P[33]
                         net (fo=5, routed)           1.650    11.816    sine_unit/mul2/pipe_mul4/multOp__1_n_72
    SLICE_X43Y29         LUT2 (Prop_lut2_I1_O)        0.150    11.966 r  sine_unit/mul2/pipe_mul4/sum_1[37]_i_18__6/O
                         net (fo=1, routed)           0.154    12.120    sine_unit/mul2/pipe_mul4/sum_1[37]_i_18__6_n_0
    SLICE_X43Y29         LUT6 (Prop_lut6_I2_O)        0.326    12.446 r  sine_unit/mul2/pipe_mul4/sum_1[37]_i_11__6/O
                         net (fo=2, routed)           0.309    12.755    sine_unit/mul2/pipe_mul4/sum_1[37]_i_11__6_n_0
    SLICE_X47Y29         LUT6 (Prop_lut6_I5_O)        0.124    12.879 r  sine_unit/mul2/pipe_mul4/sum_1[37]_i_3__6/O
                         net (fo=2, routed)           0.643    13.522    sine_unit/mul2/pipe_mul4/sum_1[37]_i_3__6_n_0
    SLICE_X44Y29         CARRY4 (Prop_carry4_DI[2]_CO[3])
                                                      0.398    13.920 r  sine_unit/mul2/pipe_mul4/sum_1_reg[37]_i_1/CO[3]
                         net (fo=1, routed)           0.000    13.920    sine_unit/mul2/pipe_mul4/sum_1_reg[37]_i_1_n_0
    SLICE_X44Y30         CARRY4 (Prop_carry4_CI_CO[3])
                                                      0.114    14.034 r  sine_unit/mul2/pipe_mul4/sum_1_reg[41]_i_1/CO[3]
                         net (fo=1, routed)           0.000    14.034    sine_unit/mul2/pipe_mul4/sum_1_reg[41]_i_1_n_0
    SLICE_X44Y31         CARRY4 (Prop_carry4_CI_CO[3])
                                                      0.114    14.148 r  sine_unit/mul2/pipe_mul4/sum_1_reg[45]_i_1/CO[3]
                         net (fo=1, routed)           0.000    14.148    sine_unit/mul2/pipe_mul4/sum_1_reg[45]_i_1_n_0
    SLICE_X44Y32         CARRY4 (Prop_carry4_CI_CO[3])
                                                      0.114    14.262 r  sine_unit/mul2/pipe_mul4/sum_1_reg[49]_i_1/CO[3]
                         net (fo=1, routed)           0.000    14.262    sine_unit/mul2/pipe_mul4/sum_1_reg[49]_i_1_n_0
    SLICE_X44Y33         CARRY4 (Prop_carry4_CI_CO[3])
                                                      0.114    14.376 r  sine_unit/mul2/pipe_mul4/sum_1_reg[53]_i_1/CO[3]
                         net (fo=1, routed)           0.000    14.376    sine_unit/mul2/pipe_mul4/sum_1_reg[53]_i_1_n_0
    SLICE_X44Y34         CARRY4 (Prop_carry4_CI_CO[3])
                                                      0.114    14.490 r  sine_unit/mul2/pipe_mul4/sum_1_reg[57]_i_1/CO[3]
                         net (fo=1, routed)           0.000    14.490    sine_unit/mul2/pipe_mul4/sum_1_reg[57]_i_1_n_0
    SLICE_X44Y35         CARRY4 (Prop_carry4_CI_O[1])
                                                      0.334    14.824 r  sine_unit/mul2/pipe_mul4/sum_1_reg[61]_i_1/O[1]
                         net (fo=1, routed)           0.000    14.824    sine_unit/mul2/pipe_mul4/plusOp[59]
    SLICE_X44Y35         FDRE                                         r  sine_unit/mul2/pipe_mul4/sum_1_reg[59]/D
  -------------------------------------------------------------------    -------------------

                         (clock sys_clk_pin rise edge)
                                                     10.000    10.000 r  
    W5                                                0.000    10.000 r  CLK (IN)
                         net (fo=0)                   0.000    10.000    CLK
    W5                   IBUF (Prop_ibuf_I_O)         1.388    11.388 r  CLK_IBUF_inst/O
                         net (fo=1, routed)           1.862    13.250    CLK_IBUF
    BUFGCTRL_X0Y0        BUFG (Prop_bufg_I_O)         0.091    13.341 r  CLK_IBUF_BUFG_inst/O
                         net (fo=2164, routed)        1.443    14.784    sine_unit/mul2/pipe_mul4/CLK_IBUF_BUFG
    SLICE_X44Y35         FDRE                                         r  sine_unit/mul2/pipe_mul4/sum_1_reg[59]/C
                         clock pessimism              0.188    14.972    
                         clock uncertainty           -0.035    14.937    
    SLICE_X44Y35         FDRE (Setup_fdre_C_D)        0.062    14.999    sine_unit/mul2/pipe_mul4/sum_1_reg[59]
  -------------------------------------------------------------------
                         required time                         14.999    
                         arrival time                         -14.824    
  -------------------------------------------------------------------
                         slack                                  0.175    

Slack (MET) :             0.178ns  (required time - arrival time)
  Source:                 sine_unit/phi1/StepIm_reg[24]_replica/C
                            (rising edge-triggered cell FDRE clocked by sys_clk_pin  {rise@0.000ns fall@5.000ns period=10.000ns})
  Destination:            sine_unit/mul3/pipe_mul2/sum_1_reg[61]/D
                            (rising edge-triggered cell FDRE clocked by sys_clk_pin  {rise@0.000ns fall@5.000ns period=10.000ns})
  Path Group:             sys_clk_pin
  Path Type:              Setup (Max at Slow Process Corner)
  Requirement:            10.000ns  (sys_clk_pin rise@10.000ns - sys_clk_pin rise@0.000ns)
  Data Path Delay:        9.803ns  (logic 5.827ns (59.443%)  route 3.976ns (40.557%))
  Logic Levels:           8  (CARRY4=4 DSP48E1=1 LUT5=1 LUT6=2)
  Clock Path Skew:        -0.046ns (DCD - SCD + CPR)
    Destination Clock Delay (DCD):    4.781ns = ( 14.781 - 10.000 ) 
    Source Clock Delay      (SCD):    5.087ns
    Clock Pessimism Removal (CPR):    0.260ns
  Clock Uncertainty:      0.035ns  ((TSJ^2 + TIJ^2)^1/2 + DJ) / 2 + PE
    Total System Jitter     (TSJ):    0.071ns
    Total Input Jitter      (TIJ):    0.000ns
    Discrete Jitter          (DJ):    0.000ns
    Phase Error              (PE):    0.000ns

    Location             Delay type                Incr(ns)  Path(ns)    Netlist Resource(s)
  -------------------------------------------------------------------    -------------------
                         (clock sys_clk_pin rise edge)
                                                      0.000     0.000 r  
    W5                                                0.000     0.000 r  CLK (IN)
                         net (fo=0)                   0.000     0.000    CLK
    W5                   IBUF (Prop_ibuf_I_O)         1.458     1.458 r  CLK_IBUF_inst/O
                         net (fo=1, routed)           1.967     3.425    CLK_IBUF
    BUFGCTRL_X0Y0        BUFG (Prop_bufg_I_O)         0.096     3.521 r  CLK_IBUF_BUFG_inst/O
                         net (fo=2164, routed)        1.566     5.087    sine_unit/phi1/CLK_IBUF_BUFG
    SLICE_X55Y36         FDRE                                         r  sine_unit/phi1/StepIm_reg[24]_replica/C
  -------------------------------------------------------------------    -------------------
    SLICE_X55Y36         FDRE (Prop_fdre_C_Q)         0.456     5.543 r  sine_unit/phi1/StepIm_reg[24]_replica/Q
                         net (fo=6, routed)           1.349     6.892    sine_unit/mul3/pipe_mul2/B[24]_repN_alias
    DSP48_X1Y5           DSP48E1 (Prop_dsp48e1_B[8]_P[28])
                                                      3.656    10.548 r  sine_unit/mul3/pipe_mul2/multOp__0/P[28]
                         net (fo=8, routed)           1.764    12.312    sine_unit/mul3/pipe_mul2/R0_in[44]
    SLICE_X54Y24         LUT5 (Prop_lut5_I4_O)        0.152    12.464 r  sine_unit/mul3/pipe_mul2/sum_1[49]_i_12__8/O
                         net (fo=1, routed)           0.344    12.807    sine_unit/mul3/pipe_mul2/sum_1[49]_i_12__8_n_0
    SLICE_X54Y25         LUT6 (Prop_lut6_I5_O)        0.348    13.155 r  sine_unit/mul3/pipe_mul2/sum_1[49]_i_4__8/O
                         net (fo=2, routed)           0.520    13.675    sine_unit/mul3/pipe_mul2/sum_1[49]_i_4__8_n_0
    SLICE_X53Y25         LUT6 (Prop_lut6_I0_O)        0.124    13.799 r  sine_unit/mul3/pipe_mul2/sum_1[49]_i_8/O
                         net (fo=1, routed)           0.000    13.799    sine_unit/mul3/pipe_mul2/sum_1[49]_i_8_n_0
    SLICE_X53Y25         CARRY4 (Prop_carry4_S[1]_CO[3])
                                                      0.550    14.349 r  sine_unit/mul3/pipe_mul2/sum_1_reg[49]_i_1/CO[3]
                         net (fo=1, routed)           0.000    14.349    sine_unit/mul3/pipe_mul2/sum_1_reg[49]_i_1_n_0
    SLICE_X53Y26         CARRY4 (Prop_carry4_CI_CO[3])
                                                      0.114    14.463 r  sine_unit/mul3/pipe_mul2/sum_1_reg[53]_i_1/CO[3]
                         net (fo=1, routed)           0.000    14.463    sine_unit/mul3/pipe_mul2/sum_1_reg[53]_i_1_n_0
    SLICE_X53Y27         CARRY4 (Prop_carry4_CI_CO[3])
                                                      0.114    14.577 r  sine_unit/mul3/pipe_mul2/sum_1_reg[57]_i_1/CO[3]
                         net (fo=1, routed)           0.000    14.577    sine_unit/mul3/pipe_mul2/sum_1_reg[57]_i_1_n_0
    SLICE_X53Y28         CARRY4 (Prop_carry4_CI_O[3])
                                                      0.313    14.890 r  sine_unit/mul3/pipe_mul2/sum_1_reg[61]_i_1/O[3]
                         net (fo=1, routed)           0.000    14.890    sine_unit/mul3/pipe_mul2/plusOp[61]
    SLICE_X53Y28         FDRE                                         r  sine_unit/mul3/pipe_mul2/sum_1_reg[61]/D
  -------------------------------------------------------------------    -------------------

                         (clock sys_clk_pin rise edge)
                                                     10.000    10.000 r  
    W5                                                0.000    10.000 r  CLK (IN)
                         net (fo=0)                   0.000    10.000    CLK
    W5                   IBUF (Prop_ibuf_I_O)         1.388    11.388 r  CLK_IBUF_inst/O
                         net (fo=1, routed)           1.862    13.250    CLK_IBUF
    BUFGCTRL_X0Y0        BUFG (Prop_bufg_I_O)         0.091    13.341 r  CLK_IBUF_BUFG_inst/O
                         net (fo=2164, routed)        1.440    14.781    sine_unit/mul3/pipe_mul2/CLK_IBUF_BUFG
    SLICE_X53Y28         FDRE                                         r  sine_unit/mul3/pipe_mul2/sum_1_reg[61]/C
                         clock pessimism              0.260    15.041    
                         clock uncertainty           -0.035    15.006    
    SLICE_X53Y28         FDRE (Setup_fdre_C_D)        0.062    15.068    sine_unit/mul3/pipe_mul2/sum_1_reg[61]
  -------------------------------------------------------------------
                         required time                         15.068    
                         arrival time                         -14.890    
  -------------------------------------------------------------------
                         slack                                  0.178    

Slack (MET) :             0.196ns  (required time - arrival time)
  Source:                 sine_unit/curr_Im_reg[14]_replica/C
                            (rising edge-triggered cell FDCE clocked by sys_clk_pin  {rise@0.000ns fall@5.000ns period=10.000ns})
  Destination:            sine_unit/mul2/pipe_mul4/sum_1_reg[61]/D
                            (rising edge-triggered cell FDRE clocked by sys_clk_pin  {rise@0.000ns fall@5.000ns period=10.000ns})
  Path Group:             sys_clk_pin
  Path Type:              Setup (Max at Slow Process Corner)
  Requirement:            10.000ns  (sys_clk_pin rise@10.000ns - sys_clk_pin rise@0.000ns)
  Data Path Delay:        9.721ns  (logic 6.178ns (63.555%)  route 3.543ns (36.445%))
  Logic Levels:           11  (CARRY4=7 DSP48E1=1 LUT2=1 LUT6=2)
  Clock Path Skew:        -0.110ns (DCD - SCD + CPR)
    Destination Clock Delay (DCD):    4.784ns = ( 14.784 - 10.000 ) 
    Source Clock Delay      (SCD):    5.082ns
    Clock Pessimism Removal (CPR):    0.188ns
  Clock Uncertainty:      0.035ns  ((TSJ^2 + TIJ^2)^1/2 + DJ) / 2 + PE
    Total System Jitter     (TSJ):    0.071ns
    Total Input Jitter      (TIJ):    0.000ns
    Discrete Jitter          (DJ):    0.000ns
    Phase Error              (PE):    0.000ns

    Location             Delay type                Incr(ns)  Path(ns)    Netlist Resource(s)
  -------------------------------------------------------------------    -------------------
                         (clock sys_clk_pin rise edge)
                                                      0.000     0.000 r  
    W5                                                0.000     0.000 r  CLK (IN)
                         net (fo=0)                   0.000     0.000    CLK
    W5                   IBUF (Prop_ibuf_I_O)         1.458     1.458 r  CLK_IBUF_inst/O
                         net (fo=1, routed)           1.967     3.425    CLK_IBUF
    BUFGCTRL_X0Y0        BUFG (Prop_bufg_I_O)         0.096     3.521 r  CLK_IBUF_BUFG_inst/O
                         net (fo=2164, routed)        1.561     5.082    sine_unit/CLK_IBUF_BUFG
    SLICE_X11Y16         FDCE                                         r  sine_unit/curr_Im_reg[14]_replica/C
  -------------------------------------------------------------------    -------------------
    SLICE_X11Y16         FDCE (Prop_fdce_C_Q)         0.456     5.538 r  sine_unit/curr_Im_reg[14]_replica/Q
                         net (fo=3, routed)           0.787     6.325    sine_unit/mul2/pipe_mul4/curr_Im[14]_repN_alias
    DSP48_X0Y9           DSP48E1 (Prop_dsp48e1_A[14]_P[33])
                                                      3.841    10.166 f  sine_unit/mul2/pipe_mul4/multOp__1/P[33]
                         net (fo=5, routed)           1.650    11.816    sine_unit/mul2/pipe_mul4/multOp__1_n_72
    SLICE_X43Y29         LUT2 (Prop_lut2_I1_O)        0.150    11.966 r  sine_unit/mul2/pipe_mul4/sum_1[37]_i_18__6/O
                         net (fo=1, routed)           0.154    12.120    sine_unit/mul2/pipe_mul4/sum_1[37]_i_18__6_n_0
    SLICE_X43Y29         LUT6 (Prop_lut6_I2_O)        0.326    12.446 r  sine_unit/mul2/pipe_mul4/sum_1[37]_i_11__6/O
                         net (fo=2, routed)           0.309    12.755    sine_unit/mul2/pipe_mul4/sum_1[37]_i_11__6_n_0
    SLICE_X47Y29         LUT6 (Prop_lut6_I5_O)        0.124    12.879 r  sine_unit/mul2/pipe_mul4/sum_1[37]_i_3__6/O
                         net (fo=2, routed)           0.643    13.522    sine_unit/mul2/pipe_mul4/sum_1[37]_i_3__6_n_0
    SLICE_X44Y29         CARRY4 (Prop_carry4_DI[2]_CO[3])
                                                      0.398    13.920 r  sine_unit/mul2/pipe_mul4/sum_1_reg[37]_i_1/CO[3]
                         net (fo=1, routed)           0.000    13.920    sine_unit/mul2/pipe_mul4/sum_1_reg[37]_i_1_n_0
    SLICE_X44Y30         CARRY4 (Prop_carry4_CI_CO[3])
                                                      0.114    14.034 r  sine_unit/mul2/pipe_mul4/sum_1_reg[41]_i_1/CO[3]
                         net (fo=1, routed)           0.000    14.034    sine_unit/mul2/pipe_mul4/sum_1_reg[41]_i_1_n_0
    SLICE_X44Y31         CARRY4 (Prop_carry4_CI_CO[3])
                                                      0.114    14.148 r  sine_unit/mul2/pipe_mul4/sum_1_reg[45]_i_1/CO[3]
                         net (fo=1, routed)           0.000    14.148    sine_unit/mul2/pipe_mul4/sum_1_reg[45]_i_1_n_0
    SLICE_X44Y32         CARRY4 (Prop_carry4_CI_CO[3])
                                                      0.114    14.262 r  sine_unit/mul2/pipe_mul4/sum_1_reg[49]_i_1/CO[3]
                         net (fo=1, routed)           0.000    14.262    sine_unit/mul2/pipe_mul4/sum_1_reg[49]_i_1_n_0
    SLICE_X44Y33         CARRY4 (Prop_carry4_CI_CO[3])
                                                      0.114    14.376 r  sine_unit/mul2/pipe_mul4/sum_1_reg[53]_i_1/CO[3]
                         net (fo=1, routed)           0.000    14.376    sine_unit/mul2/pipe_mul4/sum_1_reg[53]_i_1_n_0
    SLICE_X44Y34         CARRY4 (Prop_carry4_CI_CO[3])
                                                      0.114    14.490 r  sine_unit/mul2/pipe_mul4/sum_1_reg[57]_i_1/CO[3]
                         net (fo=1, routed)           0.000    14.490    sine_unit/mul2/pipe_mul4/sum_1_reg[57]_i_1_n_0
    SLICE_X44Y35         CARRY4 (Prop_carry4_CI_O[3])
                                                      0.313    14.803 r  sine_unit/mul2/pipe_mul4/sum_1_reg[61]_i_1/O[3]
                         net (fo=1, routed)           0.000    14.803    sine_unit/mul2/pipe_mul4/plusOp[61]
    SLICE_X44Y35         FDRE                                         r  sine_unit/mul2/pipe_mul4/sum_1_reg[61]/D
  -------------------------------------------------------------------    -------------------

                         (clock sys_clk_pin rise edge)
                                                     10.000    10.000 r  
    W5                                                0.000    10.000 r  CLK (IN)
                         net (fo=0)                   0.000    10.000    CLK
    W5                   IBUF (Prop_ibuf_I_O)         1.388    11.388 r  CLK_IBUF_inst/O
                         net (fo=1, routed)           1.862    13.250    CLK_IBUF
    BUFGCTRL_X0Y0        BUFG (Prop_bufg_I_O)         0.091    13.341 r  CLK_IBUF_BUFG_inst/O
                         net (fo=2164, routed)        1.443    14.784    sine_unit/mul2/pipe_mul4/CLK_IBUF_BUFG
    SLICE_X44Y35         FDRE                                         r  sine_unit/mul2/pipe_mul4/sum_1_reg[61]/C
                         clock pessimism              0.188    14.972    
                         clock uncertainty           -0.035    14.937    
    SLICE_X44Y35         FDRE (Setup_fdre_C_D)        0.062    14.999    sine_unit/mul2/pipe_mul4/sum_1_reg[61]
  -------------------------------------------------------------------
                         required time                         14.999    
                         arrival time                         -14.803    
  -------------------------------------------------------------------
                         slack                                  0.196    

Slack (MET) :             0.239ns  (required time - arrival time)
  Source:                 sine_unit/step_Re_reg[2]/C
                            (rising edge-triggered cell FDCE clocked by sys_clk_pin  {rise@0.000ns fall@5.000ns period=10.000ns})
  Destination:            sine_unit/mul1/pipe_mul1/sum_1_reg[59]/D
                            (rising edge-triggered cell FDRE clocked by sys_clk_pin  {rise@0.000ns fall@5.000ns period=10.000ns})
  Path Group:             sys_clk_pin
  Path Type:              Setup (Max at Slow Process Corner)
  Requirement:            10.000ns  (sys_clk_pin rise@10.000ns - sys_clk_pin rise@0.000ns)
  Data Path Delay:        9.765ns  (logic 6.077ns (62.233%)  route 3.688ns (37.767%))
  Logic Levels:           8  (CARRY4=4 DSP48E1=1 LUT5=1 LUT6=2)
  Clock Path Skew:        -0.023ns (DCD - SCD + CPR)
    Destination Clock Delay (DCD):    4.789ns = ( 14.789 - 10.000 ) 
    Source Clock Delay      (SCD):    5.072ns
    Clock Pessimism Removal (CPR):    0.260ns
  Clock Uncertainty:      0.035ns  ((TSJ^2 + TIJ^2)^1/2 + DJ) / 2 + PE
    Total System Jitter     (TSJ):    0.071ns
    Total Input Jitter      (TIJ):    0.000ns
    Discrete Jitter          (DJ):    0.000ns
    Phase Error              (PE):    0.000ns

    Location             Delay type                Incr(ns)  Path(ns)    Netlist Resource(s)
  -------------------------------------------------------------------    -------------------
                         (clock sys_clk_pin rise edge)
                                                      0.000     0.000 r  
    W5                                                0.000     0.000 r  CLK (IN)
                         net (fo=0)                   0.000     0.000    CLK
    W5                   IBUF (Prop_ibuf_I_O)         1.458     1.458 r  CLK_IBUF_inst/O
                         net (fo=1, routed)           1.967     3.425    CLK_IBUF
    BUFGCTRL_X0Y0        BUFG (Prop_bufg_I_O)         0.096     3.521 r  CLK_IBUF_BUFG_inst/O
                         net (fo=2164, routed)        1.551     5.072    sine_unit/CLK_IBUF_BUFG
    SLICE_X54Y25         FDCE                                         r  sine_unit/step_Re_reg[2]/C
  -------------------------------------------------------------------    -------------------
    SLICE_X54Y25         FDCE (Prop_fdce_C_Q)         0.518     5.590 r  sine_unit/step_Re_reg[2]/Q
                         net (fo=5, routed)           0.904     6.494    sine_unit/mul1/pipe_mul1/multOp__2_0[2]
    DSP48_X1Y8           DSP48E1 (Prop_dsp48e1_A[2]_P[27])
                                                      3.841    10.335 r  sine_unit/mul1/pipe_mul1/multOp__0/P[27]
                         net (fo=8, routed)           1.949    12.284    sine_unit/mul1/pipe_mul1/R0_in[43]
    SLICE_X46Y34         LUT5 (Prop_lut5_I4_O)        0.152    12.436 r  sine_unit/mul1/pipe_mul1/sum_1[49]_i_13/O
                         net (fo=1, routed)           0.295    12.731    sine_unit/mul1/pipe_mul1/sum_1[49]_i_13_n_0
    SLICE_X47Y34         LUT6 (Prop_lut6_I5_O)        0.348    13.079 r  sine_unit/mul1/pipe_mul1/sum_1[49]_i_5/O
                         net (fo=2, routed)           0.540    13.619    sine_unit/mul1/pipe_mul1/sum_1[49]_i_5_n_0
    SLICE_X48Y35         LUT6 (Prop_lut6_I0_O)        0.124    13.743 r  sine_unit/mul1/pipe_mul1/sum_1[49]_i_9/O
                         net (fo=1, routed)           0.000    13.743    sine_unit/mul1/pipe_mul1/sum_1[49]_i_9_n_0
    SLICE_X48Y35         CARRY4 (Prop_carry4_S[0]_CO[3])
                                                      0.532    14.275 r  sine_unit/mul1/pipe_mul1/sum_1_reg[49]_i_1/CO[3]
                         net (fo=1, routed)           0.000    14.275    sine_unit/mul1/pipe_mul1/sum_1_reg[49]_i_1_n_0
    SLICE_X48Y36         CARRY4 (Prop_carry4_CI_CO[3])
                                                      0.114    14.389 r  sine_unit/mul1/pipe_mul1/sum_1_reg[53]_i_1/CO[3]
                         net (fo=1, routed)           0.000    14.389    sine_unit/mul1/pipe_mul1/sum_1_reg[53]_i_1_n_0
    SLICE_X48Y37         CARRY4 (Prop_carry4_CI_CO[3])
                                                      0.114    14.503 r  sine_unit/mul1/pipe_mul1/sum_1_reg[57]_i_1/CO[3]
                         net (fo=1, routed)           0.000    14.503    sine_unit/mul1/pipe_mul1/sum_1_reg[57]_i_1_n_0
    SLICE_X48Y38         CARRY4 (Prop_carry4_CI_O[1])
                                                      0.334    14.837 r  sine_unit/mul1/pipe_mul1/sum_1_reg[61]_i_1/O[1]
                         net (fo=1, routed)           0.000    14.837    sine_unit/mul1/pipe_mul1/plusOp[59]
    SLICE_X48Y38         FDRE                                         r  sine_unit/mul1/pipe_mul1/sum_1_reg[59]/D
  -------------------------------------------------------------------    -------------------

                         (clock sys_clk_pin rise edge)
                                                     10.000    10.000 r  
    W5                                                0.000    10.000 r  CLK (IN)
                         net (fo=0)                   0.000    10.000    CLK
    W5                   IBUF (Prop_ibuf_I_O)         1.388    11.388 r  CLK_IBUF_inst/O
                         net (fo=1, routed)           1.862    13.250    CLK_IBUF
    BUFGCTRL_X0Y0        BUFG (Prop_bufg_I_O)         0.091    13.341 r  CLK_IBUF_BUFG_inst/O
                         net (fo=2164, routed)        1.448    14.789    sine_unit/mul1/pipe_mul1/CLK_IBUF_BUFG
    SLICE_X48Y38         FDRE                                         r  sine_unit/mul1/pipe_mul1/sum_1_reg[59]/C
                         clock pessimism              0.260    15.049    
                         clock uncertainty           -0.035    15.014    
    SLICE_X48Y38         FDRE (Setup_fdre_C_D)        0.062    15.076    sine_unit/mul1/pipe_mul1/sum_1_reg[59]
  -------------------------------------------------------------------
                         required time                         15.076    
                         arrival time                         -14.837    
  -------------------------------------------------------------------
                         slack                                  0.239    

Slack (MET) :             0.252ns  (required time - arrival time)
  Source:                 sine_unit/phi1/StepIm_reg[24]_replica/C
                            (rising edge-triggered cell FDRE clocked by sys_clk_pin  {rise@0.000ns fall@5.000ns period=10.000ns})
  Destination:            sine_unit/mul3/pipe_mul2/sum_1_reg[60]/D
                            (rising edge-triggered cell FDRE clocked by sys_clk_pin  {rise@0.000ns fall@5.000ns period=10.000ns})
  Path Group:             sys_clk_pin
  Path Type:              Setup (Max at Slow Process Corner)
  Requirement:            10.000ns  (sys_clk_pin rise@10.000ns - sys_clk_pin rise@0.000ns)
  Data Path Delay:        9.729ns  (logic 5.753ns (59.134%)  route 3.976ns (40.866%))
  Logic Levels:           8  (CARRY4=4 DSP48E1=1 LUT5=1 LUT6=2)
  Clock Path Skew:        -0.046ns (DCD - SCD + CPR)
    Destination Clock Delay (DCD):    4.781ns = ( 14.781 - 10.000 ) 
    Source Clock Delay      (SCD):    5.087ns
    Clock Pessimism Removal (CPR):    0.260ns
  Clock Uncertainty:      0.035ns  ((TSJ^2 + TIJ^2)^1/2 + DJ) / 2 + PE
    Total System Jitter     (TSJ):    0.071ns
    Total Input Jitter      (TIJ):    0.000ns
    Discrete Jitter          (DJ):    0.000ns
    Phase Error              (PE):    0.000ns

    Location             Delay type                Incr(ns)  Path(ns)    Netlist Resource(s)
  -------------------------------------------------------------------    -------------------
                         (clock sys_clk_pin rise edge)
                                                      0.000     0.000 r  
    W5                                                0.000     0.000 r  CLK (IN)
                         net (fo=0)                   0.000     0.000    CLK
    W5                   IBUF (Prop_ibuf_I_O)         1.458     1.458 r  CLK_IBUF_inst/O
                         net (fo=1, routed)           1.967     3.425    CLK_IBUF
    BUFGCTRL_X0Y0        BUFG (Prop_bufg_I_O)         0.096     3.521 r  CLK_IBUF_BUFG_inst/O
                         net (fo=2164, routed)        1.566     5.087    sine_unit/phi1/CLK_IBUF_BUFG
    SLICE_X55Y36         FDRE                                         r  sine_unit/phi1/StepIm_reg[24]_replica/C
  -------------------------------------------------------------------    -------------------
    SLICE_X55Y36         FDRE (Prop_fdre_C_Q)         0.456     5.543 r  sine_unit/phi1/StepIm_reg[24]_replica/Q
                         net (fo=6, routed)           1.349     6.892    sine_unit/mul3/pipe_mul2/B[24]_repN_alias
    DSP48_X1Y5           DSP48E1 (Prop_dsp48e1_B[8]_P[28])
                                                      3.656    10.548 r  sine_unit/mul3/pipe_mul2/multOp__0/P[28]
                         net (fo=8, routed)           1.764    12.312    sine_unit/mul3/pipe_mul2/R0_in[44]
    SLICE_X54Y24         LUT5 (Prop_lut5_I4_O)        0.152    12.464 r  sine_unit/mul3/pipe_mul2/sum_1[49]_i_12__8/O
                         net (fo=1, routed)           0.344    12.807    sine_unit/mul3/pipe_mul2/sum_1[49]_i_12__8_n_0
    SLICE_X54Y25         LUT6 (Prop_lut6_I5_O)        0.348    13.155 r  sine_unit/mul3/pipe_mul2/sum_1[49]_i_4__8/O
                         net (fo=2, routed)           0.520    13.675    sine_unit/mul3/pipe_mul2/sum_1[49]_i_4__8_n_0
    SLICE_X53Y25         LUT6 (Prop_lut6_I0_O)        0.124    13.799 r  sine_unit/mul3/pipe_mul2/sum_1[49]_i_8/O
                         net (fo=1, routed)           0.000    13.799    sine_unit/mul3/pipe_mul2/sum_1[49]_i_8_n_0
    SLICE_X53Y25         CARRY4 (Prop_carry4_S[1]_CO[3])
                                                      0.550    14.349 r  sine_unit/mul3/pipe_mul2/sum_1_reg[49]_i_1/CO[3]
                         net (fo=1, routed)           0.000    14.349    sine_unit/mul3/pipe_mul2/sum_1_reg[49]_i_1_n_0
    SLICE_X53Y26         CARRY4 (Prop_carry4_CI_CO[3])
                                                      0.114    14.463 r  sine_unit/mul3/pipe_mul2/sum_1_reg[53]_i_1/CO[3]
                         net (fo=1, routed)           0.000    14.463    sine_unit/mul3/pipe_mul2/sum_1_reg[53]_i_1_n_0
    SLICE_X53Y27         CARRY4 (Prop_carry4_CI_CO[3])
                                                      0.114    14.577 r  sine_unit/mul3/pipe_mul2/sum_1_reg[57]_i_1/CO[3]
                         net (fo=1, routed)           0.000    14.577    sine_unit/mul3/pipe_mul2/sum_1_reg[57]_i_1_n_0
    SLICE_X53Y28         CARRY4 (Prop_carry4_CI_O[2])
                                                      0.239    14.816 r  sine_unit/mul3/pipe_mul2/sum_1_reg[61]_i_1/O[2]
                         net (fo=1, routed)           0.000    14.816    sine_unit/mul3/pipe_mul2/plusOp[60]
    SLICE_X53Y28         FDRE                                         r  sine_unit/mul3/pipe_mul2/sum_1_reg[60]/D
  -------------------------------------------------------------------    -------------------

                         (clock sys_clk_pin rise edge)
                                                     10.000    10.000 r  
    W5                                                0.000    10.000 r  CLK (IN)
                         net (fo=0)                   0.000    10.000    CLK
    W5                   IBUF (Prop_ibuf_I_O)         1.388    11.388 r  CLK_IBUF_inst/O
                         net (fo=1, routed)           1.862    13.250    CLK_IBUF
    BUFGCTRL_X0Y0        BUFG (Prop_bufg_I_O)         0.091    13.341 r  CLK_IBUF_BUFG_inst/O
                         net (fo=2164, routed)        1.440    14.781    sine_unit/mul3/pipe_mul2/CLK_IBUF_BUFG
    SLICE_X53Y28         FDRE                                         r  sine_unit/mul3/pipe_mul2/sum_1_reg[60]/C
                         clock pessimism              0.260    15.041    
                         clock uncertainty           -0.035    15.006    
    SLICE_X53Y28         FDRE (Setup_fdre_C_D)        0.062    15.068    sine_unit/mul3/pipe_mul2/sum_1_reg[60]
  -------------------------------------------------------------------
                         required time                         15.068    
                         arrival time                         -14.816    
  -------------------------------------------------------------------
                         slack                                  0.252    

Slack (MET) :             0.260ns  (required time - arrival time)
  Source:                 sine_unit/step_Re_reg[2]/C
                            (rising edge-triggered cell FDCE clocked by sys_clk_pin  {rise@0.000ns fall@5.000ns period=10.000ns})
  Destination:            sine_unit/mul1/pipe_mul1/sum_1_reg[61]/D
                            (rising edge-triggered cell FDRE clocked by sys_clk_pin  {rise@0.000ns fall@5.000ns period=10.000ns})
  Path Group:             sys_clk_pin
  Path Type:              Setup (Max at Slow Process Corner)
  Requirement:            10.000ns  (sys_clk_pin rise@10.000ns - sys_clk_pin rise@0.000ns)
  Data Path Delay:        9.744ns  (logic 6.056ns (62.152%)  route 3.688ns (37.848%))
  Logic Levels:           8  (CARRY4=4 DSP48E1=1 LUT5=1 LUT6=2)
  Clock Path Skew:        -0.023ns (DCD - SCD + CPR)
    Destination Clock Delay (DCD):    4.789ns = ( 14.789 - 10.000 ) 
    Source Clock Delay      (SCD):    5.072ns
    Clock Pessimism Removal (CPR):    0.260ns
  Clock Uncertainty:      0.035ns  ((TSJ^2 + TIJ^2)^1/2 + DJ) / 2 + PE
    Total System Jitter     (TSJ):    0.071ns
    Total Input Jitter      (TIJ):    0.000ns
    Discrete Jitter          (DJ):    0.000ns
    Phase Error              (PE):    0.000ns

    Location             Delay type                Incr(ns)  Path(ns)    Netlist Resource(s)
  -------------------------------------------------------------------    -------------------
                         (clock sys_clk_pin rise edge)
                                                      0.000     0.000 r  
    W5                                                0.000     0.000 r  CLK (IN)
                         net (fo=0)                   0.000     0.000    CLK
    W5                   IBUF (Prop_ibuf_I_O)         1.458     1.458 r  CLK_IBUF_inst/O
                         net (fo=1, routed)           1.967     3.425    CLK_IBUF
    BUFGCTRL_X0Y0        BUFG (Prop_bufg_I_O)         0.096     3.521 r  CLK_IBUF_BUFG_inst/O
                         net (fo=2164, routed)        1.551     5.072    sine_unit/CLK_IBUF_BUFG
    SLICE_X54Y25         FDCE                                         r  sine_unit/step_Re_reg[2]/C
  -------------------------------------------------------------------    -------------------
    SLICE_X54Y25         FDCE (Prop_fdce_C_Q)         0.518     5.590 r  sine_unit/step_Re_reg[2]/Q
                         net (fo=5, routed)           0.904     6.494    sine_unit/mul1/pipe_mul1/multOp__2_0[2]
    DSP48_X1Y8           DSP48E1 (Prop_dsp48e1_A[2]_P[27])
                                                      3.841    10.335 r  sine_unit/mul1/pipe_mul1/multOp__0/P[27]
                         net (fo=8, routed)           1.949    12.284    sine_unit/mul1/pipe_mul1/R0_in[43]
    SLICE_X46Y34         LUT5 (Prop_lut5_I4_O)        0.152    12.436 r  sine_unit/mul1/pipe_mul1/sum_1[49]_i_13/O
                         net (fo=1, routed)           0.295    12.731    sine_unit/mul1/pipe_mul1/sum_1[49]_i_13_n_0
    SLICE_X47Y34         LUT6 (Prop_lut6_I5_O)        0.348    13.079 r  sine_unit/mul1/pipe_mul1/sum_1[49]_i_5/O
                         net (fo=2, routed)           0.540    13.619    sine_unit/mul1/pipe_mul1/sum_1[49]_i_5_n_0
    SLICE_X48Y35         LUT6 (Prop_lut6_I0_O)        0.124    13.743 r  sine_unit/mul1/pipe_mul1/sum_1[49]_i_9/O
                         net (fo=1, routed)           0.000    13.743    sine_unit/mul1/pipe_mul1/sum_1[49]_i_9_n_0
    SLICE_X48Y35         CARRY4 (Prop_carry4_S[0]_CO[3])
                                                      0.532    14.275 r  sine_unit/mul1/pipe_mul1/sum_1_reg[49]_i_1/CO[3]
                         net (fo=1, routed)           0.000    14.275    sine_unit/mul1/pipe_mul1/sum_1_reg[49]_i_1_n_0
    SLICE_X48Y36         CARRY4 (Prop_carry4_CI_CO[3])
                                                      0.114    14.389 r  sine_unit/mul1/pipe_mul1/sum_1_reg[53]_i_1/CO[3]
                         net (fo=1, routed)           0.000    14.389    sine_unit/mul1/pipe_mul1/sum_1_reg[53]_i_1_n_0
    SLICE_X48Y37         CARRY4 (Prop_carry4_CI_CO[3])
                                                      0.114    14.503 r  sine_unit/mul1/pipe_mul1/sum_1_reg[57]_i_1/CO[3]
                         net (fo=1, routed)           0.000    14.503    sine_unit/mul1/pipe_mul1/sum_1_reg[57]_i_1_n_0
    SLICE_X48Y38         CARRY4 (Prop_carry4_CI_O[3])
                                                      0.313    14.816 r  sine_unit/mul1/pipe_mul1/sum_1_reg[61]_i_1/O[3]
                         net (fo=1, routed)           0.000    14.816    sine_unit/mul1/pipe_mul1/plusOp[61]
    SLICE_X48Y38         FDRE                                         r  sine_unit/mul1/pipe_mul1/sum_1_reg[61]/D
  -------------------------------------------------------------------    -------------------

                         (clock sys_clk_pin rise edge)
                                                     10.000    10.000 r  
    W5                                                0.000    10.000 r  CLK (IN)
                         net (fo=0)                   0.000    10.000    CLK
    W5                   IBUF (Prop_ibuf_I_O)         1.388    11.388 r  CLK_IBUF_inst/O
                         net (fo=1, routed)           1.862    13.250    CLK_IBUF
    BUFGCTRL_X0Y0        BUFG (Prop_bufg_I_O)         0.091    13.341 r  CLK_IBUF_BUFG_inst/O
                         net (fo=2164, routed)        1.448    14.789    sine_unit/mul1/pipe_mul1/CLK_IBUF_BUFG
    SLICE_X48Y38         FDRE                                         r  sine_unit/mul1/pipe_mul1/sum_1_reg[61]/C
                         clock pessimism              0.260    15.049    
                         clock uncertainty           -0.035    15.014    
    SLICE_X48Y38         FDRE (Setup_fdre_C_D)        0.062    15.076    sine_unit/mul1/pipe_mul1/sum_1_reg[61]
  -------------------------------------------------------------------
                         required time                         15.076    
                         arrival time                         -14.816    
  -------------------------------------------------------------------
                         slack                                  0.260    

Slack (MET) :             0.262ns  (required time - arrival time)
  Source:                 sine_unit/step_Re_reg[13]_replica/C
                            (rising edge-triggered cell FDCE clocked by sys_clk_pin  {rise@0.000ns fall@5.000ns period=10.000ns})
  Destination:            sine_unit/mul2/pipe_mul1/sum_1_reg[59]/D
                            (rising edge-triggered cell FDRE clocked by sys_clk_pin  {rise@0.000ns fall@5.000ns period=10.000ns})
  Path Group:             sys_clk_pin
  Path Type:              Setup (Max at Slow Process Corner)
  Requirement:            10.000ns  (sys_clk_pin rise@10.000ns - sys_clk_pin rise@0.000ns)
  Data Path Delay:        9.787ns  (logic 6.063ns (61.950%)  route 3.724ns (38.050%))
  Logic Levels:           12  (CARRY4=9 DSP48E1=1 LUT5=1 LUT6=1)
  Clock Path Skew:        -0.025ns (DCD - SCD + CPR)
    Destination Clock Delay (DCD):    4.791ns = ( 14.791 - 10.000 ) 
    Source Clock Delay      (SCD):    5.076ns
    Clock Pessimism Removal (CPR):    0.260ns
  Clock Uncertainty:      0.035ns  ((TSJ^2 + TIJ^2)^1/2 + DJ) / 2 + PE
    Total System Jitter     (TSJ):    0.071ns
    Total Input Jitter      (TIJ):    0.000ns
    Discrete Jitter          (DJ):    0.000ns
    Phase Error              (PE):    0.000ns

    Location             Delay type                Incr(ns)  Path(ns)    Netlist Resource(s)
  -------------------------------------------------------------------    -------------------
                         (clock sys_clk_pin rise edge)
                                                      0.000     0.000 r  
    W5                                                0.000     0.000 r  CLK (IN)
                         net (fo=0)                   0.000     0.000    CLK
    W5                   IBUF (Prop_ibuf_I_O)         1.458     1.458 r  CLK_IBUF_inst/O
                         net (fo=1, routed)           1.967     3.425    CLK_IBUF
    BUFGCTRL_X0Y0        BUFG (Prop_bufg_I_O)         0.096     3.521 r  CLK_IBUF_BUFG_inst/O
                         net (fo=2164, routed)        1.555     5.076    sine_unit/CLK_IBUF_BUFG
    SLICE_X11Y28         FDCE                                         r  sine_unit/step_Re_reg[13]_replica/C
  -------------------------------------------------------------------    -------------------
    SLICE_X11Y28         FDCE (Prop_fdce_C_Q)         0.456     5.532 r  sine_unit/step_Re_reg[13]_replica/Q
                         net (fo=3, routed)           1.283     6.815    sine_unit/mul2/pipe_mul1/step_Re_reg_n_0_[13]_repN_alias
    DSP48_X0Y18          DSP48E1 (Prop_dsp48e1_A[13]_P[12])
                                                      3.841    10.656 r  sine_unit/mul2/pipe_mul1/multOp/P[12]
                         net (fo=4, routed)           1.766    12.422    sine_unit/mul2/pipe_mul1/R[28]
    SLICE_X13Y38         LUT6 (Prop_lut6_I1_O)        0.124    12.546 r  sine_unit/mul2/pipe_mul1/sum_1[33]_i_12__3/O
                         net (fo=2, routed)           0.675    13.221    sine_unit/mul2/pipe_mul1/sum_1[33]_i_12__3_n_0
    SLICE_X12Y38         LUT5 (Prop_lut5_I0_O)        0.124    13.345 r  sine_unit/mul2/pipe_mul1/sum_1[33]_i_16/O
                         net (fo=1, routed)           0.000    13.345    sine_unit/mul2/pipe_mul1/sum_1[33]_i_16_n_0
    SLICE_X12Y38         CARRY4 (Prop_carry4_S[3]_CO[3])
                                                      0.376    13.721 r  sine_unit/mul2/pipe_mul1/sum_1_reg[33]_i_2/CO[3]
                         net (fo=1, routed)           0.000    13.721    sine_unit/mul2/pipe_mul1/sum_1_reg[33]_i_2_n_0
    SLICE_X12Y39         CARRY4 (Prop_carry4_CI_CO[3])
                                                      0.117    13.838 r  sine_unit/mul2/pipe_mul1/sum_1_reg[33]_i_1/CO[3]
                         net (fo=1, routed)           0.000    13.838    sine_unit/mul2/pipe_mul1/sum_1_reg[33]_i_1_n_0
    SLICE_X12Y40         CARRY4 (Prop_carry4_CI_CO[3])
                                                      0.117    13.955 r  sine_unit/mul2/pipe_mul1/sum_1_reg[37]_i_1/CO[3]
                         net (fo=1, routed)           0.000    13.955    sine_unit/mul2/pipe_mul1/sum_1_reg[37]_i_1_n_0
    SLICE_X12Y41         CARRY4 (Prop_carry4_CI_CO[3])
                                                      0.117    14.072 r  sine_unit/mul2/pipe_mul1/sum_1_reg[41]_i_1/CO[3]
                         net (fo=1, routed)           0.000    14.072    sine_unit/mul2/pipe_mul1/sum_1_reg[41]_i_1_n_0
    SLICE_X12Y42         CARRY4 (Prop_carry4_CI_CO[3])
                                                      0.117    14.189 r  sine_unit/mul2/pipe_mul1/sum_1_reg[45]_i_1/CO[3]
                         net (fo=1, routed)           0.000    14.189    sine_unit/mul2/pipe_mul1/sum_1_reg[45]_i_1_n_0
    SLICE_X12Y43         CARRY4 (Prop_carry4_CI_CO[3])
                                                      0.117    14.306 r  sine_unit/mul2/pipe_mul1/sum_1_reg[49]_i_1/CO[3]
                         net (fo=1, routed)           0.000    14.306    sine_unit/mul2/pipe_mul1/sum_1_reg[49]_i_1_n_0
    SLICE_X12Y44         CARRY4 (Prop_carry4_CI_CO[3])
                                                      0.117    14.423 r  sine_unit/mul2/pipe_mul1/sum_1_reg[53]_i_1/CO[3]
                         net (fo=1, routed)           0.000    14.423    sine_unit/mul2/pipe_mul1/sum_1_reg[53]_i_1_n_0
    SLICE_X12Y45         CARRY4 (Prop_carry4_CI_CO[3])
                                                      0.117    14.540 r  sine_unit/mul2/pipe_mul1/sum_1_reg[57]_i_1/CO[3]
                         net (fo=1, routed)           0.000    14.540    sine_unit/mul2/pipe_mul1/sum_1_reg[57]_i_1_n_0
    SLICE_X12Y46         CARRY4 (Prop_carry4_CI_O[1])
                                                      0.323    14.863 r  sine_unit/mul2/pipe_mul1/sum_1_reg[61]_i_1/O[1]
                         net (fo=1, routed)           0.000    14.863    sine_unit/mul2/pipe_mul1/plusOp[59]
    SLICE_X12Y46         FDRE                                         r  sine_unit/mul2/pipe_mul1/sum_1_reg[59]/D
  -------------------------------------------------------------------    -------------------

                         (clock sys_clk_pin rise edge)
                                                     10.000    10.000 r  
    W5                                                0.000    10.000 r  CLK (IN)
                         net (fo=0)                   0.000    10.000    CLK
    W5                   IBUF (Prop_ibuf_I_O)         1.388    11.388 r  CLK_IBUF_inst/O
                         net (fo=1, routed)           1.862    13.250    CLK_IBUF
    BUFGCTRL_X0Y0        BUFG (Prop_bufg_I_O)         0.091    13.341 r  CLK_IBUF_BUFG_inst/O
                         net (fo=2164, routed)        1.450    14.791    sine_unit/mul2/pipe_mul1/CLK_IBUF_BUFG
    SLICE_X12Y46         FDRE                                         r  sine_unit/mul2/pipe_mul1/sum_1_reg[59]/C
                         clock pessimism              0.260    15.051    
                         clock uncertainty           -0.035    15.016    
    SLICE_X12Y46         FDRE (Setup_fdre_C_D)        0.109    15.125    sine_unit/mul2/pipe_mul1/sum_1_reg[59]
  -------------------------------------------------------------------
                         required time                         15.125    
                         arrival time                         -14.863    
  -------------------------------------------------------------------
                         slack                                  0.262    

Slack (MET) :             0.268ns  (required time - arrival time)
  Source:                 sine_unit/phi1/StepIm_reg[24]_replica/C
                            (rising edge-triggered cell FDRE clocked by sys_clk_pin  {rise@0.000ns fall@5.000ns period=10.000ns})
  Destination:            sine_unit/mul3/pipe_mul2/sum_1_reg[58]/D
                            (rising edge-triggered cell FDRE clocked by sys_clk_pin  {rise@0.000ns fall@5.000ns period=10.000ns})
  Path Group:             sys_clk_pin
  Path Type:              Setup (Max at Slow Process Corner)
  Requirement:            10.000ns  (sys_clk_pin rise@10.000ns - sys_clk_pin rise@0.000ns)
  Data Path Delay:        9.713ns  (logic 5.737ns (59.067%)  route 3.976ns (40.933%))
  Logic Levels:           8  (CARRY4=4 DSP48E1=1 LUT5=1 LUT6=2)
  Clock Path Skew:        -0.046ns (DCD - SCD + CPR)
    Destination Clock Delay (DCD):    4.781ns = ( 14.781 - 10.000 ) 
    Source Clock Delay      (SCD):    5.087ns
    Clock Pessimism Removal (CPR):    0.260ns
  Clock Uncertainty:      0.035ns  ((TSJ^2 + TIJ^2)^1/2 + DJ) / 2 + PE
    Total System Jitter     (TSJ):    0.071ns
    Total Input Jitter      (TIJ):    0.000ns
    Discrete Jitter          (DJ):    0.000ns
    Phase Error              (PE):    0.000ns

    Location             Delay type                Incr(ns)  Path(ns)    Netlist Resource(s)
  -------------------------------------------------------------------    -------------------
                         (clock sys_clk_pin rise edge)
                                                      0.000     0.000 r  
    W5                                                0.000     0.000 r  CLK (IN)
                         net (fo=0)                   0.000     0.000    CLK
    W5                   IBUF (Prop_ibuf_I_O)         1.458     1.458 r  CLK_IBUF_inst/O
                         net (fo=1, routed)           1.967     3.425    CLK_IBUF
    BUFGCTRL_X0Y0        BUFG (Prop_bufg_I_O)         0.096     3.521 r  CLK_IBUF_BUFG_inst/O
                         net (fo=2164, routed)        1.566     5.087    sine_unit/phi1/CLK_IBUF_BUFG
    SLICE_X55Y36         FDRE                                         r  sine_unit/phi1/StepIm_reg[24]_replica/C
  -------------------------------------------------------------------    -------------------
    SLICE_X55Y36         FDRE (Prop_fdre_C_Q)         0.456     5.543 r  sine_unit/phi1/StepIm_reg[24]_replica/Q
                         net (fo=6, routed)           1.349     6.892    sine_unit/mul3/pipe_mul2/B[24]_repN_alias
    DSP48_X1Y5           DSP48E1 (Prop_dsp48e1_B[8]_P[28])
                                                      3.656    10.548 r  sine_unit/mul3/pipe_mul2/multOp__0/P[28]
                         net (fo=8, routed)           1.764    12.312    sine_unit/mul3/pipe_mul2/R0_in[44]
    SLICE_X54Y24         LUT5 (Prop_lut5_I4_O)        0.152    12.464 r  sine_unit/mul3/pipe_mul2/sum_1[49]_i_12__8/O
                         net (fo=1, routed)           0.344    12.807    sine_unit/mul3/pipe_mul2/sum_1[49]_i_12__8_n_0
    SLICE_X54Y25         LUT6 (Prop_lut6_I5_O)        0.348    13.155 r  sine_unit/mul3/pipe_mul2/sum_1[49]_i_4__8/O
                         net (fo=2, routed)           0.520    13.675    sine_unit/mul3/pipe_mul2/sum_1[49]_i_4__8_n_0
    SLICE_X53Y25         LUT6 (Prop_lut6_I0_O)        0.124    13.799 r  sine_unit/mul3/pipe_mul2/sum_1[49]_i_8/O
                         net (fo=1, routed)           0.000    13.799    sine_unit/mul3/pipe_mul2/sum_1[49]_i_8_n_0
    SLICE_X53Y25         CARRY4 (Prop_carry4_S[1]_CO[3])
                                                      0.550    14.349 r  sine_unit/mul3/pipe_mul2/sum_1_reg[49]_i_1/CO[3]
                         net (fo=1, routed)           0.000    14.349    sine_unit/mul3/pipe_mul2/sum_1_reg[49]_i_1_n_0
    SLICE_X53Y26         CARRY4 (Prop_carry4_CI_CO[3])
                                                      0.114    14.463 r  sine_unit/mul3/pipe_mul2/sum_1_reg[53]_i_1/CO[3]
                         net (fo=1, routed)           0.000    14.463    sine_unit/mul3/pipe_mul2/sum_1_reg[53]_i_1_n_0
    SLICE_X53Y27         CARRY4 (Prop_carry4_CI_CO[3])
                                                      0.114    14.577 r  sine_unit/mul3/pipe_mul2/sum_1_reg[57]_i_1/CO[3]
                         net (fo=1, routed)           0.000    14.577    sine_unit/mul3/pipe_mul2/sum_1_reg[57]_i_1_n_0
    SLICE_X53Y28         CARRY4 (Prop_carry4_CI_O[0])
                                                      0.223    14.800 r  sine_unit/mul3/pipe_mul2/sum_1_reg[61]_i_1/O[0]
                         net (fo=1, routed)           0.000    14.800    sine_unit/mul3/pipe_mul2/plusOp[58]
    SLICE_X53Y28         FDRE                                         r  sine_unit/mul3/pipe_mul2/sum_1_reg[58]/D
  -------------------------------------------------------------------    -------------------

                         (clock sys_clk_pin rise edge)
                                                     10.000    10.000 r  
    W5                                                0.000    10.000 r  CLK (IN)
                         net (fo=0)                   0.000    10.000    CLK
    W5                   IBUF (Prop_ibuf_I_O)         1.388    11.388 r  CLK_IBUF_inst/O
                         net (fo=1, routed)           1.862    13.250    CLK_IBUF
    BUFGCTRL_X0Y0        BUFG (Prop_bufg_I_O)         0.091    13.341 r  CLK_IBUF_BUFG_inst/O
                         net (fo=2164, routed)        1.440    14.781    sine_unit/mul3/pipe_mul2/CLK_IBUF_BUFG
    SLICE_X53Y28         FDRE                                         r  sine_unit/mul3/pipe_mul2/sum_1_reg[58]/C
                         clock pessimism              0.260    15.041    
                         clock uncertainty           -0.035    15.006    
    SLICE_X53Y28         FDRE (Setup_fdre_C_D)        0.062    15.068    sine_unit/mul3/pipe_mul2/sum_1_reg[58]
  -------------------------------------------------------------------
                         required time                         15.068    
                         arrival time                         -14.800    
  -------------------------------------------------------------------
                         slack                                  0.268    

Slack (MET) :             0.269ns  (required time - arrival time)
  Source:                 sine_unit/phi1/StepIm_reg[24]_replica/C
                            (rising edge-triggered cell FDRE clocked by sys_clk_pin  {rise@0.000ns fall@5.000ns period=10.000ns})
  Destination:            sine_unit/mul3/pipe_mul2/sum_1_reg[55]/D
                            (rising edge-triggered cell FDRE clocked by sys_clk_pin  {rise@0.000ns fall@5.000ns period=10.000ns})
  Path Group:             sys_clk_pin
  Path Type:              Setup (Max at Slow Process Corner)
  Requirement:            10.000ns  (sys_clk_pin rise@10.000ns - sys_clk_pin rise@0.000ns)
  Data Path Delay:        9.710ns  (logic 5.734ns (59.054%)  route 3.976ns (40.946%))
  Logic Levels:           7  (CARRY4=3 DSP48E1=1 LUT5=1 LUT6=2)
  Clock Path Skew:        -0.048ns (DCD - SCD + CPR)
    Destination Clock Delay (DCD):    4.779ns = ( 14.779 - 10.000 ) 
    Source Clock Delay      (SCD):    5.087ns
    Clock Pessimism Removal (CPR):    0.260ns
  Clock Uncertainty:      0.035ns  ((TSJ^2 + TIJ^2)^1/2 + DJ) / 2 + PE
    Total System Jitter     (TSJ):    0.071ns
    Total Input Jitter      (TIJ):    0.000ns
    Discrete Jitter          (DJ):    0.000ns
    Phase Error              (PE):    0.000ns

    Location             Delay type                Incr(ns)  Path(ns)    Netlist Resource(s)
  -------------------------------------------------------------------    -------------------
                         (clock sys_clk_pin rise edge)
                                                      0.000     0.000 r  
    W5                                                0.000     0.000 r  CLK (IN)
                         net (fo=0)                   0.000     0.000    CLK
    W5                   IBUF (Prop_ibuf_I_O)         1.458     1.458 r  CLK_IBUF_inst/O
                         net (fo=1, routed)           1.967     3.425    CLK_IBUF
    BUFGCTRL_X0Y0        BUFG (Prop_bufg_I_O)         0.096     3.521 r  CLK_IBUF_BUFG_inst/O
                         net (fo=2164, routed)        1.566     5.087    sine_unit/phi1/CLK_IBUF_BUFG
    SLICE_X55Y36         FDRE                                         r  sine_unit/phi1/StepIm_reg[24]_replica/C
  -------------------------------------------------------------------    -------------------
    SLICE_X55Y36         FDRE (Prop_fdre_C_Q)         0.456     5.543 r  sine_unit/phi1/StepIm_reg[24]_replica/Q
                         net (fo=6, routed)           1.349     6.892    sine_unit/mul3/pipe_mul2/B[24]_repN_alias
    DSP48_X1Y5           DSP48E1 (Prop_dsp48e1_B[8]_P[28])
                                                      3.656    10.548 r  sine_unit/mul3/pipe_mul2/multOp__0/P[28]
                         net (fo=8, routed)           1.764    12.312    sine_unit/mul3/pipe_mul2/R0_in[44]
    SLICE_X54Y24         LUT5 (Prop_lut5_I4_O)        0.152    12.464 r  sine_unit/mul3/pipe_mul2/sum_1[49]_i_12__8/O
                         net (fo=1, routed)           0.344    12.807    sine_unit/mul3/pipe_mul2/sum_1[49]_i_12__8_n_0
    SLICE_X54Y25         LUT6 (Prop_lut6_I5_O)        0.348    13.155 r  sine_unit/mul3/pipe_mul2/sum_1[49]_i_4__8/O
                         net (fo=2, routed)           0.520    13.675    sine_unit/mul3/pipe_mul2/sum_1[49]_i_4__8_n_0
    SLICE_X53Y25         LUT6 (Prop_lut6_I0_O)        0.124    13.799 r  sine_unit/mul3/pipe_mul2/sum_1[49]_i_8/O
                         net (fo=1, routed)           0.000    13.799    sine_unit/mul3/pipe_mul2/sum_1[49]_i_8_n_0
    SLICE_X53Y25         CARRY4 (Prop_carry4_S[1]_CO[3])
                                                      0.550    14.349 r  sine_unit/mul3/pipe_mul2/sum_1_reg[49]_i_1/CO[3]
                         net (fo=1, routed)           0.000    14.349    sine_unit/mul3/pipe_mul2/sum_1_reg[49]_i_1_n_0
    SLICE_X53Y26         CARRY4 (Prop_carry4_CI_CO[3])
                                                      0.114    14.463 r  sine_unit/mul3/pipe_mul2/sum_1_reg[53]_i_1/CO[3]
                         net (fo=1, routed)           0.000    14.463    sine_unit/mul3/pipe_mul2/sum_1_reg[53]_i_1_n_0
    SLICE_X53Y27         CARRY4 (Prop_carry4_CI_O[1])
                                                      0.334    14.797 r  sine_unit/mul3/pipe_mul2/sum_1_reg[57]_i_1/O[1]
                         net (fo=1, routed)           0.000    14.797    sine_unit/mul3/pipe_mul2/plusOp[55]
    SLICE_X53Y27         FDRE                                         r  sine_unit/mul3/pipe_mul2/sum_1_reg[55]/D
  -------------------------------------------------------------------    -------------------

                         (clock sys_clk_pin rise edge)
                                                     10.000    10.000 r  
    W5                                                0.000    10.000 r  CLK (IN)
                         net (fo=0)                   0.000    10.000    CLK
    W5                   IBUF (Prop_ibuf_I_O)         1.388    11.388 r  CLK_IBUF_inst/O
                         net (fo=1, routed)           1.862    13.250    CLK_IBUF
    BUFGCTRL_X0Y0        BUFG (Prop_bufg_I_O)         0.091    13.341 r  CLK_IBUF_BUFG_inst/O
                         net (fo=2164, routed)        1.438    14.779    sine_unit/mul3/pipe_mul2/CLK_IBUF_BUFG
    SLICE_X53Y27         FDRE                                         r  sine_unit/mul3/pipe_mul2/sum_1_reg[55]/C
                         clock pessimism              0.260    15.039    
                         clock uncertainty           -0.035    15.004    
    SLICE_X53Y27         FDRE (Setup_fdre_C_D)        0.062    15.066    sine_unit/mul3/pipe_mul2/sum_1_reg[55]
  -------------------------------------------------------------------
                         required time                         15.066    
                         arrival time                         -14.797    
  -------------------------------------------------------------------
                         slack                                  0.269    





Min Delay Paths
--------------------------------------------------------------------------------------
Slack (MET) :             0.035ns  (arrival time - required time)
  Source:                 uart_unit/din01_reg[4]/C
                            (rising edge-triggered cell FDRE clocked by sys_clk_pin  {rise@0.000ns fall@5.000ns period=10.000ns})
  Destination:            myLut1/ram_reg_0/DIADI[4]
                            (rising edge-triggered cell RAMB36E1 clocked by sys_clk_pin  {rise@0.000ns fall@5.000ns period=10.000ns})
  Path Group:             sys_clk_pin
  Path Type:              Hold (Min at Fast Process Corner)
  Requirement:            0.000ns  (sys_clk_pin rise@0.000ns - sys_clk_pin rise@0.000ns)
  Data Path Delay:        0.247ns  (logic 0.141ns (57.072%)  route 0.106ns (42.928%))
  Logic Levels:           0  
  Clock Path Skew:        0.057ns (DCD - SCD - CPR)
    Destination Clock Delay (DCD):    2.003ns
    Source Clock Delay      (SCD):    1.447ns
    Clock Pessimism Removal (CPR):    0.498ns

    Location             Delay type                Incr(ns)  Path(ns)    Netlist Resource(s)
  -------------------------------------------------------------------    -------------------
                         (clock sys_clk_pin rise edge)
                                                      0.000     0.000 r  
    W5                                                0.000     0.000 r  CLK (IN)
                         net (fo=0)                   0.000     0.000    CLK
    W5                   IBUF (Prop_ibuf_I_O)         0.226     0.226 r  CLK_IBUF_inst/O
                         net (fo=1, routed)           0.631     0.858    CLK_IBUF
    BUFGCTRL_X0Y0        BUFG (Prop_bufg_I_O)         0.026     0.884 r  CLK_IBUF_BUFG_inst/O
                         net (fo=2164, routed)        0.564     1.447    uart_unit/CLK_IBUF_BUFG
    SLICE_X49Y56         FDRE                                         r  uart_unit/din01_reg[4]/C
  -------------------------------------------------------------------    -------------------
    SLICE_X49Y56         FDRE (Prop_fdre_C_Q)         0.141     1.588 r  uart_unit/din01_reg[4]/Q
                         net (fo=1, routed)           0.106     1.694    myLut1/Q[4]
    RAMB36_X1Y11         RAMB36E1                                     r  myLut1/ram_reg_0/DIADI[4]
  -------------------------------------------------------------------    -------------------

                         (clock sys_clk_pin rise edge)
                                                      0.000     0.000 r  
    W5                                                0.000     0.000 r  CLK (IN)
                         net (fo=0)                   0.000     0.000    CLK
    W5                   IBUF (Prop_ibuf_I_O)         0.414     0.414 r  CLK_IBUF_inst/O
                         net (fo=1, routed)           0.685     1.099    CLK_IBUF
    BUFGCTRL_X0Y0        BUFG (Prop_bufg_I_O)         0.029     1.128 r  CLK_IBUF_BUFG_inst/O
                         net (fo=2164, routed)        0.875     2.003    myLut1/CLK_IBUF_BUFG
    RAMB36_X1Y11         RAMB36E1                                     r  myLut1/ram_reg_0/CLKARDCLK
                         clock pessimism             -0.498     1.505    
    RAMB36_X1Y11         RAMB36E1 (Hold_ramb36e1_CLKARDCLK_DIADI[4])
                                                      0.155     1.660    myLut1/ram_reg_0
  -------------------------------------------------------------------
                         required time                         -1.660    
                         arrival time                           1.694    
  -------------------------------------------------------------------
                         slack                                  0.035    

Slack (MET) :             0.035ns  (arrival time - required time)
  Source:                 uart_unit/din01_reg[6]/C
                            (rising edge-triggered cell FDRE clocked by sys_clk_pin  {rise@0.000ns fall@5.000ns period=10.000ns})
  Destination:            myLut1/ram_reg_0/DIADI[6]
                            (rising edge-triggered cell RAMB36E1 clocked by sys_clk_pin  {rise@0.000ns fall@5.000ns period=10.000ns})
  Path Group:             sys_clk_pin
  Path Type:              Hold (Min at Fast Process Corner)
  Requirement:            0.000ns  (sys_clk_pin rise@0.000ns - sys_clk_pin rise@0.000ns)
  Data Path Delay:        0.247ns  (logic 0.141ns (57.072%)  route 0.106ns (42.928%))
  Logic Levels:           0  
  Clock Path Skew:        0.057ns (DCD - SCD - CPR)
    Destination Clock Delay (DCD):    2.003ns
    Source Clock Delay      (SCD):    1.447ns
    Clock Pessimism Removal (CPR):    0.498ns

    Location             Delay type                Incr(ns)  Path(ns)    Netlist Resource(s)
  -------------------------------------------------------------------    -------------------
                         (clock sys_clk_pin rise edge)
                                                      0.000     0.000 r  
    W5                                                0.000     0.000 r  CLK (IN)
                         net (fo=0)                   0.000     0.000    CLK
    W5                   IBUF (Prop_ibuf_I_O)         0.226     0.226 r  CLK_IBUF_inst/O
                         net (fo=1, routed)           0.631     0.858    CLK_IBUF
    BUFGCTRL_X0Y0        BUFG (Prop_bufg_I_O)         0.026     0.884 r  CLK_IBUF_BUFG_inst/O
                         net (fo=2164, routed)        0.564     1.447    uart_unit/CLK_IBUF_BUFG
    SLICE_X49Y56         FDRE                                         r  uart_unit/din01_reg[6]/C
  -------------------------------------------------------------------    -------------------
    SLICE_X49Y56         FDRE (Prop_fdre_C_Q)         0.141     1.588 r  uart_unit/din01_reg[6]/Q
                         net (fo=1, routed)           0.106     1.694    myLut1/Q[6]
    RAMB36_X1Y11         RAMB36E1                                     r  myLut1/ram_reg_0/DIADI[6]
  -------------------------------------------------------------------    -------------------

                         (clock sys_clk_pin rise edge)
                                                      0.000     0.000 r  
    W5                                                0.000     0.000 r  CLK (IN)
                         net (fo=0)                   0.000     0.000    CLK
    W5                   IBUF (Prop_ibuf_I_O)         0.414     0.414 r  CLK_IBUF_inst/O
                         net (fo=1, routed)           0.685     1.099    CLK_IBUF
    BUFGCTRL_X0Y0        BUFG (Prop_bufg_I_O)         0.029     1.128 r  CLK_IBUF_BUFG_inst/O
                         net (fo=2164, routed)        0.875     2.003    myLut1/CLK_IBUF_BUFG
    RAMB36_X1Y11         RAMB36E1                                     r  myLut1/ram_reg_0/CLKARDCLK
                         clock pessimism             -0.498     1.505    
    RAMB36_X1Y11         RAMB36E1 (Hold_ramb36e1_CLKARDCLK_DIADI[6])
                                                      0.155     1.660    myLut1/ram_reg_0
  -------------------------------------------------------------------
                         required time                         -1.660    
                         arrival time                           1.694    
  -------------------------------------------------------------------
                         slack                                  0.035    

Slack (MET) :             0.040ns  (arrival time - required time)
  Source:                 uart_unit/din01_reg[13]/C
                            (rising edge-triggered cell FDRE clocked by sys_clk_pin  {rise@0.000ns fall@5.000ns period=10.000ns})
  Destination:            myLut1/ram_reg_1/DIADI[4]
                            (rising edge-triggered cell RAMB36E1 clocked by sys_clk_pin  {rise@0.000ns fall@5.000ns period=10.000ns})
  Path Group:             sys_clk_pin
  Path Type:              Hold (Min at Fast Process Corner)
  Requirement:            0.000ns  (sys_clk_pin rise@0.000ns - sys_clk_pin rise@0.000ns)
  Data Path Delay:        0.249ns  (logic 0.141ns (56.614%)  route 0.108ns (43.386%))
  Logic Levels:           0  
  Clock Path Skew:        0.054ns (DCD - SCD - CPR)
    Destination Clock Delay (DCD):    1.999ns
    Source Clock Delay      (SCD):    1.446ns
    Clock Pessimism Removal (CPR):    0.498ns

    Location             Delay type                Incr(ns)  Path(ns)    Netlist Resource(s)
  -------------------------------------------------------------------    -------------------
                         (clock sys_clk_pin rise edge)
                                                      0.000     0.000 r  
    W5                                                0.000     0.000 r  CLK (IN)
                         net (fo=0)                   0.000     0.000    CLK
    W5                   IBUF (Prop_ibuf_I_O)         0.226     0.226 r  CLK_IBUF_inst/O
                         net (fo=1, routed)           0.631     0.858    CLK_IBUF
    BUFGCTRL_X0Y0        BUFG (Prop_bufg_I_O)         0.026     0.884 r  CLK_IBUF_BUFG_inst/O
                         net (fo=2164, routed)        0.563     1.446    uart_unit/CLK_IBUF_BUFG
    SLICE_X49Y59         FDRE                                         r  uart_unit/din01_reg[13]/C
  -------------------------------------------------------------------    -------------------
    SLICE_X49Y59         FDRE (Prop_fdre_C_Q)         0.141     1.587 r  uart_unit/din01_reg[13]/Q
                         net (fo=1, routed)           0.108     1.695    myLut1/Q[13]
    RAMB36_X1Y12         RAMB36E1                                     r  myLut1/ram_reg_1/DIADI[4]
  -------------------------------------------------------------------    -------------------

                         (clock sys_clk_pin rise edge)
                                                      0.000     0.000 r  
    W5                                                0.000     0.000 r  CLK (IN)
                         net (fo=0)                   0.000     0.000    CLK
    W5                   IBUF (Prop_ibuf_I_O)         0.414     0.414 r  CLK_IBUF_inst/O
                         net (fo=1, routed)           0.685     1.099    CLK_IBUF
    BUFGCTRL_X0Y0        BUFG (Prop_bufg_I_O)         0.029     1.128 r  CLK_IBUF_BUFG_inst/O
                         net (fo=2164, routed)        0.871     1.999    myLut1/CLK_IBUF_BUFG
    RAMB36_X1Y12         RAMB36E1                                     r  myLut1/ram_reg_1/CLKARDCLK
                         clock pessimism             -0.498     1.501    
    RAMB36_X1Y12         RAMB36E1 (Hold_ramb36e1_CLKARDCLK_DIADI[4])
                                                      0.155     1.656    myLut1/ram_reg_1
  -------------------------------------------------------------------
                         required time                         -1.656    
                         arrival time                           1.695    
  -------------------------------------------------------------------
                         slack                                  0.040    

Slack (MET) :             0.040ns  (arrival time - required time)
  Source:                 uart_unit/din01_reg[15]/C
                            (rising edge-triggered cell FDRE clocked by sys_clk_pin  {rise@0.000ns fall@5.000ns period=10.000ns})
  Destination:            myLut1/ram_reg_1/DIADI[6]
                            (rising edge-triggered cell RAMB36E1 clocked by sys_clk_pin  {rise@0.000ns fall@5.000ns period=10.000ns})
  Path Group:             sys_clk_pin
  Path Type:              Hold (Min at Fast Process Corner)
  Requirement:            0.000ns  (sys_clk_pin rise@0.000ns - sys_clk_pin rise@0.000ns)
  Data Path Delay:        0.249ns  (logic 0.141ns (56.614%)  route 0.108ns (43.386%))
  Logic Levels:           0  
  Clock Path Skew:        0.054ns (DCD - SCD - CPR)
    Destination Clock Delay (DCD):    1.999ns
    Source Clock Delay      (SCD):    1.446ns
    Clock Pessimism Removal (CPR):    0.498ns

    Location             Delay type                Incr(ns)  Path(ns)    Netlist Resource(s)
  -------------------------------------------------------------------    -------------------
                         (clock sys_clk_pin rise edge)
                                                      0.000     0.000 r  
    W5                                                0.000     0.000 r  CLK (IN)
                         net (fo=0)                   0.000     0.000    CLK
    W5                   IBUF (Prop_ibuf_I_O)         0.226     0.226 r  CLK_IBUF_inst/O
                         net (fo=1, routed)           0.631     0.858    CLK_IBUF
    BUFGCTRL_X0Y0        BUFG (Prop_bufg_I_O)         0.026     0.884 r  CLK_IBUF_BUFG_inst/O
                         net (fo=2164, routed)        0.563     1.446    uart_unit/CLK_IBUF_BUFG
    SLICE_X49Y59         FDRE                                         r  uart_unit/din01_reg[15]/C
  -------------------------------------------------------------------    -------------------
    SLICE_X49Y59         FDRE (Prop_fdre_C_Q)         0.141     1.587 r  uart_unit/din01_reg[15]/Q
                         net (fo=1, routed)           0.108     1.695    myLut1/Q[15]
    RAMB36_X1Y12         RAMB36E1                                     r  myLut1/ram_reg_1/DIADI[6]
  -------------------------------------------------------------------    -------------------

                         (clock sys_clk_pin rise edge)
                                                      0.000     0.000 r  
    W5                                                0.000     0.000 r  CLK (IN)
                         net (fo=0)                   0.000     0.000    CLK
    W5                   IBUF (Prop_ibuf_I_O)         0.414     0.414 r  CLK_IBUF_inst/O
                         net (fo=1, routed)           0.685     1.099    CLK_IBUF
    BUFGCTRL_X0Y0        BUFG (Prop_bufg_I_O)         0.029     1.128 r  CLK_IBUF_BUFG_inst/O
                         net (fo=2164, routed)        0.871     1.999    myLut1/CLK_IBUF_BUFG
    RAMB36_X1Y12         RAMB36E1                                     r  myLut1/ram_reg_1/CLKARDCLK
                         clock pessimism             -0.498     1.501    
    RAMB36_X1Y12         RAMB36E1 (Hold_ramb36e1_CLKARDCLK_DIADI[6])
                                                      0.155     1.656    myLut1/ram_reg_1
  -------------------------------------------------------------------
                         required time                         -1.656    
                         arrival time                           1.695    
  -------------------------------------------------------------------
                         slack                                  0.040    

Slack (MET) :             0.040ns  (arrival time - required time)
  Source:                 uart_unit/din01_reg[2]/C
                            (rising edge-triggered cell FDRE clocked by sys_clk_pin  {rise@0.000ns fall@5.000ns period=10.000ns})
  Destination:            myLut1/ram_reg_0/DIADI[2]
                            (rising edge-triggered cell RAMB36E1 clocked by sys_clk_pin  {rise@0.000ns fall@5.000ns period=10.000ns})
  Path Group:             sys_clk_pin
  Path Type:              Hold (Min at Fast Process Corner)
  Requirement:            0.000ns  (sys_clk_pin rise@0.000ns - sys_clk_pin rise@0.000ns)
  Data Path Delay:        0.252ns  (logic 0.141ns (55.866%)  route 0.111ns (44.134%))
  Logic Levels:           0  
  Clock Path Skew:        0.057ns (DCD - SCD - CPR)
    Destination Clock Delay (DCD):    2.003ns
    Source Clock Delay      (SCD):    1.447ns
    Clock Pessimism Removal (CPR):    0.498ns

    Location             Delay type                Incr(ns)  Path(ns)    Netlist Resource(s)
  -------------------------------------------------------------------    -------------------
                         (clock sys_clk_pin rise edge)
                                                      0.000     0.000 r  
    W5                                                0.000     0.000 r  CLK (IN)
                         net (fo=0)                   0.000     0.000    CLK
    W5                   IBUF (Prop_ibuf_I_O)         0.226     0.226 r  CLK_IBUF_inst/O
                         net (fo=1, routed)           0.631     0.858    CLK_IBUF
    BUFGCTRL_X0Y0        BUFG (Prop_bufg_I_O)         0.026     0.884 r  CLK_IBUF_BUFG_inst/O
                         net (fo=2164, routed)        0.564     1.447    uart_unit/CLK_IBUF_BUFG
    SLICE_X48Y55         FDRE                                         r  uart_unit/din01_reg[2]/C
  -------------------------------------------------------------------    -------------------
    SLICE_X48Y55         FDRE (Prop_fdre_C_Q)         0.141     1.588 r  uart_unit/din01_reg[2]/Q
                         net (fo=1, routed)           0.111     1.700    myLut1/Q[2]
    RAMB36_X1Y11         RAMB36E1                                     r  myLut1/ram_reg_0/DIADI[2]
  -------------------------------------------------------------------    -------------------

                         (clock sys_clk_pin rise edge)
                                                      0.000     0.000 r  
    W5                                                0.000     0.000 r  CLK (IN)
                         net (fo=0)                   0.000     0.000    CLK
    W5                   IBUF (Prop_ibuf_I_O)         0.414     0.414 r  CLK_IBUF_inst/O
                         net (fo=1, routed)           0.685     1.099    CLK_IBUF
    BUFGCTRL_X0Y0        BUFG (Prop_bufg_I_O)         0.029     1.128 r  CLK_IBUF_BUFG_inst/O
                         net (fo=2164, routed)        0.875     2.003    myLut1/CLK_IBUF_BUFG
    RAMB36_X1Y11         RAMB36E1                                     r  myLut1/ram_reg_0/CLKARDCLK
                         clock pessimism             -0.498     1.505    
    RAMB36_X1Y11         RAMB36E1 (Hold_ramb36e1_CLKARDCLK_DIADI[2])
                                                      0.155     1.660    myLut1/ram_reg_0
  -------------------------------------------------------------------
                         required time                         -1.660    
                         arrival time                           1.700    
  -------------------------------------------------------------------
                         slack                                  0.040    

Slack (MET) :             0.073ns  (arrival time - required time)
  Source:                 uart_unit/din01_reg[0]/C
                            (rising edge-triggered cell FDRE clocked by sys_clk_pin  {rise@0.000ns fall@5.000ns period=10.000ns})
  Destination:            myLut1/ram_reg_0/DIADI[0]
                            (rising edge-triggered cell RAMB36E1 clocked by sys_clk_pin  {rise@0.000ns fall@5.000ns period=10.000ns})
  Path Group:             sys_clk_pin
  Path Type:              Hold (Min at Fast Process Corner)
  Requirement:            0.000ns  (sys_clk_pin rise@0.000ns - sys_clk_pin rise@0.000ns)
  Data Path Delay:        0.286ns  (logic 0.141ns (49.361%)  route 0.145ns (50.639%))
  Logic Levels:           0  
  Clock Path Skew:        0.057ns (DCD - SCD - CPR)
    Destination Clock Delay (DCD):    2.003ns
    Source Clock Delay      (SCD):    1.447ns
    Clock Pessimism Removal (CPR):    0.498ns

    Location             Delay type                Incr(ns)  Path(ns)    Netlist Resource(s)
  -------------------------------------------------------------------    -------------------
                         (clock sys_clk_pin rise edge)
                                                      0.000     0.000 r  
    W5                                                0.000     0.000 r  CLK (IN)
                         net (fo=0)                   0.000     0.000    CLK
    W5                   IBUF (Prop_ibuf_I_O)         0.226     0.226 r  CLK_IBUF_inst/O
                         net (fo=1, routed)           0.631     0.858    CLK_IBUF
    BUFGCTRL_X0Y0        BUFG (Prop_bufg_I_O)         0.026     0.884 r  CLK_IBUF_BUFG_inst/O
                         net (fo=2164, routed)        0.564     1.447    uart_unit/CLK_IBUF_BUFG
    SLICE_X49Y56         FDRE                                         r  uart_unit/din01_reg[0]/C
  -------------------------------------------------------------------    -------------------
    SLICE_X49Y56         FDRE (Prop_fdre_C_Q)         0.141     1.588 r  uart_unit/din01_reg[0]/Q
                         net (fo=1, routed)           0.145     1.733    myLut1/Q[0]
    RAMB36_X1Y11         RAMB36E1                                     r  myLut1/ram_reg_0/DIADI[0]
  -------------------------------------------------------------------    -------------------

                         (clock sys_clk_pin rise edge)
                                                      0.000     0.000 r  
    W5                                                0.000     0.000 r  CLK (IN)
                         net (fo=0)                   0.000     0.000    CLK
    W5                   IBUF (Prop_ibuf_I_O)         0.414     0.414 r  CLK_IBUF_inst/O
                         net (fo=1, routed)           0.685     1.099    CLK_IBUF
    BUFGCTRL_X0Y0        BUFG (Prop_bufg_I_O)         0.029     1.128 r  CLK_IBUF_BUFG_inst/O
                         net (fo=2164, routed)        0.875     2.003    myLut1/CLK_IBUF_BUFG
    RAMB36_X1Y11         RAMB36E1                                     r  myLut1/ram_reg_0/CLKARDCLK
                         clock pessimism             -0.498     1.505    
    RAMB36_X1Y11         RAMB36E1 (Hold_ramb36e1_CLKARDCLK_DIADI[0])
                                                      0.155     1.660    myLut1/ram_reg_0
  -------------------------------------------------------------------
                         required time                         -1.660    
                         arrival time                           1.733    
  -------------------------------------------------------------------
                         slack                                  0.073    

Slack (MET) :             0.078ns  (arrival time - required time)
  Source:                 uart_unit/din01_reg[10]/C
                            (rising edge-triggered cell FDRE clocked by sys_clk_pin  {rise@0.000ns fall@5.000ns period=10.000ns})
  Destination:            myLut1/ram_reg_1/DIADI[1]
                            (rising edge-triggered cell RAMB36E1 clocked by sys_clk_pin  {rise@0.000ns fall@5.000ns period=10.000ns})
  Path Group:             sys_clk_pin
  Path Type:              Hold (Min at Fast Process Corner)
  Requirement:            0.000ns  (sys_clk_pin rise@0.000ns - sys_clk_pin rise@0.000ns)
  Data Path Delay:        0.288ns  (logic 0.141ns (48.879%)  route 0.147ns (51.121%))
  Logic Levels:           0  
  Clock Path Skew:        0.055ns (DCD - SCD - CPR)
    Destination Clock Delay (DCD):    1.999ns
    Source Clock Delay      (SCD):    1.445ns
    Clock Pessimism Removal (CPR):    0.498ns

    Location             Delay type                Incr(ns)  Path(ns)    Netlist Resource(s)
  -------------------------------------------------------------------    -------------------
                         (clock sys_clk_pin rise edge)
                                                      0.000     0.000 r  
    W5                                                0.000     0.000 r  CLK (IN)
                         net (fo=0)                   0.000     0.000    CLK
    W5                   IBUF (Prop_ibuf_I_O)         0.226     0.226 r  CLK_IBUF_inst/O
                         net (fo=1, routed)           0.631     0.858    CLK_IBUF
    BUFGCTRL_X0Y0        BUFG (Prop_bufg_I_O)         0.026     0.884 r  CLK_IBUF_BUFG_inst/O
                         net (fo=2164, routed)        0.562     1.445    uart_unit/CLK_IBUF_BUFG
    SLICE_X48Y60         FDRE                                         r  uart_unit/din01_reg[10]/C
  -------------------------------------------------------------------    -------------------
    SLICE_X48Y60         FDRE (Prop_fdre_C_Q)         0.141     1.586 r  uart_unit/din01_reg[10]/Q
                         net (fo=1, routed)           0.147     1.734    myLut1/Q[10]
    RAMB36_X1Y12         RAMB36E1                                     r  myLut1/ram_reg_1/DIADI[1]
  -------------------------------------------------------------------    -------------------

                         (clock sys_clk_pin rise edge)
                                                      0.000     0.000 r  
    W5                                                0.000     0.000 r  CLK (IN)
                         net (fo=0)                   0.000     0.000    CLK
    W5                   IBUF (Prop_ibuf_I_O)         0.414     0.414 r  CLK_IBUF_inst/O
                         net (fo=1, routed)           0.685     1.099    CLK_IBUF
    BUFGCTRL_X0Y0        BUFG (Prop_bufg_I_O)         0.029     1.128 r  CLK_IBUF_BUFG_inst/O
                         net (fo=2164, routed)        0.871     1.999    myLut1/CLK_IBUF_BUFG
    RAMB36_X1Y12         RAMB36E1                                     r  myLut1/ram_reg_1/CLKARDCLK
                         clock pessimism             -0.498     1.501    
    RAMB36_X1Y12         RAMB36E1 (Hold_ramb36e1_CLKARDCLK_DIADI[1])
                                                      0.155     1.656    myLut1/ram_reg_1
  -------------------------------------------------------------------
                         required time                         -1.656    
                         arrival time                           1.734    
  -------------------------------------------------------------------
                         slack                                  0.078    

Slack (MET) :             0.078ns  (arrival time - required time)
  Source:                 uart_unit/din01_reg[7]/C
                            (rising edge-triggered cell FDRE clocked by sys_clk_pin  {rise@0.000ns fall@5.000ns period=10.000ns})
  Destination:            myLut1/ram_reg_0/DIADI[7]
                            (rising edge-triggered cell RAMB36E1 clocked by sys_clk_pin  {rise@0.000ns fall@5.000ns period=10.000ns})
  Path Group:             sys_clk_pin
  Path Type:              Hold (Min at Fast Process Corner)
  Requirement:            0.000ns  (sys_clk_pin rise@0.000ns - sys_clk_pin rise@0.000ns)
  Data Path Delay:        0.238ns  (logic 0.128ns (53.853%)  route 0.110ns (46.147%))
  Logic Levels:           0  
  Clock Path Skew:        0.058ns (DCD - SCD - CPR)
    Destination Clock Delay (DCD):    2.003ns
    Source Clock Delay      (SCD):    1.446ns
    Clock Pessimism Removal (CPR):    0.498ns

    Location             Delay type                Incr(ns)  Path(ns)    Netlist Resource(s)
  -------------------------------------------------------------------    -------------------
                         (clock sys_clk_pin rise edge)
                                                      0.000     0.000 r  
    W5                                                0.000     0.000 r  CLK (IN)
                         net (fo=0)                   0.000     0.000    CLK
    W5                   IBUF (Prop_ibuf_I_O)         0.226     0.226 r  CLK_IBUF_inst/O
                         net (fo=1, routed)           0.631     0.858    CLK_IBUF
    BUFGCTRL_X0Y0        BUFG (Prop_bufg_I_O)         0.026     0.884 r  CLK_IBUF_BUFG_inst/O
                         net (fo=2164, routed)        0.563     1.446    uart_unit/CLK_IBUF_BUFG
    SLICE_X49Y59         FDRE                                         r  uart_unit/din01_reg[7]/C
  -------------------------------------------------------------------    -------------------
    SLICE_X49Y59         FDRE (Prop_fdre_C_Q)         0.128     1.574 r  uart_unit/din01_reg[7]/Q
                         net (fo=1, routed)           0.110     1.684    myLut1/Q[7]
    RAMB36_X1Y11         RAMB36E1                                     r  myLut1/ram_reg_0/DIADI[7]
  -------------------------------------------------------------------    -------------------

                         (clock sys_clk_pin rise edge)
                                                      0.000     0.000 r  
    W5                                                0.000     0.000 r  CLK (IN)
                         net (fo=0)                   0.000     0.000    CLK
    W5                   IBUF (Prop_ibuf_I_O)         0.414     0.414 r  CLK_IBUF_inst/O
                         net (fo=1, routed)           0.685     1.099    CLK_IBUF
    BUFGCTRL_X0Y0        BUFG (Prop_bufg_I_O)         0.029     1.128 r  CLK_IBUF_BUFG_inst/O
                         net (fo=2164, routed)        0.875     2.003    myLut1/CLK_IBUF_BUFG
    RAMB36_X1Y11         RAMB36E1                                     r  myLut1/ram_reg_0/CLKARDCLK
                         clock pessimism             -0.498     1.505    
    RAMB36_X1Y11         RAMB36E1 (Hold_ramb36e1_CLKARDCLK_DIADI[7])
                                                      0.101     1.606    myLut1/ram_reg_0
  -------------------------------------------------------------------
                         required time                         -1.606    
                         arrival time                           1.684    
  -------------------------------------------------------------------
                         slack                                  0.078    

Slack (MET) :             0.081ns  (arrival time - required time)
  Source:                 uart_unit/din01_reg[8]/C
                            (rising edge-triggered cell FDRE clocked by sys_clk_pin  {rise@0.000ns fall@5.000ns period=10.000ns})
  Destination:            myLut1/ram_reg_0/DIPADIP[0]
                            (rising edge-triggered cell RAMB36E1 clocked by sys_clk_pin  {rise@0.000ns fall@5.000ns period=10.000ns})
  Path Group:             sys_clk_pin
  Path Type:              Hold (Min at Fast Process Corner)
  Requirement:            0.000ns  (sys_clk_pin rise@0.000ns - sys_clk_pin rise@0.000ns)
  Data Path Delay:        0.294ns  (logic 0.141ns (47.922%)  route 0.153ns (52.078%))
  Logic Levels:           0  
  Clock Path Skew:        0.058ns (DCD - SCD - CPR)
    Destination Clock Delay (DCD):    2.003ns
    Source Clock Delay      (SCD):    1.446ns
    Clock Pessimism Removal (CPR):    0.498ns

    Location             Delay type                Incr(ns)  Path(ns)    Netlist Resource(s)
  -------------------------------------------------------------------    -------------------
                         (clock sys_clk_pin rise edge)
                                                      0.000     0.000 r  
    W5                                                0.000     0.000 r  CLK (IN)
                         net (fo=0)                   0.000     0.000    CLK
    W5                   IBUF (Prop_ibuf_I_O)         0.226     0.226 r  CLK_IBUF_inst/O
                         net (fo=1, routed)           0.631     0.858    CLK_IBUF
    BUFGCTRL_X0Y0        BUFG (Prop_bufg_I_O)         0.026     0.884 r  CLK_IBUF_BUFG_inst/O
                         net (fo=2164, routed)        0.563     1.446    uart_unit/CLK_IBUF_BUFG
    SLICE_X48Y57         FDRE                                         r  uart_unit/din01_reg[8]/C
  -------------------------------------------------------------------    -------------------
    SLICE_X48Y57         FDRE (Prop_fdre_C_Q)         0.141     1.587 r  uart_unit/din01_reg[8]/Q
                         net (fo=1, routed)           0.153     1.740    myLut1/Q[8]
    RAMB36_X1Y11         RAMB36E1                                     r  myLut1/ram_reg_0/DIPADIP[0]
  -------------------------------------------------------------------    -------------------

                         (clock sys_clk_pin rise edge)
                                                      0.000     0.000 r  
    W5                                                0.000     0.000 r  CLK (IN)
                         net (fo=0)                   0.000     0.000    CLK
    W5                   IBUF (Prop_ibuf_I_O)         0.414     0.414 r  CLK_IBUF_inst/O
                         net (fo=1, routed)           0.685     1.099    CLK_IBUF
    BUFGCTRL_X0Y0        BUFG (Prop_bufg_I_O)         0.029     1.128 r  CLK_IBUF_BUFG_inst/O
                         net (fo=2164, routed)        0.875     2.003    myLut1/CLK_IBUF_BUFG
    RAMB36_X1Y11         RAMB36E1                                     r  myLut1/ram_reg_0/CLKARDCLK
                         clock pessimism             -0.498     1.505    
    RAMB36_X1Y11         RAMB36E1 (Hold_ramb36e1_CLKARDCLK_DIPADIP[0])
                                                      0.155     1.660    myLut1/ram_reg_0
  -------------------------------------------------------------------
                         required time                         -1.660    
                         arrival time                           1.740    
  -------------------------------------------------------------------
                         slack                                  0.081    

Slack (MET) :             0.089ns  (arrival time - required time)
  Source:                 uart_unit/din01_reg[5]/C
                            (rising edge-triggered cell FDRE clocked by sys_clk_pin  {rise@0.000ns fall@5.000ns period=10.000ns})
  Destination:            myLut1/ram_reg_0/DIADI[5]
                            (rising edge-triggered cell RAMB36E1 clocked by sys_clk_pin  {rise@0.000ns fall@5.000ns period=10.000ns})
  Path Group:             sys_clk_pin
  Path Type:              Hold (Min at Fast Process Corner)
  Requirement:            0.000ns  (sys_clk_pin rise@0.000ns - sys_clk_pin rise@0.000ns)
  Data Path Delay:        0.303ns  (logic 0.141ns (46.570%)  route 0.162ns (53.431%))
  Logic Levels:           0  
  Clock Path Skew:        0.058ns (DCD - SCD - CPR)
    Destination Clock Delay (DCD):    2.003ns
    Source Clock Delay      (SCD):    1.446ns
    Clock Pessimism Removal (CPR):    0.498ns

    Location             Delay type                Incr(ns)  Path(ns)    Netlist Resource(s)
  -------------------------------------------------------------------    -------------------
                         (clock sys_clk_pin rise edge)
                                                      0.000     0.000 r  
    W5                                                0.000     0.000 r  CLK (IN)
                         net (fo=0)                   0.000     0.000    CLK
    W5                   IBUF (Prop_ibuf_I_O)         0.226     0.226 r  CLK_IBUF_inst/O
                         net (fo=1, routed)           0.631     0.858    CLK_IBUF
    BUFGCTRL_X0Y0        BUFG (Prop_bufg_I_O)         0.026     0.884 r  CLK_IBUF_BUFG_inst/O
                         net (fo=2164, routed)        0.563     1.446    uart_unit/CLK_IBUF_BUFG
    SLICE_X48Y58         FDRE                                         r  uart_unit/din01_reg[5]/C
  -------------------------------------------------------------------    -------------------
    SLICE_X48Y58         FDRE (Prop_fdre_C_Q)         0.141     1.587 r  uart_unit/din01_reg[5]/Q
                         net (fo=1, routed)           0.162     1.749    myLut1/Q[5]
    RAMB36_X1Y11         RAMB36E1                                     r  myLut1/ram_reg_0/DIADI[5]
  -------------------------------------------------------------------    -------------------

                         (clock sys_clk_pin rise edge)
                                                      0.000     0.000 r  
    W5                                                0.000     0.000 r  CLK (IN)
                         net (fo=0)                   0.000     0.000    CLK
    W5                   IBUF (Prop_ibuf_I_O)         0.414     0.414 r  CLK_IBUF_inst/O
                         net (fo=1, routed)           0.685     1.099    CLK_IBUF
    BUFGCTRL_X0Y0        BUFG (Prop_bufg_I_O)         0.029     1.128 r  CLK_IBUF_BUFG_inst/O
                         net (fo=2164, routed)        0.875     2.003    myLut1/CLK_IBUF_BUFG
    RAMB36_X1Y11         RAMB36E1                                     r  myLut1/ram_reg_0/CLKARDCLK
                         clock pessimism             -0.498     1.505    
    RAMB36_X1Y11         RAMB36E1 (Hold_ramb36e1_CLKARDCLK_DIADI[5])
                                                      0.155     1.660    myLut1/ram_reg_0
  -------------------------------------------------------------------
                         required time                         -1.660    
                         arrival time                           1.749    
  -------------------------------------------------------------------
                         slack                                  0.089    





Pulse Width Checks
--------------------------------------------------------------------------------------
Clock Name:         sys_clk_pin
Waveform(ns):       { 0.000 5.000 }
Period(ns):         10.000
Sources:            { CLK }

Check Type        Corner  Lib Pin             Reference Pin  Required(ns)  Actual(ns)  Slack(ns)  Location      Pin
Min Period        n/a     XADC/DCLK           n/a            4.000         10.000      6.000      XADC_X0Y0     my_adc/U0/DCLK
Min Period        n/a     RAMB36E1/CLKARDCLK  n/a            2.892         10.000      7.108      RAMB36_X2Y9   myBuf/ram_reg_0_0/CLKARDCLK
Min Period        n/a     RAMB36E1/CLKARDCLK  n/a            2.892         10.000      7.108      RAMB36_X0Y6   myBuf/ram_reg_0_1/CLKARDCLK
Min Period        n/a     RAMB36E1/CLKARDCLK  n/a            2.892         10.000      7.108      RAMB36_X1Y15  myBuf/ram_reg_0_10/CLKARDCLK
Min Period        n/a     RAMB36E1/CLKARDCLK  n/a            2.892         10.000      7.108      RAMB36_X1Y13  myBuf/ram_reg_0_11/CLKARDCLK
Min Period        n/a     RAMB36E1/CLKARDCLK  n/a            2.892         10.000      7.108      RAMB36_X2Y15  myBuf/ram_reg_0_12/CLKARDCLK
Min Period        n/a     RAMB36E1/CLKARDCLK  n/a            2.892         10.000      7.108      RAMB36_X0Y8   myBuf/ram_reg_0_13/CLKARDCLK
Min Period        n/a     RAMB36E1/CLKARDCLK  n/a            2.892         10.000      7.108      RAMB36_X2Y17  myBuf/ram_reg_0_14/CLKARDCLK
Min Period        n/a     RAMB36E1/CLKARDCLK  n/a            2.892         10.000      7.108      RAMB36_X0Y14  myBuf/ram_reg_0_15/CLKARDCLK
Min Period        n/a     RAMB36E1/CLKARDCLK  n/a            2.892         10.000      7.108      RAMB36_X1Y17  myBuf/ram_reg_0_2/CLKARDCLK
Low Pulse Width   Slow    FDCE/C              n/a            0.500         5.000       4.500      SLICE_X32Y68  Inst_sevensegDH/count24_reg[10]/C
Low Pulse Width   Slow    FDCE/C              n/a            0.500         5.000       4.500      SLICE_X32Y68  Inst_sevensegDH/count24_reg[11]/C
Low Pulse Width   Slow    FDCE/C              n/a            0.500         5.000       4.500      SLICE_X32Y69  Inst_sevensegDH/count24_reg[12]/C
Low Pulse Width   Slow    FDCE/C              n/a            0.500         5.000       4.500      SLICE_X32Y69  Inst_sevensegDH/count24_reg[13]/C
Low Pulse Width   Slow    FDCE/C              n/a            0.500         5.000       4.500      SLICE_X32Y69  Inst_sevensegDH/count24_reg[14]/C
Low Pulse Width   Slow    FDCE/C              n/a            0.500         5.000       4.500      SLICE_X32Y68  Inst_sevensegDH/count24_reg[8]/C
Low Pulse Width   Slow    FDCE/C              n/a            0.500         5.000       4.500      SLICE_X32Y68  Inst_sevensegDH/count24_reg[9]/C
Low Pulse Width   Slow    FDRE/C              n/a            0.500         5.000       4.500      SLICE_X28Y41  Int_Pmod_DA2_unit/cnt_reg[1]/C
Low Pulse Width   Slow    FDRE/C              n/a            0.500         5.000       4.500      SLICE_X28Y41  Int_Pmod_DA2_unit/cnt_reg[2]/C
Low Pulse Width   Slow    FDRE/C              n/a            0.500         5.000       4.500      SLICE_X29Y41  Int_Pmod_DA2_unit/cnt_reg[4]/C
High Pulse Width  Slow    FDCE/C              n/a            0.500         5.000       4.500      SLICE_X32Y66  Inst_sevensegDH/count24_reg[0]/C
High Pulse Width  Slow    FDCE/C              n/a            0.500         5.000       4.500      SLICE_X32Y66  Inst_sevensegDH/count24_reg[1]/C
High Pulse Width  Slow    FDCE/C              n/a            0.500         5.000       4.500      SLICE_X32Y66  Inst_sevensegDH/count24_reg[2]/C
High Pulse Width  Slow    FDCE/C              n/a            0.500         5.000       4.500      SLICE_X32Y66  Inst_sevensegDH/count24_reg[3]/C
High Pulse Width  Slow    FDCE/C              n/a            0.500         5.000       4.500      SLICE_X32Y67  Inst_sevensegDH/count24_reg[4]/C
High Pulse Width  Fast    FDCE/C              n/a            0.500         5.000       4.500      SLICE_X32Y67  Inst_sevensegDH/count24_reg[4]/C
High Pulse Width  Slow    FDCE/C              n/a            0.500         5.000       4.500      SLICE_X32Y67  Inst_sevensegDH/count24_reg[5]/C
High Pulse Width  Fast    FDCE/C              n/a            0.500         5.000       4.500      SLICE_X32Y67  Inst_sevensegDH/count24_reg[5]/C
High Pulse Width  Slow    FDCE/C              n/a            0.500         5.000       4.500      SLICE_X32Y67  Inst_sevensegDH/count24_reg[6]/C
High Pulse Width  Fast    FDCE/C              n/a            0.500         5.000       4.500      SLICE_X32Y67  Inst_sevensegDH/count24_reg[6]/C



---------------------------------------------------------------------------------------------------
Path Group:  **async_default**
From Clock:  sys_clk_pin
  To Clock:  sys_clk_pin

Setup :            0  Failing Endpoints,  Worst Slack        2.483ns,  Total Violation        0.000ns
Hold  :            0  Failing Endpoints,  Worst Slack        0.422ns,  Total Violation        0.000ns
---------------------------------------------------------------------------------------------------


Max Delay Paths
--------------------------------------------------------------------------------------
Slack (MET) :             2.483ns  (required time - arrival time)
  Source:                 uart_unit/rx_mem_reg[14]/C
                            (rising edge-triggered cell FDCE clocked by sys_clk_pin  {rise@0.000ns fall@5.000ns period=10.000ns})
  Destination:            sine_unit/step_Re_reg[27]_replica/CLR
                            (recovery check against rising-edge clock sys_clk_pin  {rise@0.000ns fall@5.000ns period=10.000ns})
  Path Group:             **async_default**
  Path Type:              Recovery (Max at Slow Process Corner)
  Requirement:            10.000ns  (sys_clk_pin rise@10.000ns - sys_clk_pin rise@0.000ns)
  Data Path Delay:        6.971ns  (logic 0.580ns (8.320%)  route 6.391ns (91.680%))
  Logic Levels:           1  (LUT2=1)
  Clock Path Skew:        -0.106ns (DCD - SCD + CPR)
    Destination Clock Delay (DCD):    4.793ns = ( 14.793 - 10.000 ) 
    Source Clock Delay      (SCD):    5.087ns
    Clock Pessimism Removal (CPR):    0.188ns
  Clock Uncertainty:      0.035ns  ((TSJ^2 + TIJ^2)^1/2 + DJ) / 2 + PE
    Total System Jitter     (TSJ):    0.071ns
    Total Input Jitter      (TIJ):    0.000ns
    Discrete Jitter          (DJ):    0.000ns
    Phase Error              (PE):    0.000ns

    Location             Delay type                Incr(ns)  Path(ns)    Netlist Resource(s)
  -------------------------------------------------------------------    -------------------
                         (clock sys_clk_pin rise edge)
                                                      0.000     0.000 r  
    W5                                                0.000     0.000 r  CLK (IN)
                         net (fo=0)                   0.000     0.000    CLK
    W5                   IBUF (Prop_ibuf_I_O)         1.458     1.458 r  CLK_IBUF_inst/O
                         net (fo=1, routed)           1.967     3.425    CLK_IBUF
    BUFGCTRL_X0Y0        BUFG (Prop_bufg_I_O)         0.096     3.521 r  CLK_IBUF_BUFG_inst/O
                         net (fo=2164, routed)        1.566     5.087    uart_unit/CLK_IBUF_BUFG
    SLICE_X32Y48         FDCE                                         r  uart_unit/rx_mem_reg[14]/C
  -------------------------------------------------------------------    -------------------
    SLICE_X32Y48         FDCE (Prop_fdce_C_Q)         0.456     5.543 f  uart_unit/rx_mem_reg[14]/Q
                         net (fo=86, routed)          1.402     6.945    uart_unit/rx_mem[14]
    SLICE_X36Y56         LUT2 (Prop_lut2_I1_O)        0.124     7.069 f  uart_unit/r_reg[19]_i_3/O
                         net (fo=913, routed)         4.989    12.058    sine_unit/reset
    SLICE_X55Y44         FDCE                                         f  sine_unit/step_Re_reg[27]_replica/CLR
  -------------------------------------------------------------------    -------------------

                         (clock sys_clk_pin rise edge)
                                                     10.000    10.000 r  
    W5                                                0.000    10.000 r  CLK (IN)
                         net (fo=0)                   0.000    10.000    CLK
    W5                   IBUF (Prop_ibuf_I_O)         1.388    11.388 r  CLK_IBUF_inst/O
                         net (fo=1, routed)           1.862    13.250    CLK_IBUF
    BUFGCTRL_X0Y0        BUFG (Prop_bufg_I_O)         0.091    13.341 r  CLK_IBUF_BUFG_inst/O
                         net (fo=2164, routed)        1.452    14.793    sine_unit/CLK_IBUF_BUFG
    SLICE_X55Y44         FDCE                                         r  sine_unit/step_Re_reg[27]_replica/C
                         clock pessimism              0.188    14.981    
                         clock uncertainty           -0.035    14.946    
    SLICE_X55Y44         FDCE (Recov_fdce_C_CLR)     -0.405    14.541    sine_unit/step_Re_reg[27]_replica
  -------------------------------------------------------------------
                         required time                         14.541    
                         arrival time                         -12.058    
  -------------------------------------------------------------------
                         slack                                  2.483    

Slack (MET) :             2.817ns  (required time - arrival time)
  Source:                 uart_unit/rx_mem_reg[14]/C
                            (rising edge-triggered cell FDCE clocked by sys_clk_pin  {rise@0.000ns fall@5.000ns period=10.000ns})
  Destination:            sine_unit/curr_Re_reg[24]_replica_1/CLR
                            (recovery check against rising-edge clock sys_clk_pin  {rise@0.000ns fall@5.000ns period=10.000ns})
  Path Group:             **async_default**
  Path Type:              Recovery (Max at Slow Process Corner)
  Requirement:            10.000ns  (sys_clk_pin rise@10.000ns - sys_clk_pin rise@0.000ns)
  Data Path Delay:        6.617ns  (logic 0.580ns (8.765%)  route 6.037ns (91.235%))
  Logic Levels:           1  (LUT2=1)
  Clock Path Skew:        -0.126ns (DCD - SCD + CPR)
    Destination Clock Delay (DCD):    4.782ns = ( 14.782 - 10.000 ) 
    Source Clock Delay      (SCD):    5.087ns
    Clock Pessimism Removal (CPR):    0.180ns
  Clock Uncertainty:      0.035ns  ((TSJ^2 + TIJ^2)^1/2 + DJ) / 2 + PE
    Total System Jitter     (TSJ):    0.071ns
    Total Input Jitter      (TIJ):    0.000ns
    Discrete Jitter          (DJ):    0.000ns
    Phase Error              (PE):    0.000ns

    Location             Delay type                Incr(ns)  Path(ns)    Netlist Resource(s)
  -------------------------------------------------------------------    -------------------
                         (clock sys_clk_pin rise edge)
                                                      0.000     0.000 r  
    W5                                                0.000     0.000 r  CLK (IN)
                         net (fo=0)                   0.000     0.000    CLK
    W5                   IBUF (Prop_ibuf_I_O)         1.458     1.458 r  CLK_IBUF_inst/O
                         net (fo=1, routed)           1.967     3.425    CLK_IBUF
    BUFGCTRL_X0Y0        BUFG (Prop_bufg_I_O)         0.096     3.521 r  CLK_IBUF_BUFG_inst/O
                         net (fo=2164, routed)        1.566     5.087    uart_unit/CLK_IBUF_BUFG
    SLICE_X32Y48         FDCE                                         r  uart_unit/rx_mem_reg[14]/C
  -------------------------------------------------------------------    -------------------
    SLICE_X32Y48         FDCE (Prop_fdce_C_Q)         0.456     5.543 f  uart_unit/rx_mem_reg[14]/Q
                         net (fo=86, routed)          1.402     6.945    uart_unit/rx_mem[14]
    SLICE_X36Y56         LUT2 (Prop_lut2_I1_O)        0.124     7.069 f  uart_unit/r_reg[19]_i_3/O
                         net (fo=913, routed)         4.635    11.704    sine_unit/reset
    SLICE_X13Y52         FDCE                                         f  sine_unit/curr_Re_reg[24]_replica_1/CLR
  -------------------------------------------------------------------    -------------------

                         (clock sys_clk_pin rise edge)
                                                     10.000    10.000 r  
    W5                                                0.000    10.000 r  CLK (IN)
                         net (fo=0)                   0.000    10.000    CLK
    W5                   IBUF (Prop_ibuf_I_O)         1.388    11.388 r  CLK_IBUF_inst/O
                         net (fo=1, routed)           1.862    13.250    CLK_IBUF
    BUFGCTRL_X0Y0        BUFG (Prop_bufg_I_O)         0.091    13.341 r  CLK_IBUF_BUFG_inst/O
                         net (fo=2164, routed)        1.441    14.782    sine_unit/CLK_IBUF_BUFG
    SLICE_X13Y52         FDCE                                         r  sine_unit/curr_Re_reg[24]_replica_1/C
                         clock pessimism              0.180    14.962    
                         clock uncertainty           -0.035    14.926    
    SLICE_X13Y52         FDCE (Recov_fdce_C_CLR)     -0.405    14.521    sine_unit/curr_Re_reg[24]_replica_1
  -------------------------------------------------------------------
                         required time                         14.521    
                         arrival time                         -11.704    
  -------------------------------------------------------------------
                         slack                                  2.817    

Slack (MET) :             2.817ns  (required time - arrival time)
  Source:                 uart_unit/rx_mem_reg[14]/C
                            (rising edge-triggered cell FDCE clocked by sys_clk_pin  {rise@0.000ns fall@5.000ns period=10.000ns})
  Destination:            sine_unit/curr_Re_reg[27]_replica_1/CLR
                            (recovery check against rising-edge clock sys_clk_pin  {rise@0.000ns fall@5.000ns period=10.000ns})
  Path Group:             **async_default**
  Path Type:              Recovery (Max at Slow Process Corner)
  Requirement:            10.000ns  (sys_clk_pin rise@10.000ns - sys_clk_pin rise@0.000ns)
  Data Path Delay:        6.617ns  (logic 0.580ns (8.765%)  route 6.037ns (91.235%))
  Logic Levels:           1  (LUT2=1)
  Clock Path Skew:        -0.126ns (DCD - SCD + CPR)
    Destination Clock Delay (DCD):    4.782ns = ( 14.782 - 10.000 ) 
    Source Clock Delay      (SCD):    5.087ns
    Clock Pessimism Removal (CPR):    0.180ns
  Clock Uncertainty:      0.035ns  ((TSJ^2 + TIJ^2)^1/2 + DJ) / 2 + PE
    Total System Jitter     (TSJ):    0.071ns
    Total Input Jitter      (TIJ):    0.000ns
    Discrete Jitter          (DJ):    0.000ns
    Phase Error              (PE):    0.000ns

    Location             Delay type                Incr(ns)  Path(ns)    Netlist Resource(s)
  -------------------------------------------------------------------    -------------------
                         (clock sys_clk_pin rise edge)
                                                      0.000     0.000 r  
    W5                                                0.000     0.000 r  CLK (IN)
                         net (fo=0)                   0.000     0.000    CLK
    W5                   IBUF (Prop_ibuf_I_O)         1.458     1.458 r  CLK_IBUF_inst/O
                         net (fo=1, routed)           1.967     3.425    CLK_IBUF
    BUFGCTRL_X0Y0        BUFG (Prop_bufg_I_O)         0.096     3.521 r  CLK_IBUF_BUFG_inst/O
                         net (fo=2164, routed)        1.566     5.087    uart_unit/CLK_IBUF_BUFG
    SLICE_X32Y48         FDCE                                         r  uart_unit/rx_mem_reg[14]/C
  -------------------------------------------------------------------    -------------------
    SLICE_X32Y48         FDCE (Prop_fdce_C_Q)         0.456     5.543 f  uart_unit/rx_mem_reg[14]/Q
                         net (fo=86, routed)          1.402     6.945    uart_unit/rx_mem[14]
    SLICE_X36Y56         LUT2 (Prop_lut2_I1_O)        0.124     7.069 f  uart_unit/r_reg[19]_i_3/O
                         net (fo=913, routed)         4.635    11.704    sine_unit/reset
    SLICE_X13Y52         FDCE                                         f  sine_unit/curr_Re_reg[27]_replica_1/CLR
  -------------------------------------------------------------------    -------------------

                         (clock sys_clk_pin rise edge)
                                                     10.000    10.000 r  
    W5                                                0.000    10.000 r  CLK (IN)
                         net (fo=0)                   0.000    10.000    CLK
    W5                   IBUF (Prop_ibuf_I_O)         1.388    11.388 r  CLK_IBUF_inst/O
                         net (fo=1, routed)           1.862    13.250    CLK_IBUF
    BUFGCTRL_X0Y0        BUFG (Prop_bufg_I_O)         0.091    13.341 r  CLK_IBUF_BUFG_inst/O
                         net (fo=2164, routed)        1.441    14.782    sine_unit/CLK_IBUF_BUFG
    SLICE_X13Y52         FDCE                                         r  sine_unit/curr_Re_reg[27]_replica_1/C
                         clock pessimism              0.180    14.962    
                         clock uncertainty           -0.035    14.926    
    SLICE_X13Y52         FDCE (Recov_fdce_C_CLR)     -0.405    14.521    sine_unit/curr_Re_reg[27]_replica_1
  -------------------------------------------------------------------
                         required time                         14.521    
                         arrival time                         -11.704    
  -------------------------------------------------------------------
                         slack                                  2.817    

Slack (MET) :             2.821ns  (required time - arrival time)
  Source:                 uart_unit/rx_mem_reg[14]/C
                            (rising edge-triggered cell FDCE clocked by sys_clk_pin  {rise@0.000ns fall@5.000ns period=10.000ns})
  Destination:            sine_unit/step_Re_reg[23]_replica_1/CLR
                            (recovery check against rising-edge clock sys_clk_pin  {rise@0.000ns fall@5.000ns period=10.000ns})
  Path Group:             **async_default**
  Path Type:              Recovery (Max at Slow Process Corner)
  Requirement:            10.000ns  (sys_clk_pin rise@10.000ns - sys_clk_pin rise@0.000ns)
  Data Path Delay:        6.633ns  (logic 0.580ns (8.745%)  route 6.053ns (91.255%))
  Logic Levels:           1  (LUT2=1)
  Clock Path Skew:        -0.106ns (DCD - SCD + CPR)
    Destination Clock Delay (DCD):    4.793ns = ( 14.793 - 10.000 ) 
    Source Clock Delay      (SCD):    5.087ns
    Clock Pessimism Removal (CPR):    0.188ns
  Clock Uncertainty:      0.035ns  ((TSJ^2 + TIJ^2)^1/2 + DJ) / 2 + PE
    Total System Jitter     (TSJ):    0.071ns
    Total Input Jitter      (TIJ):    0.000ns
    Discrete Jitter          (DJ):    0.000ns
    Phase Error              (PE):    0.000ns

    Location             Delay type                Incr(ns)  Path(ns)    Netlist Resource(s)
  -------------------------------------------------------------------    -------------------
                         (clock sys_clk_pin rise edge)
                                                      0.000     0.000 r  
    W5                                                0.000     0.000 r  CLK (IN)
                         net (fo=0)                   0.000     0.000    CLK
    W5                   IBUF (Prop_ibuf_I_O)         1.458     1.458 r  CLK_IBUF_inst/O
                         net (fo=1, routed)           1.967     3.425    CLK_IBUF
    BUFGCTRL_X0Y0        BUFG (Prop_bufg_I_O)         0.096     3.521 r  CLK_IBUF_BUFG_inst/O
                         net (fo=2164, routed)        1.566     5.087    uart_unit/CLK_IBUF_BUFG
    SLICE_X32Y48         FDCE                                         r  uart_unit/rx_mem_reg[14]/C
  -------------------------------------------------------------------    -------------------
    SLICE_X32Y48         FDCE (Prop_fdce_C_Q)         0.456     5.543 f  uart_unit/rx_mem_reg[14]/Q
                         net (fo=86, routed)          1.402     6.945    uart_unit/rx_mem[14]
    SLICE_X36Y56         LUT2 (Prop_lut2_I1_O)        0.124     7.069 f  uart_unit/r_reg[19]_i_3/O
                         net (fo=913, routed)         4.651    11.720    sine_unit/reset
    SLICE_X55Y43         FDCE                                         f  sine_unit/step_Re_reg[23]_replica_1/CLR
  -------------------------------------------------------------------    -------------------

                         (clock sys_clk_pin rise edge)
                                                     10.000    10.000 r  
    W5                                                0.000    10.000 r  CLK (IN)
                         net (fo=0)                   0.000    10.000    CLK
    W5                   IBUF (Prop_ibuf_I_O)         1.388    11.388 r  CLK_IBUF_inst/O
                         net (fo=1, routed)           1.862    13.250    CLK_IBUF
    BUFGCTRL_X0Y0        BUFG (Prop_bufg_I_O)         0.091    13.341 r  CLK_IBUF_BUFG_inst/O
                         net (fo=2164, routed)        1.452    14.793    sine_unit/CLK_IBUF_BUFG
    SLICE_X55Y43         FDCE                                         r  sine_unit/step_Re_reg[23]_replica_1/C
                         clock pessimism              0.188    14.981    
                         clock uncertainty           -0.035    14.946    
    SLICE_X55Y43         FDCE (Recov_fdce_C_CLR)     -0.405    14.541    sine_unit/step_Re_reg[23]_replica_1
  -------------------------------------------------------------------
                         required time                         14.541    
                         arrival time                         -11.720    
  -------------------------------------------------------------------
                         slack                                  2.821    

Slack (MET) :             2.854ns  (required time - arrival time)
  Source:                 uart_unit/rx_mem_reg[14]/C
                            (rising edge-triggered cell FDCE clocked by sys_clk_pin  {rise@0.000ns fall@5.000ns period=10.000ns})
  Destination:            sine_unit/curr_Re_reg[28]_replica_1/CLR
                            (recovery check against rising-edge clock sys_clk_pin  {rise@0.000ns fall@5.000ns period=10.000ns})
  Path Group:             **async_default**
  Path Type:              Recovery (Max at Slow Process Corner)
  Requirement:            10.000ns  (sys_clk_pin rise@10.000ns - sys_clk_pin rise@0.000ns)
  Data Path Delay:        6.580ns  (logic 0.580ns (8.814%)  route 6.000ns (91.186%))
  Logic Levels:           1  (LUT2=1)
  Clock Path Skew:        -0.126ns (DCD - SCD + CPR)
    Destination Clock Delay (DCD):    4.782ns = ( 14.782 - 10.000 ) 
    Source Clock Delay      (SCD):    5.087ns
    Clock Pessimism Removal (CPR):    0.180ns
  Clock Uncertainty:      0.035ns  ((TSJ^2 + TIJ^2)^1/2 + DJ) / 2 + PE
    Total System Jitter     (TSJ):    0.071ns
    Total Input Jitter      (TIJ):    0.000ns
    Discrete Jitter          (DJ):    0.000ns
    Phase Error              (PE):    0.000ns

    Location             Delay type                Incr(ns)  Path(ns)    Netlist Resource(s)
  -------------------------------------------------------------------    -------------------
                         (clock sys_clk_pin rise edge)
                                                      0.000     0.000 r  
    W5                                                0.000     0.000 r  CLK (IN)
                         net (fo=0)                   0.000     0.000    CLK
    W5                   IBUF (Prop_ibuf_I_O)         1.458     1.458 r  CLK_IBUF_inst/O
                         net (fo=1, routed)           1.967     3.425    CLK_IBUF
    BUFGCTRL_X0Y0        BUFG (Prop_bufg_I_O)         0.096     3.521 r  CLK_IBUF_BUFG_inst/O
                         net (fo=2164, routed)        1.566     5.087    uart_unit/CLK_IBUF_BUFG
    SLICE_X32Y48         FDCE                                         r  uart_unit/rx_mem_reg[14]/C
  -------------------------------------------------------------------    -------------------
    SLICE_X32Y48         FDCE (Prop_fdce_C_Q)         0.456     5.543 f  uart_unit/rx_mem_reg[14]/Q
                         net (fo=86, routed)          1.402     6.945    uart_unit/rx_mem[14]
    SLICE_X36Y56         LUT2 (Prop_lut2_I1_O)        0.124     7.069 f  uart_unit/r_reg[19]_i_3/O
                         net (fo=913, routed)         4.598    11.667    sine_unit/reset
    SLICE_X11Y53         FDCE                                         f  sine_unit/curr_Re_reg[28]_replica_1/CLR
  -------------------------------------------------------------------    -------------------

                         (clock sys_clk_pin rise edge)
                                                     10.000    10.000 r  
    W5                                                0.000    10.000 r  CLK (IN)
                         net (fo=0)                   0.000    10.000    CLK
    W5                   IBUF (Prop_ibuf_I_O)         1.388    11.388 r  CLK_IBUF_inst/O
                         net (fo=1, routed)           1.862    13.250    CLK_IBUF
    BUFGCTRL_X0Y0        BUFG (Prop_bufg_I_O)         0.091    13.341 r  CLK_IBUF_BUFG_inst/O
                         net (fo=2164, routed)        1.441    14.782    sine_unit/CLK_IBUF_BUFG
    SLICE_X11Y53         FDCE                                         r  sine_unit/curr_Re_reg[28]_replica_1/C
                         clock pessimism              0.180    14.962    
                         clock uncertainty           -0.035    14.926    
    SLICE_X11Y53         FDCE (Recov_fdce_C_CLR)     -0.405    14.521    sine_unit/curr_Re_reg[28]_replica_1
  -------------------------------------------------------------------
                         required time                         14.521    
                         arrival time                         -11.667    
  -------------------------------------------------------------------
                         slack                                  2.854    

Slack (MET) :             2.854ns  (required time - arrival time)
  Source:                 uart_unit/rx_mem_reg[14]/C
                            (rising edge-triggered cell FDCE clocked by sys_clk_pin  {rise@0.000ns fall@5.000ns period=10.000ns})
  Destination:            sine_unit/curr_Re_reg[29]_replica_1/CLR
                            (recovery check against rising-edge clock sys_clk_pin  {rise@0.000ns fall@5.000ns period=10.000ns})
  Path Group:             **async_default**
  Path Type:              Recovery (Max at Slow Process Corner)
  Requirement:            10.000ns  (sys_clk_pin rise@10.000ns - sys_clk_pin rise@0.000ns)
  Data Path Delay:        6.580ns  (logic 0.580ns (8.814%)  route 6.000ns (91.186%))
  Logic Levels:           1  (LUT2=1)
  Clock Path Skew:        -0.126ns (DCD - SCD + CPR)
    Destination Clock Delay (DCD):    4.782ns = ( 14.782 - 10.000 ) 
    Source Clock Delay      (SCD):    5.087ns
    Clock Pessimism Removal (CPR):    0.180ns
  Clock Uncertainty:      0.035ns  ((TSJ^2 + TIJ^2)^1/2 + DJ) / 2 + PE
    Total System Jitter     (TSJ):    0.071ns
    Total Input Jitter      (TIJ):    0.000ns
    Discrete Jitter          (DJ):    0.000ns
    Phase Error              (PE):    0.000ns

    Location             Delay type                Incr(ns)  Path(ns)    Netlist Resource(s)
  -------------------------------------------------------------------    -------------------
                         (clock sys_clk_pin rise edge)
                                                      0.000     0.000 r  
    W5                                                0.000     0.000 r  CLK (IN)
                         net (fo=0)                   0.000     0.000    CLK
    W5                   IBUF (Prop_ibuf_I_O)         1.458     1.458 r  CLK_IBUF_inst/O
                         net (fo=1, routed)           1.967     3.425    CLK_IBUF
    BUFGCTRL_X0Y0        BUFG (Prop_bufg_I_O)         0.096     3.521 r  CLK_IBUF_BUFG_inst/O
                         net (fo=2164, routed)        1.566     5.087    uart_unit/CLK_IBUF_BUFG
    SLICE_X32Y48         FDCE                                         r  uart_unit/rx_mem_reg[14]/C
  -------------------------------------------------------------------    -------------------
    SLICE_X32Y48         FDCE (Prop_fdce_C_Q)         0.456     5.543 f  uart_unit/rx_mem_reg[14]/Q
                         net (fo=86, routed)          1.402     6.945    uart_unit/rx_mem[14]
    SLICE_X36Y56         LUT2 (Prop_lut2_I1_O)        0.124     7.069 f  uart_unit/r_reg[19]_i_3/O
                         net (fo=913, routed)         4.598    11.667    sine_unit/reset
    SLICE_X11Y53         FDCE                                         f  sine_unit/curr_Re_reg[29]_replica_1/CLR
  -------------------------------------------------------------------    -------------------

                         (clock sys_clk_pin rise edge)
                                                     10.000    10.000 r  
    W5                                                0.000    10.000 r  CLK (IN)
                         net (fo=0)                   0.000    10.000    CLK
    W5                   IBUF (Prop_ibuf_I_O)         1.388    11.388 r  CLK_IBUF_inst/O
                         net (fo=1, routed)           1.862    13.250    CLK_IBUF
    BUFGCTRL_X0Y0        BUFG (Prop_bufg_I_O)         0.091    13.341 r  CLK_IBUF_BUFG_inst/O
                         net (fo=2164, routed)        1.441    14.782    sine_unit/CLK_IBUF_BUFG
    SLICE_X11Y53         FDCE                                         r  sine_unit/curr_Re_reg[29]_replica_1/C
                         clock pessimism              0.180    14.962    
                         clock uncertainty           -0.035    14.926    
    SLICE_X11Y53         FDCE (Recov_fdce_C_CLR)     -0.405    14.521    sine_unit/curr_Re_reg[29]_replica_1
  -------------------------------------------------------------------
                         required time                         14.521    
                         arrival time                         -11.667    
  -------------------------------------------------------------------
                         slack                                  2.854    

Slack (MET) :             2.854ns  (required time - arrival time)
  Source:                 uart_unit/rx_mem_reg[14]/C
                            (rising edge-triggered cell FDCE clocked by sys_clk_pin  {rise@0.000ns fall@5.000ns period=10.000ns})
  Destination:            sine_unit/curr_Re_reg[8]_replica_1/CLR
                            (recovery check against rising-edge clock sys_clk_pin  {rise@0.000ns fall@5.000ns period=10.000ns})
  Path Group:             **async_default**
  Path Type:              Recovery (Max at Slow Process Corner)
  Requirement:            10.000ns  (sys_clk_pin rise@10.000ns - sys_clk_pin rise@0.000ns)
  Data Path Delay:        6.580ns  (logic 0.580ns (8.814%)  route 6.000ns (91.186%))
  Logic Levels:           1  (LUT2=1)
  Clock Path Skew:        -0.126ns (DCD - SCD + CPR)
    Destination Clock Delay (DCD):    4.782ns = ( 14.782 - 10.000 ) 
    Source Clock Delay      (SCD):    5.087ns
    Clock Pessimism Removal (CPR):    0.180ns
  Clock Uncertainty:      0.035ns  ((TSJ^2 + TIJ^2)^1/2 + DJ) / 2 + PE
    Total System Jitter     (TSJ):    0.071ns
    Total Input Jitter      (TIJ):    0.000ns
    Discrete Jitter          (DJ):    0.000ns
    Phase Error              (PE):    0.000ns

    Location             Delay type                Incr(ns)  Path(ns)    Netlist Resource(s)
  -------------------------------------------------------------------    -------------------
                         (clock sys_clk_pin rise edge)
                                                      0.000     0.000 r  
    W5                                                0.000     0.000 r  CLK (IN)
                         net (fo=0)                   0.000     0.000    CLK
    W5                   IBUF (Prop_ibuf_I_O)         1.458     1.458 r  CLK_IBUF_inst/O
                         net (fo=1, routed)           1.967     3.425    CLK_IBUF
    BUFGCTRL_X0Y0        BUFG (Prop_bufg_I_O)         0.096     3.521 r  CLK_IBUF_BUFG_inst/O
                         net (fo=2164, routed)        1.566     5.087    uart_unit/CLK_IBUF_BUFG
    SLICE_X32Y48         FDCE                                         r  uart_unit/rx_mem_reg[14]/C
  -------------------------------------------------------------------    -------------------
    SLICE_X32Y48         FDCE (Prop_fdce_C_Q)         0.456     5.543 f  uart_unit/rx_mem_reg[14]/Q
                         net (fo=86, routed)          1.402     6.945    uart_unit/rx_mem[14]
    SLICE_X36Y56         LUT2 (Prop_lut2_I1_O)        0.124     7.069 f  uart_unit/r_reg[19]_i_3/O
                         net (fo=913, routed)         4.598    11.667    sine_unit/reset
    SLICE_X11Y53         FDCE                                         f  sine_unit/curr_Re_reg[8]_replica_1/CLR
  -------------------------------------------------------------------    -------------------

                         (clock sys_clk_pin rise edge)
                                                     10.000    10.000 r  
    W5                                                0.000    10.000 r  CLK (IN)
                         net (fo=0)                   0.000    10.000    CLK
    W5                   IBUF (Prop_ibuf_I_O)         1.388    11.388 r  CLK_IBUF_inst/O
                         net (fo=1, routed)           1.862    13.250    CLK_IBUF
    BUFGCTRL_X0Y0        BUFG (Prop_bufg_I_O)         0.091    13.341 r  CLK_IBUF_BUFG_inst/O
                         net (fo=2164, routed)        1.441    14.782    sine_unit/CLK_IBUF_BUFG
    SLICE_X11Y53         FDCE                                         r  sine_unit/curr_Re_reg[8]_replica_1/C
                         clock pessimism              0.180    14.962    
                         clock uncertainty           -0.035    14.926    
    SLICE_X11Y53         FDCE (Recov_fdce_C_CLR)     -0.405    14.521    sine_unit/curr_Re_reg[8]_replica_1
  -------------------------------------------------------------------
                         required time                         14.521    
                         arrival time                         -11.667    
  -------------------------------------------------------------------
                         slack                                  2.854    

Slack (MET) :             2.900ns  (required time - arrival time)
  Source:                 uart_unit/rx_mem_reg[14]/C
                            (rising edge-triggered cell FDCE clocked by sys_clk_pin  {rise@0.000ns fall@5.000ns period=10.000ns})
  Destination:            sine_unit/curr_Re_reg[30]_replica/PRE
                            (recovery check against rising-edge clock sys_clk_pin  {rise@0.000ns fall@5.000ns period=10.000ns})
  Path Group:             **async_default**
  Path Type:              Recovery (Max at Slow Process Corner)
  Requirement:            10.000ns  (sys_clk_pin rise@10.000ns - sys_clk_pin rise@0.000ns)
  Data Path Delay:        6.580ns  (logic 0.580ns (8.814%)  route 6.000ns (91.186%))
  Logic Levels:           1  (LUT2=1)
  Clock Path Skew:        -0.126ns (DCD - SCD + CPR)
    Destination Clock Delay (DCD):    4.782ns = ( 14.782 - 10.000 ) 
    Source Clock Delay      (SCD):    5.087ns
    Clock Pessimism Removal (CPR):    0.180ns
  Clock Uncertainty:      0.035ns  ((TSJ^2 + TIJ^2)^1/2 + DJ) / 2 + PE
    Total System Jitter     (TSJ):    0.071ns
    Total Input Jitter      (TIJ):    0.000ns
    Discrete Jitter          (DJ):    0.000ns
    Phase Error              (PE):    0.000ns

    Location             Delay type                Incr(ns)  Path(ns)    Netlist Resource(s)
  -------------------------------------------------------------------    -------------------
                         (clock sys_clk_pin rise edge)
                                                      0.000     0.000 r  
    W5                                                0.000     0.000 r  CLK (IN)
                         net (fo=0)                   0.000     0.000    CLK
    W5                   IBUF (Prop_ibuf_I_O)         1.458     1.458 r  CLK_IBUF_inst/O
                         net (fo=1, routed)           1.967     3.425    CLK_IBUF
    BUFGCTRL_X0Y0        BUFG (Prop_bufg_I_O)         0.096     3.521 r  CLK_IBUF_BUFG_inst/O
                         net (fo=2164, routed)        1.566     5.087    uart_unit/CLK_IBUF_BUFG
    SLICE_X32Y48         FDCE                                         r  uart_unit/rx_mem_reg[14]/C
  -------------------------------------------------------------------    -------------------
    SLICE_X32Y48         FDCE (Prop_fdce_C_Q)         0.456     5.543 f  uart_unit/rx_mem_reg[14]/Q
                         net (fo=86, routed)          1.402     6.945    uart_unit/rx_mem[14]
    SLICE_X36Y56         LUT2 (Prop_lut2_I1_O)        0.124     7.069 f  uart_unit/r_reg[19]_i_3/O
                         net (fo=913, routed)         4.598    11.667    sine_unit/reset
    SLICE_X11Y53         FDPE                                         f  sine_unit/curr_Re_reg[30]_replica/PRE
  -------------------------------------------------------------------    -------------------

                         (clock sys_clk_pin rise edge)
                                                     10.000    10.000 r  
    W5                                                0.000    10.000 r  CLK (IN)
                         net (fo=0)                   0.000    10.000    CLK
    W5                   IBUF (Prop_ibuf_I_O)         1.388    11.388 r  CLK_IBUF_inst/O
                         net (fo=1, routed)           1.862    13.250    CLK_IBUF
    BUFGCTRL_X0Y0        BUFG (Prop_bufg_I_O)         0.091    13.341 r  CLK_IBUF_BUFG_inst/O
                         net (fo=2164, routed)        1.441    14.782    sine_unit/CLK_IBUF_BUFG
    SLICE_X11Y53         FDPE                                         r  sine_unit/curr_Re_reg[30]_replica/C
                         clock pessimism              0.180    14.962    
                         clock uncertainty           -0.035    14.926    
    SLICE_X11Y53         FDPE (Recov_fdpe_C_PRE)     -0.359    14.567    sine_unit/curr_Re_reg[30]_replica
  -------------------------------------------------------------------
                         required time                         14.567    
                         arrival time                         -11.667    
  -------------------------------------------------------------------
                         slack                                  2.900    

Slack (MET) :             2.943ns  (required time - arrival time)
  Source:                 uart_unit/rx_mem_reg[14]/C
                            (rising edge-triggered cell FDCE clocked by sys_clk_pin  {rise@0.000ns fall@5.000ns period=10.000ns})
  Destination:            sine_unit/step_Re_reg[19]/CLR
                            (recovery check against rising-edge clock sys_clk_pin  {rise@0.000ns fall@5.000ns period=10.000ns})
  Path Group:             **async_default**
  Path Type:              Recovery (Max at Slow Process Corner)
  Requirement:            10.000ns  (sys_clk_pin rise@10.000ns - sys_clk_pin rise@0.000ns)
  Data Path Delay:        6.510ns  (logic 0.580ns (8.910%)  route 5.930ns (91.090%))
  Logic Levels:           1  (LUT2=1)
  Clock Path Skew:        -0.107ns (DCD - SCD + CPR)
    Destination Clock Delay (DCD):    4.792ns = ( 14.792 - 10.000 ) 
    Source Clock Delay      (SCD):    5.087ns
    Clock Pessimism Removal (CPR):    0.188ns
  Clock Uncertainty:      0.035ns  ((TSJ^2 + TIJ^2)^1/2 + DJ) / 2 + PE
    Total System Jitter     (TSJ):    0.071ns
    Total Input Jitter      (TIJ):    0.000ns
    Discrete Jitter          (DJ):    0.000ns
    Phase Error              (PE):    0.000ns

    Location             Delay type                Incr(ns)  Path(ns)    Netlist Resource(s)
  -------------------------------------------------------------------    -------------------
                         (clock sys_clk_pin rise edge)
                                                      0.000     0.000 r  
    W5                                                0.000     0.000 r  CLK (IN)
                         net (fo=0)                   0.000     0.000    CLK
    W5                   IBUF (Prop_ibuf_I_O)         1.458     1.458 r  CLK_IBUF_inst/O
                         net (fo=1, routed)           1.967     3.425    CLK_IBUF
    BUFGCTRL_X0Y0        BUFG (Prop_bufg_I_O)         0.096     3.521 r  CLK_IBUF_BUFG_inst/O
                         net (fo=2164, routed)        1.566     5.087    uart_unit/CLK_IBUF_BUFG
    SLICE_X32Y48         FDCE                                         r  uart_unit/rx_mem_reg[14]/C
  -------------------------------------------------------------------    -------------------
    SLICE_X32Y48         FDCE (Prop_fdce_C_Q)         0.456     5.543 f  uart_unit/rx_mem_reg[14]/Q
                         net (fo=86, routed)          1.402     6.945    uart_unit/rx_mem[14]
    SLICE_X36Y56         LUT2 (Prop_lut2_I1_O)        0.124     7.069 f  uart_unit/r_reg[19]_i_3/O
                         net (fo=913, routed)         4.528    11.597    sine_unit/reset
    SLICE_X55Y42         FDCE                                         f  sine_unit/step_Re_reg[19]/CLR
  -------------------------------------------------------------------    -------------------

                         (clock sys_clk_pin rise edge)
                                                     10.000    10.000 r  
    W5                                                0.000    10.000 r  CLK (IN)
                         net (fo=0)                   0.000    10.000    CLK
    W5                   IBUF (Prop_ibuf_I_O)         1.388    11.388 r  CLK_IBUF_inst/O
                         net (fo=1, routed)           1.862    13.250    CLK_IBUF
    BUFGCTRL_X0Y0        BUFG (Prop_bufg_I_O)         0.091    13.341 r  CLK_IBUF_BUFG_inst/O
                         net (fo=2164, routed)        1.451    14.792    sine_unit/CLK_IBUF_BUFG
    SLICE_X55Y42         FDCE                                         r  sine_unit/step_Re_reg[19]/C
                         clock pessimism              0.188    14.980    
                         clock uncertainty           -0.035    14.945    
    SLICE_X55Y42         FDCE (Recov_fdce_C_CLR)     -0.405    14.540    sine_unit/step_Re_reg[19]
  -------------------------------------------------------------------
                         required time                         14.540    
                         arrival time                         -11.597    
  -------------------------------------------------------------------
                         slack                                  2.943    

Slack (MET) :             2.963ns  (required time - arrival time)
  Source:                 uart_unit/rx_mem_reg[14]/C
                            (rising edge-triggered cell FDCE clocked by sys_clk_pin  {rise@0.000ns fall@5.000ns period=10.000ns})
  Destination:            sine_unit/curr_Re_reg[20]_replica_1/CLR
                            (recovery check against rising-edge clock sys_clk_pin  {rise@0.000ns fall@5.000ns period=10.000ns})
  Path Group:             **async_default**
  Path Type:              Recovery (Max at Slow Process Corner)
  Requirement:            10.000ns  (sys_clk_pin rise@10.000ns - sys_clk_pin rise@0.000ns)
  Data Path Delay:        6.471ns  (logic 0.580ns (8.963%)  route 5.891ns (91.037%))
  Logic Levels:           1  (LUT2=1)
  Clock Path Skew:        -0.126ns (DCD - SCD + CPR)
    Destination Clock Delay (DCD):    4.782ns = ( 14.782 - 10.000 ) 
    Source Clock Delay      (SCD):    5.087ns
    Clock Pessimism Removal (CPR):    0.180ns
  Clock Uncertainty:      0.035ns  ((TSJ^2 + TIJ^2)^1/2 + DJ) / 2 + PE
    Total System Jitter     (TSJ):    0.071ns
    Total Input Jitter      (TIJ):    0.000ns
    Discrete Jitter          (DJ):    0.000ns
    Phase Error              (PE):    0.000ns

    Location             Delay type                Incr(ns)  Path(ns)    Netlist Resource(s)
  -------------------------------------------------------------------    -------------------
                         (clock sys_clk_pin rise edge)
                                                      0.000     0.000 r  
    W5                                                0.000     0.000 r  CLK (IN)
                         net (fo=0)                   0.000     0.000    CLK
    W5                   IBUF (Prop_ibuf_I_O)         1.458     1.458 r  CLK_IBUF_inst/O
                         net (fo=1, routed)           1.967     3.425    CLK_IBUF
    BUFGCTRL_X0Y0        BUFG (Prop_bufg_I_O)         0.096     3.521 r  CLK_IBUF_BUFG_inst/O
                         net (fo=2164, routed)        1.566     5.087    uart_unit/CLK_IBUF_BUFG
    SLICE_X32Y48         FDCE                                         r  uart_unit/rx_mem_reg[14]/C
  -------------------------------------------------------------------    -------------------
    SLICE_X32Y48         FDCE (Prop_fdce_C_Q)         0.456     5.543 f  uart_unit/rx_mem_reg[14]/Q
                         net (fo=86, routed)          1.402     6.945    uart_unit/rx_mem[14]
    SLICE_X36Y56         LUT2 (Prop_lut2_I1_O)        0.124     7.069 f  uart_unit/r_reg[19]_i_3/O
                         net (fo=913, routed)         4.489    11.558    sine_unit/reset
    SLICE_X13Y51         FDCE                                         f  sine_unit/curr_Re_reg[20]_replica_1/CLR
  -------------------------------------------------------------------    -------------------

                         (clock sys_clk_pin rise edge)
                                                     10.000    10.000 r  
    W5                                                0.000    10.000 r  CLK (IN)
                         net (fo=0)                   0.000    10.000    CLK
    W5                   IBUF (Prop_ibuf_I_O)         1.388    11.388 r  CLK_IBUF_inst/O
                         net (fo=1, routed)           1.862    13.250    CLK_IBUF
    BUFGCTRL_X0Y0        BUFG (Prop_bufg_I_O)         0.091    13.341 r  CLK_IBUF_BUFG_inst/O
                         net (fo=2164, routed)        1.441    14.782    sine_unit/CLK_IBUF_BUFG
    SLICE_X13Y51         FDCE                                         r  sine_unit/curr_Re_reg[20]_replica_1/C
                         clock pessimism              0.180    14.962    
                         clock uncertainty           -0.035    14.926    
    SLICE_X13Y51         FDCE (Recov_fdce_C_CLR)     -0.405    14.521    sine_unit/curr_Re_reg[20]_replica_1
  -------------------------------------------------------------------
                         required time                         14.521    
                         arrival time                         -11.558    
  -------------------------------------------------------------------
                         slack                                  2.963    





Min Delay Paths
--------------------------------------------------------------------------------------
Slack (MET) :             0.422ns  (arrival time - required time)
  Source:                 uart_unit/rx_mem_reg[185]/C
                            (rising edge-triggered cell FDCE clocked by sys_clk_pin  {rise@0.000ns fall@5.000ns period=10.000ns})
  Destination:            tri_unit/r_reg_reg[5]_P/PRE
                            (removal check against rising-edge clock sys_clk_pin  {rise@0.000ns fall@5.000ns period=10.000ns})
  Path Group:             **async_default**
  Path Type:              Removal (Min at Fast Process Corner)
  Requirement:            0.000ns  (sys_clk_pin rise@0.000ns - sys_clk_pin rise@0.000ns)
  Data Path Delay:        0.620ns  (logic 0.186ns (30.012%)  route 0.434ns (69.988%))
  Logic Levels:           1  (LUT3=1)
  Clock Path Skew:        0.269ns (DCD - SCD - CPR)
    Destination Clock Delay (DCD):    1.960ns
    Source Clock Delay      (SCD):    1.447ns
    Clock Pessimism Removal (CPR):    0.244ns

    Location             Delay type                Incr(ns)  Path(ns)    Netlist Resource(s)
  -------------------------------------------------------------------    -------------------
                         (clock sys_clk_pin rise edge)
                                                      0.000     0.000 r  
    W5                                                0.000     0.000 r  CLK (IN)
                         net (fo=0)                   0.000     0.000    CLK
    W5                   IBUF (Prop_ibuf_I_O)         0.226     0.226 r  CLK_IBUF_inst/O
                         net (fo=1, routed)           0.631     0.858    CLK_IBUF
    BUFGCTRL_X0Y0        BUFG (Prop_bufg_I_O)         0.026     0.884 r  CLK_IBUF_BUFG_inst/O
                         net (fo=2164, routed)        0.564     1.447    uart_unit/CLK_IBUF_BUFG
    SLICE_X37Y48         FDCE                                         r  uart_unit/rx_mem_reg[185]/C
  -------------------------------------------------------------------    -------------------
    SLICE_X37Y48         FDCE (Prop_fdce_C_Q)         0.141     1.588 f  uart_unit/rx_mem_reg[185]/Q
                         net (fo=9, routed)           0.241     1.829    uart_unit/rx_mem_reg[255]_0[97]
    SLICE_X46Y48         LUT3 (Prop_lut3_I2_O)        0.045     1.874 f  uart_unit/r_reg_reg[5]_LDC_i_1/O
                         net (fo=2, routed)           0.193     2.067    tri_unit/r_reg_reg[5]_P_0
    SLICE_X46Y50         FDPE                                         f  tri_unit/r_reg_reg[5]_P/PRE
  -------------------------------------------------------------------    -------------------

                         (clock sys_clk_pin rise edge)
                                                      0.000     0.000 r  
    W5                                                0.000     0.000 r  CLK (IN)
                         net (fo=0)                   0.000     0.000    CLK
    W5                   IBUF (Prop_ibuf_I_O)         0.414     0.414 r  CLK_IBUF_inst/O
                         net (fo=1, routed)           0.685     1.099    CLK_IBUF
    BUFGCTRL_X0Y0        BUFG (Prop_bufg_I_O)         0.029     1.128 r  CLK_IBUF_BUFG_inst/O
                         net (fo=2164, routed)        0.833     1.960    tri_unit/CLK_IBUF_BUFG
    SLICE_X46Y50         FDPE                                         r  tri_unit/r_reg_reg[5]_P/C
                         clock pessimism             -0.244     1.716    
    SLICE_X46Y50         FDPE (Remov_fdpe_C_PRE)     -0.071     1.645    tri_unit/r_reg_reg[5]_P
  -------------------------------------------------------------------
                         required time                         -1.645    
                         arrival time                           2.067    
  -------------------------------------------------------------------
                         slack                                  0.422    

Slack (MET) :             0.502ns  (arrival time - required time)
  Source:                 uart_unit/rx_mem_reg[186]/C
                            (rising edge-triggered cell FDCE clocked by sys_clk_pin  {rise@0.000ns fall@5.000ns period=10.000ns})
  Destination:            tri_unit/r_reg_reg[6]_P/PRE
                            (removal check against rising-edge clock sys_clk_pin  {rise@0.000ns fall@5.000ns period=10.000ns})
  Path Group:             **async_default**
  Path Type:              Removal (Min at Fast Process Corner)
  Requirement:            0.000ns  (sys_clk_pin rise@0.000ns - sys_clk_pin rise@0.000ns)
  Data Path Delay:        0.674ns  (logic 0.209ns (31.001%)  route 0.465ns (68.999%))
  Logic Levels:           1  (LUT3=1)
  Clock Path Skew:        0.267ns (DCD - SCD - CPR)
    Destination Clock Delay (DCD):    1.958ns
    Source Clock Delay      (SCD):    1.447ns
    Clock Pessimism Removal (CPR):    0.244ns

    Location             Delay type                Incr(ns)  Path(ns)    Netlist Resource(s)
  -------------------------------------------------------------------    -------------------
                         (clock sys_clk_pin rise edge)
                                                      0.000     0.000 r  
    W5                                                0.000     0.000 r  CLK (IN)
                         net (fo=0)                   0.000     0.000    CLK
    W5                   IBUF (Prop_ibuf_I_O)         0.226     0.226 r  CLK_IBUF_inst/O
                         net (fo=1, routed)           0.631     0.858    CLK_IBUF
    BUFGCTRL_X0Y0        BUFG (Prop_bufg_I_O)         0.026     0.884 r  CLK_IBUF_BUFG_inst/O
                         net (fo=2164, routed)        0.564     1.447    uart_unit/CLK_IBUF_BUFG
    SLICE_X38Y48         FDCE                                         r  uart_unit/rx_mem_reg[186]/C
  -------------------------------------------------------------------    -------------------
    SLICE_X38Y48         FDCE (Prop_fdce_C_Q)         0.164     1.611 f  uart_unit/rx_mem_reg[186]/Q
                         net (fo=9, routed)           0.243     1.854    uart_unit/rx_mem_reg[255]_0[98]
    SLICE_X38Y50         LUT3 (Prop_lut3_I2_O)        0.045     1.899 f  uart_unit/r_reg_reg[6]_LDC_i_1/O
                         net (fo=2, routed)           0.222     2.121    tri_unit/r_reg_reg[6]_P_0
    SLICE_X39Y50         FDPE                                         f  tri_unit/r_reg_reg[6]_P/PRE
  -------------------------------------------------------------------    -------------------

                         (clock sys_clk_pin rise edge)
                                                      0.000     0.000 r  
    W5                                                0.000     0.000 r  CLK (IN)
                         net (fo=0)                   0.000     0.000    CLK
    W5                   IBUF (Prop_ibuf_I_O)         0.414     0.414 r  CLK_IBUF_inst/O
                         net (fo=1, routed)           0.685     1.099    CLK_IBUF
    BUFGCTRL_X0Y0        BUFG (Prop_bufg_I_O)         0.029     1.128 r  CLK_IBUF_BUFG_inst/O
                         net (fo=2164, routed)        0.830     1.958    tri_unit/CLK_IBUF_BUFG
    SLICE_X39Y50         FDPE                                         r  tri_unit/r_reg_reg[6]_P/C
                         clock pessimism             -0.244     1.714    
    SLICE_X39Y50         FDPE (Remov_fdpe_C_PRE)     -0.095     1.619    tri_unit/r_reg_reg[6]_P
  -------------------------------------------------------------------
                         required time                         -1.619    
                         arrival time                           2.121    
  -------------------------------------------------------------------
                         slack                                  0.502    

Slack (MET) :             0.517ns  (arrival time - required time)
  Source:                 uart_unit/rx_mem_reg[186]/C
                            (rising edge-triggered cell FDCE clocked by sys_clk_pin  {rise@0.000ns fall@5.000ns period=10.000ns})
  Destination:            tri_unit/r_reg_reg[6]_C/CLR
                            (removal check against rising-edge clock sys_clk_pin  {rise@0.000ns fall@5.000ns period=10.000ns})
  Path Group:             **async_default**
  Path Type:              Removal (Min at Fast Process Corner)
  Requirement:            0.000ns  (sys_clk_pin rise@0.000ns - sys_clk_pin rise@0.000ns)
  Data Path Delay:        0.643ns  (logic 0.211ns (32.792%)  route 0.432ns (67.208%))
  Logic Levels:           1  (LUT3=1)
  Clock Path Skew:        0.267ns (DCD - SCD - CPR)
    Destination Clock Delay (DCD):    1.958ns
    Source Clock Delay      (SCD):    1.447ns
    Clock Pessimism Removal (CPR):    0.244ns

    Location             Delay type                Incr(ns)  Path(ns)    Netlist Resource(s)
  -------------------------------------------------------------------    -------------------
                         (clock sys_clk_pin rise edge)
                                                      0.000     0.000 r  
    W5                                                0.000     0.000 r  CLK (IN)
                         net (fo=0)                   0.000     0.000    CLK
    W5                   IBUF (Prop_ibuf_I_O)         0.226     0.226 r  CLK_IBUF_inst/O
                         net (fo=1, routed)           0.631     0.858    CLK_IBUF
    BUFGCTRL_X0Y0        BUFG (Prop_bufg_I_O)         0.026     0.884 r  CLK_IBUF_BUFG_inst/O
                         net (fo=2164, routed)        0.564     1.447    uart_unit/CLK_IBUF_BUFG
    SLICE_X38Y48         FDCE                                         r  uart_unit/rx_mem_reg[186]/C
  -------------------------------------------------------------------    -------------------
    SLICE_X38Y48         FDCE (Prop_fdce_C_Q)         0.164     1.611 r  uart_unit/rx_mem_reg[186]/Q
                         net (fo=9, routed)           0.243     1.854    uart_unit/rx_mem_reg[255]_0[98]
    SLICE_X38Y50         LUT3 (Prop_lut3_I2_O)        0.047     1.901 f  uart_unit/r_reg_reg[6]_LDC_i_2/O
                         net (fo=2, routed)           0.189     2.091    tri_unit/r_reg_reg[6]_C_0
    SLICE_X38Y50         FDCE                                         f  tri_unit/r_reg_reg[6]_C/CLR
  -------------------------------------------------------------------    -------------------

                         (clock sys_clk_pin rise edge)
                                                      0.000     0.000 r  
    W5                                                0.000     0.000 r  CLK (IN)
                         net (fo=0)                   0.000     0.000    CLK
    W5                   IBUF (Prop_ibuf_I_O)         0.414     0.414 r  CLK_IBUF_inst/O
                         net (fo=1, routed)           0.685     1.099    CLK_IBUF
    BUFGCTRL_X0Y0        BUFG (Prop_bufg_I_O)         0.029     1.128 r  CLK_IBUF_BUFG_inst/O
                         net (fo=2164, routed)        0.830     1.958    tri_unit/CLK_IBUF_BUFG
    SLICE_X38Y50         FDCE                                         r  tri_unit/r_reg_reg[6]_C/C
                         clock pessimism             -0.244     1.714    
    SLICE_X38Y50         FDCE (Remov_fdce_C_CLR)     -0.140     1.574    tri_unit/r_reg_reg[6]_C
  -------------------------------------------------------------------
                         required time                         -1.574    
                         arrival time                           2.091    
  -------------------------------------------------------------------
                         slack                                  0.517    

Slack (MET) :             0.531ns  (arrival time - required time)
  Source:                 uart_unit/rx_mem_reg[176]/C
                            (rising edge-triggered cell FDCE clocked by sys_clk_pin  {rise@0.000ns fall@5.000ns period=10.000ns})
  Destination:            tri_unit/r_reg_reg[12]_P/PRE
                            (removal check against rising-edge clock sys_clk_pin  {rise@0.000ns fall@5.000ns period=10.000ns})
  Path Group:             **async_default**
  Path Type:              Removal (Min at Fast Process Corner)
  Requirement:            0.000ns  (sys_clk_pin rise@0.000ns - sys_clk_pin rise@0.000ns)
  Data Path Delay:        0.704ns  (logic 0.186ns (26.410%)  route 0.518ns (73.590%))
  Logic Levels:           1  (LUT3=1)
  Clock Path Skew:        0.268ns (DCD - SCD - CPR)
    Destination Clock Delay (DCD):    1.959ns
    Source Clock Delay      (SCD):    1.447ns
    Clock Pessimism Removal (CPR):    0.244ns

    Location             Delay type                Incr(ns)  Path(ns)    Netlist Resource(s)
  -------------------------------------------------------------------    -------------------
                         (clock sys_clk_pin rise edge)
                                                      0.000     0.000 r  
    W5                                                0.000     0.000 r  CLK (IN)
                         net (fo=0)                   0.000     0.000    CLK
    W5                   IBUF (Prop_ibuf_I_O)         0.226     0.226 r  CLK_IBUF_inst/O
                         net (fo=1, routed)           0.631     0.858    CLK_IBUF
    BUFGCTRL_X0Y0        BUFG (Prop_bufg_I_O)         0.026     0.884 r  CLK_IBUF_BUFG_inst/O
                         net (fo=2164, routed)        0.564     1.447    uart_unit/CLK_IBUF_BUFG
    SLICE_X39Y48         FDCE                                         r  uart_unit/rx_mem_reg[176]/C
  -------------------------------------------------------------------    -------------------
    SLICE_X39Y48         FDCE (Prop_fdce_C_Q)         0.141     1.588 f  uart_unit/rx_mem_reg[176]/Q
                         net (fo=9, routed)           0.323     1.911    uart_unit/rx_mem_reg[255]_0[88]
    SLICE_X40Y54         LUT3 (Prop_lut3_I2_O)        0.045     1.956 f  uart_unit/r_reg_reg[12]_LDC_i_1/O
                         net (fo=2, routed)           0.196     2.151    tri_unit/r_reg_reg[12]_P_0
    SLICE_X40Y52         FDPE                                         f  tri_unit/r_reg_reg[12]_P/PRE
  -------------------------------------------------------------------    -------------------

                         (clock sys_clk_pin rise edge)
                                                      0.000     0.000 r  
    W5                                                0.000     0.000 r  CLK (IN)
                         net (fo=0)                   0.000     0.000    CLK
    W5                   IBUF (Prop_ibuf_I_O)         0.414     0.414 r  CLK_IBUF_inst/O
                         net (fo=1, routed)           0.685     1.099    CLK_IBUF
    BUFGCTRL_X0Y0        BUFG (Prop_bufg_I_O)         0.029     1.128 r  CLK_IBUF_BUFG_inst/O
                         net (fo=2164, routed)        0.832     1.959    tri_unit/CLK_IBUF_BUFG
    SLICE_X40Y52         FDPE                                         r  tri_unit/r_reg_reg[12]_P/C
                         clock pessimism             -0.244     1.715    
    SLICE_X40Y52         FDPE (Remov_fdpe_C_PRE)     -0.095     1.620    tri_unit/r_reg_reg[12]_P
  -------------------------------------------------------------------
                         required time                         -1.620    
                         arrival time                           2.151    
  -------------------------------------------------------------------
                         slack                                  0.531    

Slack (MET) :             0.571ns  (arrival time - required time)
  Source:                 uart_unit/rx_mem_reg[183]/C
                            (rising edge-triggered cell FDCE clocked by sys_clk_pin  {rise@0.000ns fall@5.000ns period=10.000ns})
  Destination:            tri_unit/r_reg_reg[11]_P/PRE
                            (removal check against rising-edge clock sys_clk_pin  {rise@0.000ns fall@5.000ns period=10.000ns})
  Path Group:             **async_default**
  Path Type:              Removal (Min at Fast Process Corner)
  Requirement:            0.000ns  (sys_clk_pin rise@0.000ns - sys_clk_pin rise@0.000ns)
  Data Path Delay:        0.769ns  (logic 0.186ns (24.187%)  route 0.583ns (75.813%))
  Logic Levels:           1  (LUT3=1)
  Clock Path Skew:        0.269ns (DCD - SCD - CPR)
    Destination Clock Delay (DCD):    1.960ns
    Source Clock Delay      (SCD):    1.447ns
    Clock Pessimism Removal (CPR):    0.244ns

    Location             Delay type                Incr(ns)  Path(ns)    Netlist Resource(s)
  -------------------------------------------------------------------    -------------------
                         (clock sys_clk_pin rise edge)
                                                      0.000     0.000 r  
    W5                                                0.000     0.000 r  CLK (IN)
                         net (fo=0)                   0.000     0.000    CLK
    W5                   IBUF (Prop_ibuf_I_O)         0.226     0.226 r  CLK_IBUF_inst/O
                         net (fo=1, routed)           0.631     0.858    CLK_IBUF
    BUFGCTRL_X0Y0        BUFG (Prop_bufg_I_O)         0.026     0.884 r  CLK_IBUF_BUFG_inst/O
                         net (fo=2164, routed)        0.564     1.447    uart_unit/CLK_IBUF_BUFG
    SLICE_X40Y47         FDCE                                         r  uart_unit/rx_mem_reg[183]/C
  -------------------------------------------------------------------    -------------------
    SLICE_X40Y47         FDCE (Prop_fdce_C_Q)         0.141     1.588 f  uart_unit/rx_mem_reg[183]/Q
                         net (fo=9, routed)           0.385     1.973    uart_unit/rx_mem_reg[255]_0[95]
    SLICE_X47Y50         LUT3 (Prop_lut3_I2_O)        0.045     2.018 f  uart_unit/r_reg_reg[11]_LDC_i_1/O
                         net (fo=2, routed)           0.198     2.216    tri_unit/r_reg_reg[11]_P_0
    SLICE_X46Y51         FDPE                                         f  tri_unit/r_reg_reg[11]_P/PRE
  -------------------------------------------------------------------    -------------------

                         (clock sys_clk_pin rise edge)
                                                      0.000     0.000 r  
    W5                                                0.000     0.000 r  CLK (IN)
                         net (fo=0)                   0.000     0.000    CLK
    W5                   IBUF (Prop_ibuf_I_O)         0.414     0.414 r  CLK_IBUF_inst/O
                         net (fo=1, routed)           0.685     1.099    CLK_IBUF
    BUFGCTRL_X0Y0        BUFG (Prop_bufg_I_O)         0.029     1.128 r  CLK_IBUF_BUFG_inst/O
                         net (fo=2164, routed)        0.833     1.960    tri_unit/CLK_IBUF_BUFG
    SLICE_X46Y51         FDPE                                         r  tri_unit/r_reg_reg[11]_P/C
                         clock pessimism             -0.244     1.716    
    SLICE_X46Y51         FDPE (Remov_fdpe_C_PRE)     -0.071     1.645    tri_unit/r_reg_reg[11]_P
  -------------------------------------------------------------------
                         required time                         -1.645    
                         arrival time                           2.216    
  -------------------------------------------------------------------
                         slack                                  0.571    

Slack (MET) :             0.587ns  (arrival time - required time)
  Source:                 uart_unit/rx_mem_reg[182]/C
                            (rising edge-triggered cell FDCE clocked by sys_clk_pin  {rise@0.000ns fall@5.000ns period=10.000ns})
  Destination:            tri_unit/r_reg_reg[10]_P/PRE
                            (removal check against rising-edge clock sys_clk_pin  {rise@0.000ns fall@5.000ns period=10.000ns})
  Path Group:             **async_default**
  Path Type:              Removal (Min at Fast Process Corner)
  Requirement:            0.000ns  (sys_clk_pin rise@0.000ns - sys_clk_pin rise@0.000ns)
  Data Path Delay:        0.784ns  (logic 0.209ns (26.648%)  route 0.575ns (73.352%))
  Logic Levels:           1  (LUT3=1)
  Clock Path Skew:        0.268ns (DCD - SCD - CPR)
    Destination Clock Delay (DCD):    1.959ns
    Source Clock Delay      (SCD):    1.447ns
    Clock Pessimism Removal (CPR):    0.244ns

    Location             Delay type                Incr(ns)  Path(ns)    Netlist Resource(s)
  -------------------------------------------------------------------    -------------------
                         (clock sys_clk_pin rise edge)
                                                      0.000     0.000 r  
    W5                                                0.000     0.000 r  CLK (IN)
                         net (fo=0)                   0.000     0.000    CLK
    W5                   IBUF (Prop_ibuf_I_O)         0.226     0.226 r  CLK_IBUF_inst/O
                         net (fo=1, routed)           0.631     0.858    CLK_IBUF
    BUFGCTRL_X0Y0        BUFG (Prop_bufg_I_O)         0.026     0.884 r  CLK_IBUF_BUFG_inst/O
                         net (fo=2164, routed)        0.564     1.447    uart_unit/CLK_IBUF_BUFG
    SLICE_X38Y48         FDCE                                         r  uart_unit/rx_mem_reg[182]/C
  -------------------------------------------------------------------    -------------------
    SLICE_X38Y48         FDCE (Prop_fdce_C_Q)         0.164     1.611 f  uart_unit/rx_mem_reg[182]/Q
                         net (fo=9, routed)           0.377     1.988    uart_unit/rx_mem_reg[255]_0[94]
    SLICE_X47Y53         LUT3 (Prop_lut3_I2_O)        0.045     2.033 f  uart_unit/r_reg_reg[10]_LDC_i_1/O
                         net (fo=2, routed)           0.198     2.231    tri_unit/r_reg_reg[10]_P_0
    SLICE_X46Y54         FDPE                                         f  tri_unit/r_reg_reg[10]_P/PRE
  -------------------------------------------------------------------    -------------------

                         (clock sys_clk_pin rise edge)
                                                      0.000     0.000 r  
    W5                                                0.000     0.000 r  CLK (IN)
                         net (fo=0)                   0.000     0.000    CLK
    W5                   IBUF (Prop_ibuf_I_O)         0.414     0.414 r  CLK_IBUF_inst/O
                         net (fo=1, routed)           0.685     1.099    CLK_IBUF
    BUFGCTRL_X0Y0        BUFG (Prop_bufg_I_O)         0.029     1.128 r  CLK_IBUF_BUFG_inst/O
                         net (fo=2164, routed)        0.831     1.959    tri_unit/CLK_IBUF_BUFG
    SLICE_X46Y54         FDPE                                         r  tri_unit/r_reg_reg[10]_P/C
                         clock pessimism             -0.244     1.715    
    SLICE_X46Y54         FDPE (Remov_fdpe_C_PRE)     -0.071     1.644    tri_unit/r_reg_reg[10]_P
  -------------------------------------------------------------------
                         required time                         -1.644    
                         arrival time                           2.231    
  -------------------------------------------------------------------
                         slack                                  0.587    

Slack (MET) :             0.600ns  (arrival time - required time)
  Source:                 uart_unit/rx_mem_reg[183]/C
                            (rising edge-triggered cell FDCE clocked by sys_clk_pin  {rise@0.000ns fall@5.000ns period=10.000ns})
  Destination:            tri_unit/r_reg_reg[11]_C/CLR
                            (removal check against rising-edge clock sys_clk_pin  {rise@0.000ns fall@5.000ns period=10.000ns})
  Path Group:             **async_default**
  Path Type:              Removal (Min at Fast Process Corner)
  Requirement:            0.000ns  (sys_clk_pin rise@0.000ns - sys_clk_pin rise@0.000ns)
  Data Path Delay:        0.710ns  (logic 0.186ns (26.215%)  route 0.524ns (73.785%))
  Logic Levels:           1  (LUT3=1)
  Clock Path Skew:        0.269ns (DCD - SCD - CPR)
    Destination Clock Delay (DCD):    1.960ns
    Source Clock Delay      (SCD):    1.447ns
    Clock Pessimism Removal (CPR):    0.244ns

    Location             Delay type                Incr(ns)  Path(ns)    Netlist Resource(s)
  -------------------------------------------------------------------    -------------------
                         (clock sys_clk_pin rise edge)
                                                      0.000     0.000 r  
    W5                                                0.000     0.000 r  CLK (IN)
                         net (fo=0)                   0.000     0.000    CLK
    W5                   IBUF (Prop_ibuf_I_O)         0.226     0.226 r  CLK_IBUF_inst/O
                         net (fo=1, routed)           0.631     0.858    CLK_IBUF
    BUFGCTRL_X0Y0        BUFG (Prop_bufg_I_O)         0.026     0.884 r  CLK_IBUF_BUFG_inst/O
                         net (fo=2164, routed)        0.564     1.447    uart_unit/CLK_IBUF_BUFG
    SLICE_X40Y47         FDCE                                         r  uart_unit/rx_mem_reg[183]/C
  -------------------------------------------------------------------    -------------------
    SLICE_X40Y47         FDCE (Prop_fdce_C_Q)         0.141     1.588 r  uart_unit/rx_mem_reg[183]/Q
                         net (fo=9, routed)           0.385     1.973    uart_unit/rx_mem_reg[255]_0[95]
    SLICE_X47Y50         LUT3 (Prop_lut3_I2_O)        0.045     2.018 f  uart_unit/r_reg_reg[11]_LDC_i_2/O
                         net (fo=2, routed)           0.139     2.157    tri_unit/r_reg_reg[11]_C_0
    SLICE_X47Y50         FDCE                                         f  tri_unit/r_reg_reg[11]_C/CLR
  -------------------------------------------------------------------    -------------------

                         (clock sys_clk_pin rise edge)
                                                      0.000     0.000 r  
    W5                                                0.000     0.000 r  CLK (IN)
                         net (fo=0)                   0.000     0.000    CLK
    W5                   IBUF (Prop_ibuf_I_O)         0.414     0.414 r  CLK_IBUF_inst/O
                         net (fo=1, routed)           0.685     1.099    CLK_IBUF
    BUFGCTRL_X0Y0        BUFG (Prop_bufg_I_O)         0.029     1.128 r  CLK_IBUF_BUFG_inst/O
                         net (fo=2164, routed)        0.833     1.960    tri_unit/CLK_IBUF_BUFG
    SLICE_X47Y50         FDCE                                         r  tri_unit/r_reg_reg[11]_C/C
                         clock pessimism             -0.244     1.716    
    SLICE_X47Y50         FDCE (Remov_fdce_C_CLR)     -0.159     1.557    tri_unit/r_reg_reg[11]_C
  -------------------------------------------------------------------
                         required time                         -1.557    
                         arrival time                           2.157    
  -------------------------------------------------------------------
                         slack                                  0.600    

Slack (MET) :             0.608ns  (arrival time - required time)
  Source:                 uart_unit/rx_mem_reg[177]/C
                            (rising edge-triggered cell FDCE clocked by sys_clk_pin  {rise@0.000ns fall@5.000ns period=10.000ns})
  Destination:            tri_unit/r_reg_reg[13]_P/PRE
                            (removal check against rising-edge clock sys_clk_pin  {rise@0.000ns fall@5.000ns period=10.000ns})
  Path Group:             **async_default**
  Path Type:              Removal (Min at Fast Process Corner)
  Requirement:            0.000ns  (sys_clk_pin rise@0.000ns - sys_clk_pin rise@0.000ns)
  Data Path Delay:        0.782ns  (logic 0.186ns (23.777%)  route 0.596ns (76.223%))
  Logic Levels:           1  (LUT3=1)
  Clock Path Skew:        0.269ns (DCD - SCD - CPR)
    Destination Clock Delay (DCD):    1.959ns
    Source Clock Delay      (SCD):    1.446ns
    Clock Pessimism Removal (CPR):    0.244ns

    Location             Delay type                Incr(ns)  Path(ns)    Netlist Resource(s)
  -------------------------------------------------------------------    -------------------
                         (clock sys_clk_pin rise edge)
                                                      0.000     0.000 r  
    W5                                                0.000     0.000 r  CLK (IN)
                         net (fo=0)                   0.000     0.000    CLK
    W5                   IBUF (Prop_ibuf_I_O)         0.226     0.226 r  CLK_IBUF_inst/O
                         net (fo=1, routed)           0.631     0.858    CLK_IBUF
    BUFGCTRL_X0Y0        BUFG (Prop_bufg_I_O)         0.026     0.884 r  CLK_IBUF_BUFG_inst/O
                         net (fo=2164, routed)        0.563     1.446    uart_unit/CLK_IBUF_BUFG
    SLICE_X41Y46         FDCE                                         r  uart_unit/rx_mem_reg[177]/C
  -------------------------------------------------------------------    -------------------
    SLICE_X41Y46         FDCE (Prop_fdce_C_Q)         0.141     1.587 f  uart_unit/rx_mem_reg[177]/Q
                         net (fo=9, routed)           0.379     1.966    uart_unit/rx_mem_reg[255]_0[89]
    SLICE_X44Y54         LUT3 (Prop_lut3_I2_O)        0.045     2.011 f  uart_unit/r_reg_reg[13]_LDC_i_1/O
                         net (fo=2, routed)           0.218     2.228    tri_unit/r_reg_reg[13]_P_0
    SLICE_X44Y56         FDPE                                         f  tri_unit/r_reg_reg[13]_P/PRE
  -------------------------------------------------------------------    -------------------

                         (clock sys_clk_pin rise edge)
                                                      0.000     0.000 r  
    W5                                                0.000     0.000 r  CLK (IN)
                         net (fo=0)                   0.000     0.000    CLK
    W5                   IBUF (Prop_ibuf_I_O)         0.414     0.414 r  CLK_IBUF_inst/O
                         net (fo=1, routed)           0.685     1.099    CLK_IBUF
    BUFGCTRL_X0Y0        BUFG (Prop_bufg_I_O)         0.029     1.128 r  CLK_IBUF_BUFG_inst/O
                         net (fo=2164, routed)        0.831     1.959    tri_unit/CLK_IBUF_BUFG
    SLICE_X44Y56         FDPE                                         r  tri_unit/r_reg_reg[13]_P/C
                         clock pessimism             -0.244     1.715    
    SLICE_X44Y56         FDPE (Remov_fdpe_C_PRE)     -0.095     1.620    tri_unit/r_reg_reg[13]_P
  -------------------------------------------------------------------
                         required time                         -1.620    
                         arrival time                           2.228    
  -------------------------------------------------------------------
                         slack                                  0.608    

Slack (MET) :             0.615ns  (arrival time - required time)
  Source:                 uart_unit/rx_mem_reg[176]/C
                            (rising edge-triggered cell FDCE clocked by sys_clk_pin  {rise@0.000ns fall@5.000ns period=10.000ns})
  Destination:            tri_unit/r_reg_reg[12]_C/CLR
                            (removal check against rising-edge clock sys_clk_pin  {rise@0.000ns fall@5.000ns period=10.000ns})
  Path Group:             **async_default**
  Path Type:              Removal (Min at Fast Process Corner)
  Requirement:            0.000ns  (sys_clk_pin rise@0.000ns - sys_clk_pin rise@0.000ns)
  Data Path Delay:        0.723ns  (logic 0.190ns (26.272%)  route 0.533ns (73.728%))
  Logic Levels:           1  (LUT3=1)
  Clock Path Skew:        0.267ns (DCD - SCD - CPR)
    Destination Clock Delay (DCD):    1.958ns
    Source Clock Delay      (SCD):    1.447ns
    Clock Pessimism Removal (CPR):    0.244ns

    Location             Delay type                Incr(ns)  Path(ns)    Netlist Resource(s)
  -------------------------------------------------------------------    -------------------
                         (clock sys_clk_pin rise edge)
                                                      0.000     0.000 r  
    W5                                                0.000     0.000 r  CLK (IN)
                         net (fo=0)                   0.000     0.000    CLK
    W5                   IBUF (Prop_ibuf_I_O)         0.226     0.226 r  CLK_IBUF_inst/O
                         net (fo=1, routed)           0.631     0.858    CLK_IBUF
    BUFGCTRL_X0Y0        BUFG (Prop_bufg_I_O)         0.026     0.884 r  CLK_IBUF_BUFG_inst/O
                         net (fo=2164, routed)        0.564     1.447    uart_unit/CLK_IBUF_BUFG
    SLICE_X39Y48         FDCE                                         r  uart_unit/rx_mem_reg[176]/C
  -------------------------------------------------------------------    -------------------
    SLICE_X39Y48         FDCE (Prop_fdce_C_Q)         0.141     1.588 r  uart_unit/rx_mem_reg[176]/Q
                         net (fo=9, routed)           0.323     1.911    uart_unit/rx_mem_reg[255]_0[88]
    SLICE_X40Y54         LUT3 (Prop_lut3_I2_O)        0.049     1.960 f  uart_unit/r_reg_reg[12]_LDC_i_2/O
                         net (fo=2, routed)           0.211     2.170    tri_unit/r_reg_reg[12]_C_0
    SLICE_X40Y54         FDCE                                         f  tri_unit/r_reg_reg[12]_C/CLR
  -------------------------------------------------------------------    -------------------

                         (clock sys_clk_pin rise edge)
                                                      0.000     0.000 r  
    W5                                                0.000     0.000 r  CLK (IN)
                         net (fo=0)                   0.000     0.000    CLK
    W5                   IBUF (Prop_ibuf_I_O)         0.414     0.414 r  CLK_IBUF_inst/O
                         net (fo=1, routed)           0.685     1.099    CLK_IBUF
    BUFGCTRL_X0Y0        BUFG (Prop_bufg_I_O)         0.029     1.128 r  CLK_IBUF_BUFG_inst/O
                         net (fo=2164, routed)        0.831     1.958    tri_unit/CLK_IBUF_BUFG
    SLICE_X40Y54         FDCE                                         r  tri_unit/r_reg_reg[12]_C/C
                         clock pessimism             -0.244     1.714    
    SLICE_X40Y54         FDCE (Remov_fdce_C_CLR)     -0.159     1.555    tri_unit/r_reg_reg[12]_C
  -------------------------------------------------------------------
                         required time                         -1.555    
                         arrival time                           2.170    
  -------------------------------------------------------------------
                         slack                                  0.615    

Slack (MET) :             0.626ns  (arrival time - required time)
  Source:                 uart_unit/rx_mem_reg[14]/C
                            (rising edge-triggered cell FDCE clocked by sys_clk_pin  {rise@0.000ns fall@5.000ns period=10.000ns})
  Destination:            tri_unit/r_reg_reg[8]_C/CLR
                            (removal check against rising-edge clock sys_clk_pin  {rise@0.000ns fall@5.000ns period=10.000ns})
  Path Group:             **async_default**
  Path Type:              Removal (Min at Fast Process Corner)
  Requirement:            0.000ns  (sys_clk_pin rise@0.000ns - sys_clk_pin rise@0.000ns)
  Data Path Delay:        0.763ns  (logic 0.187ns (24.515%)  route 0.576ns (75.485%))
  Logic Levels:           1  (LUT3=1)
  Clock Path Skew:        0.266ns (DCD - SCD - CPR)
    Destination Clock Delay (DCD):    1.962ns
    Source Clock Delay      (SCD):    1.447ns
    Clock Pessimism Removal (CPR):    0.249ns

    Location             Delay type                Incr(ns)  Path(ns)    Netlist Resource(s)
  -------------------------------------------------------------------    -------------------
                         (clock sys_clk_pin rise edge)
                                                      0.000     0.000 r  
    W5                                                0.000     0.000 r  CLK (IN)
                         net (fo=0)                   0.000     0.000    CLK
    W5                   IBUF (Prop_ibuf_I_O)         0.226     0.226 r  CLK_IBUF_inst/O
                         net (fo=1, routed)           0.631     0.858    CLK_IBUF
    BUFGCTRL_X0Y0        BUFG (Prop_bufg_I_O)         0.026     0.884 r  CLK_IBUF_BUFG_inst/O
                         net (fo=2164, routed)        0.564     1.447    uart_unit/CLK_IBUF_BUFG
    SLICE_X32Y48         FDCE                                         r  uart_unit/rx_mem_reg[14]/C
  -------------------------------------------------------------------    -------------------
    SLICE_X32Y48         FDCE (Prop_fdce_C_Q)         0.141     1.588 f  uart_unit/rx_mem_reg[14]/Q
                         net (fo=86, routed)          0.397     1.985    uart_unit/rx_mem[14]
    SLICE_X45Y48         LUT3 (Prop_lut3_I1_O)        0.046     2.031 f  uart_unit/r_reg_reg[8]_LDC_i_2/O
                         net (fo=2, routed)           0.179     2.210    tri_unit/r_reg_reg[8]_C_0
    SLICE_X46Y48         FDCE                                         f  tri_unit/r_reg_reg[8]_C/CLR
  -------------------------------------------------------------------    -------------------

                         (clock sys_clk_pin rise edge)
                                                      0.000     0.000 r  
    W5                                                0.000     0.000 r  CLK (IN)
                         net (fo=0)                   0.000     0.000    CLK
    W5                   IBUF (Prop_ibuf_I_O)         0.414     0.414 r  CLK_IBUF_inst/O
                         net (fo=1, routed)           0.685     1.099    CLK_IBUF
    BUFGCTRL_X0Y0        BUFG (Prop_bufg_I_O)         0.029     1.128 r  CLK_IBUF_BUFG_inst/O
                         net (fo=2164, routed)        0.835     1.962    tri_unit/CLK_IBUF_BUFG
    SLICE_X46Y48         FDCE                                         r  tri_unit/r_reg_reg[8]_C/C
                         clock pessimism             -0.249     1.713    
    SLICE_X46Y48         FDCE (Remov_fdce_C_CLR)     -0.129     1.584    tri_unit/r_reg_reg[8]_C
  -------------------------------------------------------------------
                         required time                         -1.584    
                         arrival time                           2.210    
  -------------------------------------------------------------------
                         slack                                  0.626    





